"ref_align"	"read_align"	"count_yll077"	"count_yll078"	"count_yll079"	"count_yll080"
"ATGCTCTGGC-TTCCGGCTGG"	"ATGCTCTGGCATTCCGGCTGG"	3915671	1268191	773587	1317115
"ATGCTCTGGCTTCCGGCTGG"	"ATGCTCTGGCTTCCGGCTGG"	625732	413157	192067	289488
"ATGCTCTGGCTTCCGGCTGG"	"ATGCTCT-------GGCTGG"	88750	572437	318609	521553
"ATGCTCTGGC--TTCCGGCTGG"	"ATGCTCTGGCCATTCCGGCTGG"	61947	48655	21475	48751
"ATGCTCTGGCTTCCGGCTGG"	"ATGCT-----------CTGG"	12535	42862	28435	46659
"ATGCTCTGGC--TTCCGGCTGG"	"ATGCTCTGGCTATTCCGGCTGG"	14188	20783	12421	14175
"ATGCTCTGGCTTCCGGCTGG"	"ATGCTCTGG---CCGGCTGG"	10224	24732	8564	24564
"ATGCTCTGGC--TTCCGGCTGG"	"ATGCTCTGGCAATTCCGGCTGG"	21293	44862	7610	12790
"ATGCTCTGGC--TTCCGGCTGG"	"ATGCTCTGGCTTTTCCGGCTGG"	7295	12054	9549	11218
"ATGCTCTGGCTTCCGGCTGG"	"ATGC-------TCCGGCTGG"	7137	44767	28311	65576
"ATGCTCTGGCTTCCGGCTGG"	"ATGCTCTGG-TTCCGGCTGG"	9235	11263	5680	11674
"ATGCTCTGGCTTCCGGCTGG"	"ATGCTCTGG----CGGCTGG"	4991	22773	7013	14053
"ATGCTCTGGC-TTCCGGCTGG"	"ATGCTCTGGCCTTCCGGCTGG"	6743	9713	5229	4642
"ATGCTCTGGC---TTCCGGCTGG"	"ATGCTCTGGCTTTTTCCGGCTGG"	6491	8568	4429	10493
"ATGCTCTGGCTTCCGGCTGG"	"AT-------------GCTGG"	4177	93469	45647	91241
"ATGCTCTGGCTTCCGGCTGG"	"ATGCTCTGGC--CCGGCTGG"	4747	11189	3675	6687
"ATGCTCTGGC---TTCCGGCTGG"	"ATGCTCTGGCAAATTCCGGCTGG"	10752	10138	3583	9857
"ATGCTCTGGC-TTCCGGCTGG"	"ATGCTCTGGCTTTCCGGCTGG"	25841	19195	3574	16796
"ATGCTCTGGC----TTCCGGCTGG"	"ATGCTCTGGCAAAATTCCGGCTGG"	3006	12565	2282	5799
"ATGCTCTGGC-TTCCGGCTGG"	"ATGCTCTGGCGTTCCGGCTGG"	3887	9287	4030	1993
"ATGCTCTGGCTTCCGGCTGG"	"ATGC-----------GCTGG"	1938	4086	2352	6789
"ATGCTCTGGCTTCCGGCTGG"	"ATGCTCT--------GCTGG"	1891	20260	12209	16920
"ATGCTCTGGCTTCCGGCTGG"	"A----------TCCGGCTGG"	1788	4968	3824	9314
"ATGCTCTGGCTTCCGGCTGG"	"ATGCTCTGGC------CTGG"	3830	10644	1676	3603
"ATGCTCTGGCTTCCGGCTGG"	"ATGCTCTGGC-TCCGGCTGG"	1649	9121	5488	2951
"ATGCTCTGGCTTCCGGCTGG"	"A----------------TGG"	1436	24822	3204	4210
"ATGCTCTGGCTTCCGGCTGG"	"ATGCTCTGGC-----GCTGG"	1370	2064	5273	2037
"ATGCTCTGGCTTCCGGCTGG"	"ATGCTCTG------GGCTGG"	1234	12994	9753	29396
"ATGCTCTGGC---TTCCGGCTGG"	"ATGCTCTGGCTTATTCCGGCTGG"	6270	8642	1195	1727
"ATGCTCTGGC--TTCCGGCTGG"	"ATGCTCTGGCCCTTCCGGCTGG"	9763	10629	1043	4223
"ATGCTCTGGC---TTCCGGCTGG"	"ATGCTCTGGCCCATTCCGGCTGG"	4017	1022	3384	1258
"ATGCTCTGGCTTCCGGCTGG"	"ATGCTCTG----CCGGCTGG"	1018	7851	1555	4518
"ATGCTCTGGCTTCCGGCTGG"	"ATGCTCTGGC--------GG"	1237	3790	920	1455
"ATGCTCTGGCTTCCGGCTGG"	"ATGCTCTG----------GG"	3209	9265	919	11327
"ATGCTCTGGCTTCCGGCTGG"	"ATG-------TTCCGGCTGG"	899	8725	3455	6011
"ATGCTCTGGCTTCCGGCTGG"	"ATGCTC----TTCCGGCTGG"	857	9140	3216	15284
"ATGCTCTGGCTTCCGGCTGG"	"ATGCTCT------CGGCTGG"	3563	1610	634	5775
"ATGCTCTGGC----TTCCGGCTGG"	"ATGCTCTGGCCCCATTCCGGCTGG"	1975	1674	608	4933
"ATGCTCTGGC--TTCCGGCTGG"	"ATGCTCTGGCGGTTCCGGCTGG"	563	4406	1181	4379
"ATGCTCTGGC--TTCCGGCTGG"	"ATGCTCTGGCGATTCCGGCTGG"	1495	3779	223	1236
"ATGCTCTGGCTTCCGGCTGG"	"ATG---------CCGGCTGG"	221	12932	1772	9830
"ATGCTCTGGCTTCCGGCTGG"	"ATGCTCTG--TTCCGGCTGG"	4157	127	2111	1657
"ATGCTCTGGCTTCCGGCTGG"	"ATGCTCTG---TCCGGCTGG"	1707	1215	191	95
"ATGCTCTGGC--TTCCGGCTGG"	"ATGCTCTGGCTGTTCCGGCTGG"	3394	114	578	81
"ATGCTCTGGC--TTCCGGCTGG"	"ATGCTCTGGCCGTTCCGGCTGG"	136	111	51	111
"ATGCTCTGGCTTCCGGCTGG"	"ATGCTCTG-----CGGCTGG"	1545	4256	39	2019
"ATGCTCTGGC----TTCCGGCTGG"	"ATGCTCTGGCTTTTTTCCGGCTGG"	2442	2890	38	1806
"ATGCTCTGGCTTCCGGCTGG"	"ATGCT-----TTCCGGCTGG"	37	6765	3000	11379
"ATGCTCTGGCTTCCGGCTGG"	"ATGCTC-----TCCGGCTGG"	28	33016	14394	15708
"ATGCTCTGGC--TTCCGGCTGG"	"ATGCTCTGGCAGTTCCGGCTGG"	50	2517	25	27
"ATGCTCTGGCTTCCGGCTGG"	"ATGCTCT---TTCCGGCTGG"	1800	742	17	1959
"ATGCTCTGGCTTCCGGCTGG"	"ATGCTCTGGC---------G"	16	12226	3327	8240
"ATGCTCTGGC---TTCCGGCTGG"	"ATGCTCTGGCAGATTCCGGCTGG"	36	32	16	24
"ATGCTCTGGC--TTCCGGCTGG"	"ATGCTCTGGCATTTCCGGCTGG"	33	6197	1142	15
"ATGCTCTGGCTTCCGGCTGG"	"ATGC--------CCGGCTGG"	2100	158	14	108
"ATGCTCTGGCTTCCGGCTGG"	"ATGCT---------GGCTGG"	22	14	2413	5628
"ATGCTCTGGC--TTCCGGCTGG"	"ATGCTCTGGCCTTTCCGGCTGG"	35	616	14	34
"ATGCTCTGGC---TTCCGGCTGG"	"ATGCTCTGGCTGTTTCCGGCTGG"	26	33	13	27
"ATGCTCTGGCTTCCGGCTGG"	"A-------------GGCTGG"	11	5080	1515	6860
"ATGCTCTGGCTTCCGGCTGG"	"ATG----------CGGCTGG"	11	17663	2261	6854
"ATGCTCTGGCTTCCGGCTGG"	"ATGCT--------CGGCTGG"	11	10617	6898	5466
"ATGCTCTGGCTTCCGGCTGG"	"ATGCTCTGG--TCCGGCTGG"	2138	2306	11	854
"ATGCTCTGGCTTCCGGCTGG"	"ATGCTCTGG-----GGCTGG"	10	9506	1663	5235
"ATGCTCTGGC---TTCCGGCTGG"	"ATGCTCTGGCTAATTCCGGCTGG"	10	1939	1284	20
"ATGCTCTGGCTTCCGGCTGG"	"ATGCTCT----------TGG"	9	25	1865	16
"ATGCTCTGGCTTCCGGCTGG"	"ATGCTCTGG---------GG"	18	2319	9	1095
"ATGCTCTGGC------TTCCGGCTGG"	"ATGCTCTGGCCAAGCATTCCGGCTGG"	2332	183	2156	9
"ATGCTCTGGC---TTCCGGCTGG"	"ATGCTCTGGCCCCTTCCGGCTGG"	419	9720	9	5099
"ATGCTCTGGC---TTCCGGCTGG"	"ATGCTCTGGCTGATTCCGGCTGG"	4028	3090	11	9
"ATGCTCTGGCTTCCGGCTGG"	"A---------TTCCGGCTGG"	8	5386	6434	2151
"ATGCTCTGGCTTCCGGCTGG"	"AT--------------CTGG"	604	8	1240	13
"ATGCTCTGGCTTCCGGCTGG"	"AT------------GGCTGG"	8	5487	12186	14290
"ATGCTCTGGCTTCCGGCTGG"	"ATGCTCTGG--------TGG"	88	8	5015	1570
"ATGCTCTGGC--TTCCGGCTGG"	"ATGCTCTGGCGTTTCCGGCTGG"	8	13	9	21
"ATGCTCTGGCTTCCGGCTGG"	"ATGCTC-------------G"	7	112	63	131
"ATGCTCTGGC----TTCCGGCTGG"	"ATGCTCTGGCAACATTCCGGCTGG"	7	18	7	7
"ATGCTCTGGC---TTCCGGCTGG"	"ATGCTCTGGCATATTCCGGCTGG"	9	4551	1754	7
"ATGCTCTGGCTTCCGGCTGG"	"ATGCTC--------------"	5	3259	1048	7262
"ATGCTCTGGCTTCCGGCTGG"	"ATGCTC------CCGGCTGG"	5	1500	5	5607
"ATGCTCTGGC---TTCCGGCTGG"	"ATGCTCTGGCATTTTCCGGCTGG"	6	1367	7	5
"ATGCTCTGGC---TTCCGGCTGG"	"ATGCTCTGGCAATTTCCGGCTGG"	8	14	4	16
"ATGCTCTGGC---TTCCGGCTGG"	"ATGCTCTGGCACATTCCGGCTGG"	2261	2373	4	600
"ATGCTCTGGC---TTCCGGCTGG"	"ATGCTCTGGCTCATTCCGGCTGG"	8	1174	4	2271
"ATGCTCTGGC---TTCCGGCTGG"	"ATGCTCTGGCTTGTTCCGGCTGG"	4	1582	4	6
"ATGCTCTGGCTTCCGGCTGG"	"ATG-----------GGCTGG"	3	6	9	10
"ATGCTCTGGCTTCCGGCTGG"	"ATGC----------------"	3	4487	1311	47
"ATGCTCTGGCTTCCGGCTGG"	"ATGCTCTGGC----------"	1267	276	3	8
"ATGCTCTGGC----TTCCGGCTGG"	"ATGCTCTGGCAATATTCCGGCTGG"	8	1898	3	963
"ATGCTCTGGC---TTCCGGCTGG"	"ATGCTCTGGCCAATTCCGGCTGG"	3	1529	4	7
"ATGCTCTGGC---TTCCGGCTGG"	"ATGCTCTGGCGTTTTCCGGCTGG"	3	4	3	11
"ATGCTCTGGC---TTCCGGCTGG"	"ATGCTCTGGCTGGTTCCGGCTGG"	3	19	3	10
"ATGCTCTGGC----TTCCGGCTGG"	"ATGCTCTGGCTTTATTCCGGCTGG"	1709	6233	3	8678
"ATGCTCTGGCTTCCGGCTGG"	"----------------CTGG"	2	51	3	13
"ATGCTCTGGCTTCCGGCTGG"	"A-----------------GG"	2	4	3	1511
"ATGCTCTGGCTTCCGGCTGG"	"ATG--------TCCGGCTGG"	4	2	522	6
"ATGCTCTGGCTTCCGGCTGG"	"ATGCT----------GCTGG"	2	208	25	3155
"ATGCTCTGGCTTCCGGCTGG"	"ATGCTC---------GCTGG"	2	1608	12	14
"ATGCTCTGGCTTCCGGCTGG"	"ATGCTCT-------------"	2	2480	2	11
"ATGCTCTGGCTTCCGGCTGG"	"ATGCTCT---------CTGG"	2	2244	3835	12
"ATGCTCTGGC----TTCCGGCTGG"	"ATGCTCTGGCAAAGTTCCGGCTGG"	2	16	2	6
"ATGCTCTGGC----TTCCGGCTGG"	"ATGCTCTGGCAGAATTCCGGCTGG"	21	20	2	7
"ATGCTCTGGC----TTCCGGCTGG"	"ATGCTCTGGCATAATTCCGGCTGG"	4561	11	3	2
"ATGCTCTGGC---TTCCGGCTGG"	"ATGCTCTGGCGGGTTCCGGCTGG"	2	2580	503	6196
"ATGCTCTGGC---TTCCGGCTGG"	"ATGCTCTGGCTATTTCCGGCTGG"	4	1407	6	2
"ATGCTCTGGCTTCCGGCTGG"	"--------------------"	1	4	1	1
"ATGCTCTGGCTTCCGGCTGG"	"A--------------GCTGG"	1	1533	2544	4755
"ATGCTCTGGCTTCCGGCTGG"	"A-----------CCGGCTGG"	1	1925	3737	10540
"ATGCTCTGGCTTCCGGCTGG"	"AT--------TTCCGGCTGG"	1	230	842	2055
"ATGCTCTGGCTTCCGGCTGG"	"ATGC------------CTGG"	1	964	8	17
"ATGCTCTGGCTTCCGGCTGG"	"ATGC------TTCCGGCTGG"	1	5913	2407	6557
"ATGCTCTGGCTTCCGGCTGG"	"ATGCT------------TGG"	1	1265	3	2777
"ATGCTCTGGCTTCCGGCTGG"	"ATGCTC----------CTGG"	1	8	3	1311
"ATGCTCTGGCTTCCGGCTGG"	"ATGCTCT------------G"	1	14	4	12
"ATGCTCTGGCTTCCGGCTGG"	"ATGCTCTG---------TGG"	1	19	15	2098
"ATGCTCTGGC----TTCCGGCTGG"	"ATGCTCTGGCAAATTTCCGGCTGG"	1	9	2	4
"ATGCTCTGGC----TTCCGGCTGG"	"ATGCTCTGGCAAGATTCCGGCTGG"	2	15	1	3
"ATGCTCTGGC---TTCCGGCTGG"	"ATGCTCTGGCAAGTTCCGGCTGG"	6	10	1	8
"ATGCTCTGGC----TTCCGGCTGG"	"ATGCTCTGGCACAATTCCGGCTGG"	5	4	2	1
"ATGCTCTGGC---TTCCGGCTGG"	"ATGCTCTGGCCCTTTCCGGCTGG"	2	2	2	1
"ATGCTCTGGC---TTCCGGCTGG"	"ATGCTCTGGCCTATTCCGGCTGG"	6	9	2	1
"ATGCTCTGGC----TTCCGGCTGG"	"ATGCTCTGGCGAAATTCCGGCTGG"	1	2	1	2
"ATGCTCTGGC---TTCCGGCTGG"	"ATGCTCTGGCGAATTCCGGCTGG"	7	4	2	1
"ATGCTCTGGC--TTCCGGCTGG"	"ATGCTCTGGCGCTTCCGGCTGG"	9	9	1	2
"ATGCTCTGGC---TTCCGGCTGG"	"ATGCTCTGGCGTATTCCGGCTGG"	6	11	2	1
"ATGCTCTGGC----TTCCGGCTGG"	"ATGCTCTGGCTAAATTCCGGCTGG"	4	13	1	4
"ATGCTCTGGC----TTCCGGCTGG"	"ATGCTCTGGCTCCATTCCGGCTGG"	1	2	2	7
"ATGCTCTGGCTTCCGGCTGG"	"-------------------G"	0	0	727	1
"ATGCTCTGGCTTCCGGCTGG"	"---------------GCTGG"	0	1	93	6
"ATGCTCTGGCTTCCGGCTGG"	"------------CCGGCTGG"	0	0	8	1283
"ATGCTCTGGCTTCCGGCTGG"	"-----------TCCGGCTGG"	0	3	3	16
"ATGCTCTGGCTTCCGGCTGG"	"----------TTCCGGCTGG"	0	12	7	126
"ATGCTCTGGCTTCCGGCTGG"	"A-------------------"	0	0	1	0
"ATGCTCTGGCTTCCGGCTGG"	"A---------------CTGG"	0	0	2163	4048
"ATGCTCTGGCTTCCGGCTGG"	"A------------CGGCTGG"	0	6	2623	217
"ATGCTCTGGCTTCCGGCTGG"	"AT-----------------G"	0	0	0	3
"ATGCTCTGGCTTCCGGCTGG"	"AT---------------TGG"	0	0	3	1
"ATGCTCTGGCTTCCGGCTGG"	"AT-----------CGGCTGG"	0	2	6	2480
"ATGCTCTGGCTTCCGGCTGG"	"ATG--------------TGG"	1	0	1	2
"ATGCTCTGGCTTCCGGCTGG"	"ATGC--------------GG"	0	2	1716	5
"ATGCTCTGGCTTCCGGCTGG"	"ATGCT--------------G"	0	3	13	16
"ATGCTCTGGCTTCCGGCTGG"	"ATGCTC------------GG"	0	3	545	2379
"ATGCTCTGGC----------TTCCGGCTGG"	"ATGCTCTGGCAAAAAAAAAATTCCGGCTGG"	0	0	0	6
"ATGCTCTGGC---------TTCCGGCTGG"	"ATGCTCTGGCAAAAAAAAATTCCGGCTGG"	0	0	0	95
"ATGCTCTGGC--------TTCCGGCTGG"	"ATGCTCTGGCAAAAAAAATTCCGGCTGG"	0	0	0	69
"ATGCTCTGGC-------TTCCGGCTGG"	"ATGCTCTGGCAAAAAAATTCCGGCTGG"	0	0	489	34
"ATGCTCTGGC------TTCCGGCTGG"	"ATGCTCTGGCAAAAAATTCCGGCTGG"	0	0	0	6
"ATGCTCTGGC-----TTCCGGCTGG"	"ATGCTCTGGCAAAAATTCCGGCTGG"	1	4452	0	1
"ATGCTCTGGC-------TTCCGGCTGG"	"ATGCTCTGGCAAAACAATTCCGGCTGG"	0	0	2	0
"ATGCTCTGGC-------TTCCGGCTGG"	"ATGCTCTGGCAAAAGAATTCCGGCTGG"	0	0	1	0
"ATGCTCTGGC-----TTCCGGCTGG"	"ATGCTCTGGCAAAAGTTCCGGCTGG"	0	16	0	0
"ATGCTCTGGC-------TTCCGGCTGG"	"ATGCTCTGGCAAAATAATTCCGGCTGG"	0	0	1	0
"ATGCTCTGGC-------TTCCGGCTGG"	"ATGCTCTGGCAAACAAATTCCGGCTGG"	0	0	1	0
"ATGCTCTGGC-----TTCCGGCTGG"	"ATGCTCTGGCAAACATTCCGGCTGG"	0	549	0	0
"ATGCTCTGGC-----TTCCGGCTGG"	"ATGCTCTGGCAAACGTTCCGGCTGG"	0	1	0	0
"ATGCTCTGGC-----TTCCGGCTGG"	"ATGCTCTGGCAAAGATTCCGGCTGG"	0	1	0	0
"ATGCTCTGGC------TTCCGGCTGG"	"ATGCTCTGGCAAAGCATTCCGGCTGG"	3	1	2	0
"ATGCTCTGGC-----TTCCGGCTGG"	"ATGCTCTGGCAAATATTCCGGCTGG"	0	6	0	0
"ATGCTCTGGC-----TTCCGGCTGG"	"ATGCTCTGGCAAATGTTCCGGCTGG"	0	2	0	0
"ATGCTCTGGC-----TTCCGGCTGG"	"ATGCTCTGGCAACAATTCCGGCTGG"	0	6	0	0
"ATGCTCTGGC----------TTCCGGCTGG"	"ATGCTCTGGCAACCCAAGCATTCCGGCTGG"	0	2	0	0
"ATGCTCTGGC----------TTCCGGCTGG"	"ATGCTCTGGCAACCCAAGTATTCCGGCTGG"	1	0	0	0
"ATGCTCTGGC----TTCCGGCTGG"	"ATGCTCTGGCAACGTTCCGGCTGG"	0	1	0	0
"ATGCTCTGGC-----TTCCGGCTGG"	"ATGCTCTGGCAAGAATTCCGGCTGG"	0	0	0	1
"ATGCTCTGGC-----TTCCGGCTGG"	"ATGCTCTGGCAAGCATTCCGGCTGG"	0	1837	1	2395
"ATGCTCTGGC-----TTCCGGCTGG"	"ATGCTCTGGCAAGCGTTCCGGCTGG"	0	1	0	6
"ATGCTCTGGC-----TTCCGGCTGG"	"ATGCTCTGGCAAGGATTCCGGCTGG"	0	1	0	1
"ATGCTCTGGC-----TTCCGGCTGG"	"ATGCTCTGGCAATAATTCCGGCTGG"	0	11	0	0
"ATGCTCTGGC-----TTCCGGCTGG"	"ATGCTCTGGCAATCATTCCGGCTGG"	0	4	0	1
"ATGCTCTGGC----TTCCGGCTGG"	"ATGCTCTGGCAATGTTCCGGCTGG"	0	2	0	0
"ATGCTCTGGC----TTCCGGCTGG"	"ATGCTCTGGCAATTTTCCGGCTGG"	0	2	0	1
"ATGCTCTGGC-----TTCCGGCTGG"	"ATGCTCTGGCACAAATTCCGGCTGG"	0	2	0	0
"ATGCTCTGGC-------TTCCGGCTGG"	"ATGCTCTGGCACAAGCATTCCGGCTGG"	5	0	0	0
"ATGCTCTGGC-------TTCCGGCTGG"	"ATGCTCTGGCACAAGGGTTCCGGCTGG"	1	0	0	0
"ATGCTCTGGC-------TTCCGGCTGG"	"ATGCTCTGGCACACAAATTCCGGCTGG"	0	0	1	0
"ATGCTCTGGC-------TTCCGGCTGG"	"ATGCTCTGGCACACGCATTCCGGCTGG"	1	0	0	0
"ATGCTCTGGC-------------TTCCGGCTGG"	"ATGCTCTGGCACATAATCAAGAATTCCGGCTGG"	0	0	1	0
"ATGCTCTGGC-------------TTCCGGCTGG"	"ATGCTCTGGCACATACCAAAGCATTCCGGCTGG"	0	0	1	0
"ATGCTCTGGC--------------TTCCGGCTGG"	"ATGCTCTGGCACATACCCAAGCAATTCCGGCTGG"	0	0	1	0
"ATGCTCTGGC-------------TTCCGGCTGG"	"ATGCTCTGGCACATACCCAAGCATTCCGGCTGG"	1	0	1194	0
"ATGCTCTGGC-------------TTCCGGCTGG"	"ATGCTCTGGCACATACCCACGCATTCCGGCTGG"	0	0	1	0
"ATGCTCTGGC-------------TTCCGGCTGG"	"ATGCTCTGGCACATACCCAGGCATTCCGGCTGG"	0	0	1	0
"ATGCTCTGGC-------------TTCCGGCTGG"	"ATGCTCTGGCACATACCCATGCATTCCGGCTGG"	0	0	1	0
"ATGCTCTGGC-------------TTCCGGCTGG"	"ATGCTCTGGCACATACTCAAGCATTCCGGCTGG"	0	0	1	0
"ATGCTCTGGC-------------TTCCGGCTGG"	"ATGCTCTGGCACATGCCCAAGCATTCCGGCTGG"	0	0	1	0
"ATGCTCTGGC--------TTCCGGCTGG"	"ATGCTCTGGCACCAAGCATTCCGGCTGG"	0	1	0	0
"ATGCTCTGGC--------TTCCGGCTGG"	"ATGCTCTGGCACCAGGCATTCCGGCTGG"	0	1	0	0
"ATGCTCTGGC----TTCCGGCTGG"	"ATGCTCTGGCACCATTCCGGCTGG"	0	2	0	3
"ATGCTCTGGC-----TTCCGGCTGG"	"ATGCTCTGGCACGCATTCCGGCTGG"	0	0	0	3
"ATGCTCTGGC-------------TTCCGGCTGG"	"ATGCTCTGGCACGTACCCAAGCATTCCGGCTGG"	0	0	2	0
"ATGCTCTGGC---TTCCGGCTGG"	"ATGCTCTGGCACGTTCCGGCTGG"	1	2	0	1
"ATGCTCTGGC----TTCCGGCTGG"	"ATGCTCTGGCACTATTCCGGCTGG"	0	2	0	0
"ATGCTCTGGC--TTCCGGCTGG"	"ATGCTCTGGCACTTCCGGCTGG"	1	102	0	0
"ATGCTCTGGC---TTCCGGCTGG"	"ATGCTCTGGCACTTTCCGGCTGG"	0	3	0	0
"ATGCTCTGGC----TTCCGGCTGG"	"ATGCTCTGGCACTTTTCCGGCTGG"	0	0	0	1
"ATGCTCTGGC-------TTCCGGCTGG"	"ATGCTCTGGCAGAAAAATTCCGGCTGG"	0	0	1	0
"ATGCTCTGGC-----TTCCGGCTGG"	"ATGCTCTGGCAGAAATTCCGGCTGG"	0	6	0	0
"ATGCTCTGGC-----TTCCGGCTGG"	"ATGCTCTGGCAGACATTCCGGCTGG"	0	1	0	0
"ATGCTCTGGC----TTCCGGCTGG"	"ATGCTCTGGCAGAGTTCCGGCTGG"	0	2	1	0
"ATGCTCTGGC-----TTCCGGCTGG"	"ATGCTCTGGCAGATATTCCGGCTGG"	0	0	0	5
"ATGCTCTGGC----TTCCGGCTGG"	"ATGCTCTGGCAGCATTCCGGCTGG"	0	2	0	0
"ATGCTCTGGC----TTCCGGCTGG"	"ATGCTCTGGCAGGATTCCGGCTGG"	0	0	0	1323
"ATGCTCTGGC-----TTCCGGCTGG"	"ATGCTCTGGCAGGCATTCCGGCTGG"	0	5	0	3
"ATGCTCTGGC-----TTCCGGCTGG"	"ATGCTCTGGCAGGCGTTCCGGCTGG"	0	1	0	0
"ATGCTCTGGC-----TTCCGGCTGG"	"ATGCTCTGGCAGGGGTTCCGGCTGG"	0	1	0	0
"ATGCTCTGGC----TTCCGGCTGG"	"ATGCTCTGGCAGGGTTCCGGCTGG"	0	0	0	1
"ATGCTCTGGC---TTCCGGCTGG"	"ATGCTCTGGCAGGTTCCGGCTGG"	0	1	1	4
"ATGCTCTGGC----TTCCGGCTGG"	"ATGCTCTGGCAGTATTCCGGCTGG"	2	5	0	4
"ATGCTCTGGC-----TTCCGGCTGG"	"ATGCTCTGGCAGTCATTCCGGCTGG"	0	2	0	0
"ATGCTCTGGC---------TTCCGGCTGG"	"ATGCTCTGGCAGTGGAGGGTTCCGGCTGG"	0	0	0	3
"ATGCTCTGGC---TTCCGGCTGG"	"ATGCTCTGGCAGTTTCCGGCTGG"	0	4	1	0
"ATGCTCTGGC----TTCCGGCTGG"	"ATGCTCTGGCAGTTTTCCGGCTGG"	0	0	0	3
"ATGCTCTGGC----TTCCGGCTGG"	"ATGCTCTGGCANTATTCCGGCTGG"	0	1	0	0
"ATGCTCTGGC--TTCCGGCTGG"	"ATGCTCTGGCANTTCCGGCTGG"	2	3	0	0
"ATGCTCTGGC-----TTCCGGCTGG"	"ATGCTCTGGCATAAATTCCGGCTGG"	0	1	0	0
"ATGCTCTGGC-----TTCCGGCTGG"	"ATGCTCTGGCATAAGTTCCGGCTGG"	0	1	0	0
"ATGCTCTGGC-----TTCCGGCTGG"	"ATGCTCTGGCATAGATTCCGGCTGG"	0	0	0	1
"ATGCTCTGGC-------------TTCCGGCTGG"	"ATGCTCTGGCATATATCCAAGCATTCCGGCTGG"	0	0	1	0
"ATGCTCTGGC-----TTCCGGCTGG"	"ATGCTCTGGCATATATTCCGGCTGG"	0	0	0	1033
"ATGCTCTGGC-----TTCCGGCTGG"	"ATGCTCTGGCATATGTTCCGGCTGG"	0	0	0	3
"ATGCTCTGGC----TTCCGGCTGG"	"ATGCTCTGGCATATTTCCGGCTGG"	9	0	0	0
"ATGCTCTGGC----TTCCGGCTGG"	"ATGCTCTGGCATCATTCCGGCTGG"	1	0	0	0
"ATGCTCTGGC-----TTCCGGCTGG"	"ATGCTCTGGCATCTATTCCGGCTGG"	0	0	0	1
"ATGCTCTGGC----TTCCGGCTGG"	"ATGCTCTGGCATCTTTCCGGCTGG"	0	0	0	1
"ATGCTCTGGC----TTCCGGCTGG"	"ATGCTCTGGCATGATTCCGGCTGG"	0	0	0	1
"ATGCTCTGGC-----TTCCGGCTGG"	"ATGCTCTGGCATGCATTCCGGCTGG"	0	1	0	1
"ATGCTCTGGC-----TTCCGGCTGG"	"ATGCTCTGGCATGTATTCCGGCTGG"	0	0	0	1
"ATGCTCTGGC---TTCCGGCTGG"	"ATGCTCTGGCATGTTCCGGCTGG"	0	4	1	0
"ATGCTCTGGC----TTCCGGCTGG"	"ATGCTCTGGCATGTTTCCGGCTGG"	0	0	0	1
"ATGCTCTGGC----TTCCGGCTGG"	"ATGCTCTGGCATTATTCCGGCTGG"	5	5	0	5
"ATGCTCTGGC-----TTCCGGCTGG"	"ATGCTCTGGCATTCATTCCGGCTGG"	0	1	0	0
"ATGCTCTGGC----TTCCGGCTGG"	"ATGCTCTGGCATTGTTCCGGCTGG"	0	0	0	2
"ATGCTCTGGC----TTCCGGCTGG"	"ATGCTCTGGCATTTTTCCGGCTGG"	2	1	0	1813
"ATGCTCTGGC-----TTCCGGCTGG"	"ATGCTCTGGCATTTTTTCCGGCTGG"	0	0	0	1
"ATGCTCTGGC-----TTCCGGCTGG"	"ATGCTCTGGCCAAAATTCCGGCTGG"	0	3	0	0
"ATGCTCTGGC----TTCCGGCTGG"	"ATGCTCTGGCCAAATTCCGGCTGG"	0	5	0	2
"ATGCTCTGGC------TTCCGGCTGG"	"ATGCTCTGGCCAAGAATTCCGGCTGG"	1	0	1	0
"ATGCTCTGGC------TTCCGGCTGG"	"ATGCTCTGGCCAAGCGTTCCGGCTGG"	4	0	1	0
"ATGCTCTGGC------TTCCGGCTGG"	"ATGCTCTGGCCAAGGATTCCGGCTGG"	4	0	3	0
"ATGCTCTGGC----TTCCGGCTGG"	"ATGCTCTGGCCAAGTTCCGGCTGG"	0	0	0	1
"ATGCTCTGGC------TTCCGGCTGG"	"ATGCTCTGGCCAANCATTCCGGCTGG"	0	0	1	0
"ATGCTCTGGC------TTCCGGCTGG"	"ATGCTCTGGCCAATCATTCCGGCTGG"	3	0	1	0
"ATGCTCTGGC------TTCCGGCTGG"	"ATGCTCTGGCCAATGATTCCGGCTGG"	0	0	1	0
"ATGCTCTGGC--------TTCCGGCTGG"	"ATGCTCTGGCCACAAGCATTCCGGCTGG"	1	0	0	0
"ATGCTCTGGC----TTCCGGCTGG"	"ATGCTCTGGCCACATTCCGGCTGG"	0	2	0	1
"ATGCTCTGGC------TTCCGGCTGG"	"ATGCTCTGGCCACGCATTCCGGCTGG"	2	0	2	0
"ATGCTCTGGC----TTCCGGCTGG"	"ATGCTCTGGCCACGTTCCGGCTGG"	0	3	0	0
"ATGCTCTGGC-----TTCCGGCTGG"	"ATGCTCTGGCCAGCATTCCGGCTGG"	0	2	0	2
"ATGCTCTGGC------TTCCGGCTGG"	"ATGCTCTGGCCAGGCATTCCGGCTGG"	1	0	0	0
"ATGCTCTGGC------TTCCGGCTGG"	"ATGCTCTGGCCAGGGATTCCGGCTGG"	0	0	1	0
"ATGCTCTGGC---TTCCGGCTGG"	"ATGCTCTGGCCAGTTCCGGCTGG"	0	3	0	0
"ATGCTCTGGC----TTCCGGCTGG"	"ATGCTCTGGCCATATTCCGGCTGG"	0	1	0	1
"ATGCTCTGGC------TTCCGGCTGG"	"ATGCTCTGGCCATGCATTCCGGCTGG"	4	0	3	0
"ATGCTCTGGC------TTCCGGCTGG"	"ATGCTCTGGCCATGGATTCCGGCTGG"	1	0	0	0
"ATGCTCTGGC--------TTCCGGCTGG"	"ATGCTCTGGCCCAAAGCATTCCGGCTGG"	0	1	0	0
"ATGCTCTGGC-------TTCCGGCTGG"	"ATGCTCTGGCCCAAGCATTCCGGCTGG"	3271	1	0	0
"ATGCTCTGGC-------TTCCGGCTGG"	"ATGCTCTGGCCCAATCATTCCGGCTGG"	1	0	0	0
"ATGCTCTGGC-------TTCCGGCTGG"	"ATGCTCTGGCCCACGCATTCCGGCTGG"	1	0	0	0
"ATGCTCTGGC------TTCCGGCTGG"	"ATGCTCTGGCCCAGCATTCCGGCTGG"	1	0	0	0
"ATGCTCTGGC-------TTCCGGCTGG"	"ATGCTCTGGCCCAGGCATTCCGGCTGG"	4	0	0	0
"ATGCTCTGGC-------------TTCCGGCTGG"	"ATGCTCTGGCCCATACCCAAGCATTCCGGCTGG"	0	0	1	0
"ATGCTCTGGC-------TTCCGGCTGG"	"ATGCTCTGGCCCATGCATTCCGGCTGG"	3	0	0	0
"ATGCTCTGGC--------TTCCGGCTGG"	"ATGCTCTGGCCCCAAGAATTCCGGCTGG"	1	1	0	0
"ATGCTCTGGC--------TTCCGGCTGG"	"ATGCTCTGGCCCCAAGCATTCCGGCTGG"	759	1304	0	0
"ATGCTCTGGC--------TTCCGGCTGG"	"ATGCTCTGGCCCCAATCATTCCGGCTGG"	1	0	0	0
"ATGCTCTGGC--------TTCCGGCTGG"	"ATGCTCTGGCCCCACGCATTCCGGCTGG"	0	1	0	0
"ATGCTCTGGC-------TTCCGGCTGG"	"ATGCTCTGGCCCCAGCATTCCGGCTGG"	5	0	0	0
"ATGCTCTGGC--------TTCCGGCTGG"	"ATGCTCTGGCCCCAGGCATTCCGGCTGG"	1	5	0	0
"ATGCTCTGGC--------TTCCGGCTGG"	"ATGCTCTGGCCCCATGCATTCCGGCTGG"	0	2	0	0
"ATGCTCTGGC--------TTCCGGCTGG"	"ATGCTCTGGCCCCCAGCATTCCGGCTGG"	0	1	0	0
"ATGCTCTGGC-----TTCCGGCTGG"	"ATGCTCTGGCCCCCATTCCGGCTGG"	3	1413	0	0
"ATGCTCTGGC-----TTCCGGCTGG"	"ATGCTCTGGCCCCCCTTCCGGCTGG"	0	1	0	0
"ATGCTCTGGC-----TTCCGGCTGG"	"ATGCTCTGGCCCCCGTTCCGGCTGG"	0	3	0	0
"ATGCTCTGGC----TTCCGGCTGG"	"ATGCTCTGGCCCCCTTCCGGCTGG"	1	1136	1	0
"ATGCTCTGGC----TTCCGGCTGG"	"ATGCTCTGGCCCCGTTCCGGCTGG"	0	1582	1	3
"ATGCTCTGGC--------TTCCGGCTGG"	"ATGCTCTGGCCCCNAGCATTCCGGCTGG"	0	1	0	0
"ATGCTCTGGC----TTCCGGCTGG"	"ATGCTCTGGCCCCTTTCCGGCTGG"	2	3	0	4
"ATGCTCTGGC-------TTCCGGCTGG"	"ATGCTCTGGCCCGAGCATTCCGGCTGG"	1	0	0	0
"ATGCTCTGGC----TTCCGGCTGG"	"ATGCTCTGGCCCGGTTCCGGCTGG"	1	0	0	0
"ATGCTCTGGC---TTCCGGCTGG"	"ATGCTCTGGCCCGTTCCGGCTGG"	3	0	2	0
"ATGCTCTGGC--------TTCCGGCTGG"	"ATGCTCTGGCCCTAAGCATTCCGGCTGG"	0	1	0	0
"ATGCTCTGGC-------TTCCGGCTGG"	"ATGCTCTGGCCCTAGCATTCCGGCTGG"	6	0	0	0
"ATGCTCTGGC----TTCCGGCTGG"	"ATGCTCTGGCCCTATTCCGGCTGG"	0	1	0	0
"ATGCTCTGGC-------TTCCGGCTGG"	"ATGCTCTGGCCCTCGCATTCCGGCTGG"	1	0	0	0
"ATGCTCTGGC----TTCCGGCTGG"	"ATGCTCTGGCCCTTTTCCGGCTGG"	0	0	0	1
"ATGCTCTGGC-------TTCCGGCTGG"	"ATGCTCTGGCCGAAGCATTCCGGCTGG"	4	0	0	0
"ATGCTCTGGC-------TTCCGGCTGG"	"ATGCTCTGGCCGAAGGGTTCCGGCTGG"	1	0	0	0
"ATGCTCTGGC------TTCCGGCTGG"	"ATGCTCTGGCCGAGCATTCCGGCTGG"	5	1	4	0
"ATGCTCTGGC---TTCCGGCTGG"	"ATGCTCTGGCCGATTCCGGCTGG"	9	3	1	0
"ATGCTCTGGC----TTCCGGCTGG"	"ATGCTCTGGCCGCATTCCGGCTGG"	3	0	0	3
"ATGCTCTGGC-----TTCCGGCTGG"	"ATGCTCTGGCCGCCATTCCGGCTGG"	0	1	0	0
"ATGCTCTGGC---TTCCGGCTGG"	"ATGCTCTGGCCNATTCCGGCTGG"	1	0	0	0
"ATGCTCTGGC--TTCCGGCTGG"	"ATGCTCTGGCCNTTCCGGCTGG"	2	1	0	2
"ATGCTCTGGC-------TTCCGGCTGG"	"ATGCTCTGGCCTAAGCATTCCGGCTGG"	1	0	0	0
"ATGCTCTGGC----TTCCGGCTGG"	"ATGCTCTGGCCTAATTCCGGCTGG"	1	0	0	0
"ATGCTCTGGC------TTCCGGCTGG"	"ATGCTCTGGCCTAGCATTCCGGCTGG"	2	1	4	0
"ATGCTCTGGC-----TTCCGGCTGG"	"ATGCTCTGGCCTATATTCCGGCTGG"	0	0	0	1
"ATGCTCTGGC----TTCCGGCTGG"	"ATGCTCTGGCCTATTTCCGGCTGG"	1	0	0	0
"ATGCTCTGGC--------TTCCGGCTGG"	"ATGCTCTGGCCTCAAGCATTCCGGCTGG"	1	1	0	0
"ATGCTCTGGC----TTCCGGCTGG"	"ATGCTCTGGCCTCATTCCGGCTGG"	3	1	0	1
"ATGCTCTGGC----TTCCGGCTGG"	"ATGCTCTGGCCTTATTCCGGCTGG"	0	1	0	2
"ATGCTCTGGC---TTCCGGCTGG"	"ATGCTCTGGCCTTTTCCGGCTGG"	0	2	1	3
"ATGCTCTGGC----TTCCGGCTGG"	"ATGCTCTGGCCTTTTTCCGGCTGG"	0	1	0	4
"ATGCTCTGGC------TTCCGGCTGG"	"ATGCTCTGGCCTTTTTTTCCGGCTGG"	0	1	0	0
"ATGCTCTGGC-----TTCCGGCTGG"	"ATGCTCTGGCGAAAATTCCGGCTGG"	0	1	0	0
"ATGCTCTGGC-----TTCCGGCTGG"	"ATGCTCTGGCGAACATTCCGGCTGG"	0	1	0	0
"ATGCTCTGGC------TTCCGGCTGG"	"ATGCTCTGGCGAAGCATTCCGGCTGG"	0	0	1	0
"ATGCTCTGGC------TTCCGGCTGG"	"ATGCTCTGGCGAAGGATTCCGGCTGG"	0	0	1	0
"ATGCTCTGGC----TTCCGGCTGG"	"ATGCTCTGGCGAAGTTCCGGCTGG"	0	0	0	1
"ATGCTCTGGC----------TTCCGGCTGG"	"ATGCTCTGGCGACCCAAGCATTCCGGCTGG"	0	1	0	0
"ATGCTCTGGC-----TTCCGGCTGG"	"ATGCTCTGGCGAGCATTCCGGCTGG"	0	2	0	3
"ATGCTCTGGC-----TTCCGGCTGG"	"ATGCTCTGGCGAGCGTTCCGGCTGG"	0	0	0	1
"ATGCTCTGGC---TTCCGGCTGG"	"ATGCTCTGGCGAGTTCCGGCTGG"	0	1	0	3
"ATGCTCTGGC----TTCCGGCTGG"	"ATGCTCTGGCGATATTCCGGCTGG"	0	1	0	3
"ATGCTCTGGC-----TTCCGGCTGG"	"ATGCTCTGGCGATATTTCCGGCTGG"	0	1	0	0
"ATGCTCTGGC-----TTCCGGCTGG"	"ATGCTCTGGCGATTATTCCGGCTGG"	0	1	0	1
"ATGCTCTGGC---TTCCGGCTGG"	"ATGCTCTGGCGATTTCCGGCTGG"	0	2	0	0
"ATGCTCTGGC-------TTCCGGCTGG"	"ATGCTCTGGCGCAAGCATTCCGGCTGG"	1	0	0	0
"ATGCTCTGGC-------------TTCCGGCTGG"	"ATGCTCTGGCGCATACCCAAGCATTCCGGCTGG"	0	0	1	0
"ATGCTCTGGC---TTCCGGCTGG"	"ATGCTCTGGCGCATTCCGGCTGG"	4	3	0	4
"ATGCTCTGGC--------TTCCGGCTGG"	"ATGCTCTGGCGCCAAGCATTCCGGCTGG"	1	0	0	0
"ATGCTCTGGC---TTCCGGCTGG"	"ATGCTCTGGCGCGTTCCGGCTGG"	3	1872	0	1
"ATGCTCTGGC---TTCCGGCTGG"	"ATGCTCTGGCGGATTCCGGCTGG"	2069	1476	0	0
"ATGCTCTGGC-----TTCCGGCTGG"	"ATGCTCTGGCGGCGGTTCCGGCTGG"	0	1	0	0
"ATGCTCTGGC---TTCCGGCTGG"	"ATGCTCTGGCGGCTTCCGGCTGG"	4	2	0	2
"ATGCTCTGGC------TTCCGGCTGG"	"ATGCTCTGGCGGGAGTTTCCGGCTGG"	0	0	1	0
"ATGCTCTGGC----TTCCGGCTGG"	"ATGCTCTGGCGGGATTCCGGCTGG"	0	0	0	1
"ATGCTCTGGC------TTCCGGCTGG"	"ATGCTCTGGCGGGGGGTTCCGGCTGG"	0	2	3	0
"ATGCTCTGGC-----TTCCGGCTGG"	"ATGCTCTGGCGGGGGTTCCGGCTGG"	1	3650	0	26
"ATGCTCTGGC------TTCCGGCTGG"	"ATGCTCTGGCGGGGGTTTCCGGCTGG"	0	0	82	1
"ATGCTCTGGC----TTCCGGCTGG"	"ATGCTCTGGCGGGGTTCCGGCTGG"	1	2042	0	40
"ATGCTCTGGC-----TTCCGGCTGG"	"ATGCTCTGGCGGGGTTTCCGGCTGG"	0	2	0	1
"ATGCTCTGGC-----TTCCGGCTGG"	"ATGCTCTGGCGGGNGTTCCGGCTGG"	0	1	0	0
"ATGCTCTGGC------TTCCGGCTGG"	"ATGCTCTGGCGGGTGTTTCCGGCTGG"	0	0	1	0
"ATGCTCTGGC----TTCCGGCTGG"	"ATGCTCTGGCGGGTTTCCGGCTGG"	0	3	0	0
"ATGCTCTGGC----TTCCGGCTGG"	"ATGCTCTGGCGGTATTCCGGCTGG"	0	4	0	0
"ATGCTCTGGC---------TTCCGGCTGG"	"ATGCTCTGGCGGTGGAGGGTTCCGGCTGG"	0	0	0	1
"ATGCTCTGGC---------------TTCCGGCTGG"	"ATGCTCTGGCGGTGGGTGTGGTGGATTCCGGCTGG"	0	1	0	0
"ATGCTCTGGC-----TTCCGGCTGG"	"ATGCTCTGGCGGTGGTTCCGGCTGG"	0	2	0	0
"ATGCTCTGGC------TTCCGGCTGG"	"ATGCTCTGGCGGTGGTTTCCGGCTGG"	0	0	1	0
"ATGCTCTGGC----TTCCGGCTGG"	"ATGCTCTGGCGGTGTTCCGGCTGG"	0	2	0	0
"ATGCTCTGGC---TTCCGGCTGG"	"ATGCTCTGGCGGTTTCCGGCTGG"	3	5	0	9
"ATGCTCTGGC--TTCCGGCTGG"	"ATGCTCTGGCGNTTCCGGCTGG"	0	1	0	0
"ATGCTCTGGC----TTCCGGCTGG"	"ATGCTCTGGCGTAATTCCGGCTGG"	5	0	0	0
"ATGCTCTGGC-----TTCCGGCTGG"	"ATGCTCTGGCGTGGGTTCCGGCTGG"	0	3	0	0
"ATGCTCTGGC---TTCCGGCTGG"	"ATGCTCTGGCGTGTTCCGGCTGG"	0	3	2	10
"ATGCTCTGGC----TTCCGGCTGG"	"ATGCTCTGGCGTTATTCCGGCTGG"	4	3	0	11
"ATGCTCTGGC-----TTCCGGCTGG"	"ATGCTCTGGCGTTTATTCCGGCTGG"	0	1	0	0
"ATGCTCTGGC------TTCCGGCTGG"	"ATGCTCTGGCGTTTGTTTCCGGCTGG"	0	1	0	0
"ATGCTCTGGC----TTCCGGCTGG"	"ATGCTCTGGCGTTTTTCCGGCTGG"	2	1	0	0
"ATGCTCTGGC-TTCCGGCTGG"	"ATGCTCTGGCNTTCCGGCTGG"	1	0	0	0
"ATGCTCTGGC-------TTCCGGCTGG"	"ATGCTCTGGCTAAAAAATTCCGGCTGG"	0	0	1	0
"ATGCTCTGGC-----TTCCGGCTGG"	"ATGCTCTGGCTAAAATTCCGGCTGG"	0	4	0	0
"ATGCTCTGGC-----TTCCGGCTGG"	"ATGCTCTGGCTAAAGTTCCGGCTGG"	0	1	0	0
"ATGCTCTGGC-----TTCCGGCTGG"	"ATGCTCTGGCTAACATTCCGGCTGG"	0	3	0	0
"ATGCTCTGGC----------TTCCGGCTGG"	"ATGCTCTGGCTAACCAAGCATTCCGGCTGG"	0	1	0	0
"ATGCTCTGGC-----TTCCGGCTGG"	"ATGCTCTGGCTAAGATTCCGGCTGG"	0	1	0	0
"ATGCTCTGGC------TTCCGGCTGG"	"ATGCTCTGGCTAAGCATTCCGGCTGG"	2	1	2	0
"ATGCTCTGGC-----TTCCGGCTGG"	"ATGCTCTGGCTAATATTCCGGCTGG"	0	0	0	1
"ATGCTCTGGC------TTCCGGCTGG"	"ATGCTCTGGCTAATCATTCCGGCTGG"	1	0	0	0
"ATGCTCTGGC----------TTCCGGCTGG"	"ATGCTCTGGCTACACAAGCATTCCGGCTGG"	1	1	0	0
"ATGCTCTGGC-----TTCCGGCTGG"	"ATGCTCTGGCTACATTTCCGGCTGG"	0	2	0	0
"ATGCTCTGGC----------TTCCGGCTGG"	"ATGCTCTGGCTACCAAAGCATTCCGGCTGG"	0	5	0	0
"ATGCTCTGGC----------TTCCGGCTGG"	"ATGCTCTGGCTACCCAAACATTCCGGCTGG"	1	2	0	0
"ATGCTCTGGC----------TTCCGGCTGG"	"ATGCTCTGGCTACCCAACCATTCCGGCTGG"	0	1	0	0
"ATGCTCTGGC----------TTCCGGCTGG"	"ATGCTCTGGCTACCCAAGAATTCCGGCTGG"	0	2	0	0
"ATGCTCTGGC----------TTCCGGCTGG"	"ATGCTCTGGCTACCCAAGCATTCCGGCTGG"	502	2197	0	3
"ATGCTCTGGC----------TTCCGGCTGG"	"ATGCTCTGGCTACCCAAGCGTTCCGGCTGG"	0	1	0	0
"ATGCTCTGGC----------TTCCGGCTGG"	"ATGCTCTGGCTACCCAAGGATTCCGGCTGG"	0	1	0	0
"ATGCTCTGGC----------TTCCGGCTGG"	"ATGCTCTGGCTACCCAAGTATTCCGGCTGG"	0	1	0	0
"ATGCTCTGGC----------TTCCGGCTGG"	"ATGCTCTGGCTACCCAATCATTCCGGCTGG"	0	6	0	0
"ATGCTCTGGC----------TTCCGGCTGG"	"ATGCTCTGGCTACCCAGGCATTCCGGCTGG"	0	1	0	0
"ATGCTCTGGC----------TTCCGGCTGG"	"ATGCTCTGGCTACCCATGCATTCCGGCTGG"	0	1	0	0
"ATGCTCTGGC----------TTCCGGCTGG"	"ATGCTCTGGCTACCCGAGCATTCCGGCTGG"	0	2	0	0
"ATGCTCTGGC----------TTCCGGCTGG"	"ATGCTCTGGCTACCGAAGCATTCCGGCTGG"	3	5	0	0
"ATGCTCTGGC----------TTCCGGCTGG"	"ATGCTCTGGCTACCTAAGCATTCCGGCTGG"	2	1	0	0
"ATGCTCTGGC----------TTCCGGCTGG"	"ATGCTCTGGCTACGTAAGCATTCCGGCTGG"	0	1	0	0
"ATGCTCTGGC----------TTCCGGCTGG"	"ATGCTCTGGCTACTCAAGCATTCCGGCTGG"	0	3	0	0
"ATGCTCTGGC----------TTCCGGCTGG"	"ATGCTCTGGCTACTGAAGCATTCCGGCTGG"	0	1	0	0
"ATGCTCTGGC-----TTCCGGCTGG"	"ATGCTCTGGCTACTGTTCCGGCTGG"	0	1	0	0
"ATGCTCTGGC----TTCCGGCTGG"	"ATGCTCTGGCTAGATTCCGGCTGG"	0	3	0	1
"ATGCTCTGGC-----TTCCGGCTGG"	"ATGCTCTGGCTAGCATTCCGGCTGG"	0	1	0	2
"ATGCTCTGGC-----TTCCGGCTGG"	"ATGCTCTGGCTAGCGTTCCGGCTGG"	0	0	0	1
"ATGCTCTGGC-----TTCCGGCTGG"	"ATGCTCTGGCTAGTATTCCGGCTGG"	0	0	0	1
"ATGCTCTGGC---TTCCGGCTGG"	"ATGCTCTGGCTAGTTCCGGCTGG"	1	1	1	0
"ATGCTCTGGC-----TTCCGGCTGG"	"ATGCTCTGGCTATAATTCCGGCTGG"	0	3	0	0
"ATGCTCTGGC-----TTCCGGCTGG"	"ATGCTCTGGCTATAGTTCCGGCTGG"	0	5	0	0
"ATGCTCTGGC------TTCCGGCTGG"	"ATGCTCTGGCTATATATTCCGGCTGG"	0	279	0	0
"ATGCTCTGGC----TTCCGGCTGG"	"ATGCTCTGGCTATATTCCGGCTGG"	0	791	1	1450
"ATGCTCTGGC-----TTCCGGCTGG"	"ATGCTCTGGCTATATTTCCGGCTGG"	0	1512	0	0
"ATGCTCTGGC----------TTCCGGCTGG"	"ATGCTCTGGCTATCCAAGCATTCCGGCTGG"	0	1	0	0
"ATGCTCTGGC-----TTCCGGCTGG"	"ATGCTCTGGCTATCTTTCCGGCTGG"	0	2	0	0
"ATGCTCTGGC---------TTCCGGCTGG"	"ATGCTCTGGCTATCTTTTATTCCGGCTGG"	0	1	0	0
"ATGCTCTGGC----TTCCGGCTGG"	"ATGCTCTGGCTATGTTCCGGCTGG"	0	0	0	1
"ATGCTCTGGC-----TTCCGGCTGG"	"ATGCTCTGGCTATGTTTCCGGCTGG"	0	3	0	0
"ATGCTCTGGC----TTCCGGCTGG"	"ATGCTCTGGCTATNTTCCGGCTGG"	0	1	0	0
"ATGCTCTGGC-----TTCCGGCTGG"	"ATGCTCTGGCTATTATTCCGGCTGG"	0	0	0	1455
"ATGCTCTGGC----------TTCCGGCTGG"	"ATGCTCTGGCTATTCAAGCATTCCGGCTGG"	0	1	0	0
"ATGCTCTGGC---------TTCCGGCTGG"	"ATGCTCTGGCTATTCTTTATTCCGGCTGG"	0	1	0	0
"ATGCTCTGGC-----TTCCGGCTGG"	"ATGCTCTGGCTATTGTTCCGGCTGG"	0	0	0	6
"ATGCTCTGGC---------TTCCGGCTGG"	"ATGCTCTGGCTATTGTTTATTCCGGCTGG"	0	4	0	0
"ATGCTCTGGC---------TTCCGGCTGG"	"ATGCTCTGGCTATTTGTTATTCCGGCTGG"	0	1	0	0
"ATGCTCTGGC----TTCCGGCTGG"	"ATGCTCTGGCTATTTTCCGGCTGG"	0	4	0	1
"ATGCTCTGGC---------TTCCGGCTGG"	"ATGCTCTGGCTATTTTTAATTCCGGCTGG"	0	1	0	0
"ATGCTCTGGC-----TTCCGGCTGG"	"ATGCTCTGGCTATTTTTCCGGCTGG"	1	2	0	0
"ATGCTCTGGC---------TTCCGGCTGG"	"ATGCTCTGGCTATTTTTTATTCCGGCTGG"	0	831	0	0
"ATGCTCTGGC---------TTCCGGCTGG"	"ATGCTCTGGCTATTTTTTGTTCCGGCTGG"	0	3	0	0
"ATGCTCTGGC-------TTCCGGCTGG"	"ATGCTCTGGCTCAAGCATTCCGGCTGG"	6	0	0	0
"ATGCTCTGGC----TTCCGGCTGG"	"ATGCTCTGGCTCAATTCCGGCTGG"	1	0	0	0
"ATGCTCTGGC-------TTCCGGCTGG"	"ATGCTCTGGCTCATGCATTCCGGCTGG"	1	0	0	0
"ATGCTCTGGC--------TTCCGGCTGG"	"ATGCTCTGGCTCCAAGCATTCCGGCTGG"	2	1	0	0
"ATGCTCTGGC-----TTCCGGCTGG"	"ATGCTCTGGCTCCCATTCCGGCTGG"	0	2	0	0
"ATGCTCTGGC----------TTCCGGCTGG"	"ATGCTCTGGCTCCCCAAGCATTCCGGCTGG"	0	1	0	0
"ATGCTCTGGC----TTCCGGCTGG"	"ATGCTCTGGCTCCGTTCCGGCTGG"	0	1	0	0
"ATGCTCTGGC---TTCCGGCTGG"	"ATGCTCTGGCTCGTTCCGGCTGG"	0	9	0	0
"ATGCTCTGGC----TTCCGGCTGG"	"ATGCTCTGGCTCTATTCCGGCTGG"	0	2	0	8
"ATGCTCTGGC--TTCCGGCTGG"	"ATGCTCTGGCTCTTCCGGCTGG"	1	0	1	0
"ATGCTCTGGC---TTCCGGCTGG"	"ATGCTCTGGCTCTTTCCGGCTGG"	0	8	3	7
"ATGCTCTGGC----TTCCGGCTGG"	"ATGCTCTGGCTCTTTTCCGGCTGG"	1	0	0	0
"ATGCTCTGGC----TTCCGGCTGG"	"ATGCTCTGGCTGAATTCCGGCTGG"	0	3	0	0
"ATGCTCTGGC--------TTCCGGCTGG"	"ATGCTCTGGCTGCAAGCATTCCGGCTGG"	0	1	0	0
"ATGCTCTGGC----TTCCGGCTGG"	"ATGCTCTGGCTGCATTCCGGCTGG"	0	0	1	19
"ATGCTCTGGC----------TTCCGGCTGG"	"ATGCTCTGGCTGCCCAAGCATTCCGGCTGG"	0	5	0	0
"ATGCTCTGGC----------TTCCGGCTGG"	"ATGCTCTGGCTGCGCAAGCATTCCGGCTGG"	0	1	0	0
"ATGCTCTGGC---------TTCCGGCTGG"	"ATGCTCTGGCTGCGGAGGGTTCCGGCTGG"	0	0	0	3
"ATGCTCTGGC----TTCCGGCTGG"	"ATGCTCTGGCTGGATTCCGGCTGG"	0	2	0	1
"ATGCTCTGGC-----TTCCGGCTGG"	"ATGCTCTGGCTGGCATTCCGGCTGG"	0	0	0	1
"ATGCTCTGGC---------------TTCCGGCTGG"	"ATGCTCTGGCTGGGGGTGTGGTGGATTCCGGCTGG"	0	1	0	0
"ATGCTCTGGC-----TTCCGGCTGG"	"ATGCTCTGGCTGGGGTTCCGGCTGG"	0	8	0	0
"ATGCTCTGGC----TTCCGGCTGG"	"ATGCTCTGGCTGGTTTCCGGCTGG"	0	0	0	1
"ATGCTCTGGC----TTCCGGCTGG"	"ATGCTCTGGCTGTATTCCGGCTGG"	7	1344	0	32
"ATGCTCTGGC-----TTCCGGCTGG"	"ATGCTCTGGCTGTATTTCCGGCTGG"	0	1	0	0
"ATGCTCTGGC---------TTCCGGCTGG"	"ATGCTCTGGCTGTCGAGGTTTCCGGCTGG"	0	0	0	1
"ATGCTCTGGC---------------TTCCGGCTGG"	"ATGCTCTGGCTGTCGGTGTGGTGGATTCCGGCTGG"	0	1	0	0
"ATGCTCTGGC---------TTCCGGCTGG"	"ATGCTCTGGCTGTGGAAAGTTCCGGCTGG"	0	0	0	1
"ATGCTCTGGC---------TTCCGGCTGG"	"ATGCTCTGGCTGTGGAGAGTTCCGGCTGG"	0	0	0	1
"ATGCTCTGGC---------TTCCGGCTGG"	"ATGCTCTGGCTGTGGAGGATTCCGGCTGG"	0	0	0	1
"ATGCTCTGGC---------TTCCGGCTGG"	"ATGCTCTGGCTGTGGAGGGTTCCGGCTGG"	0	0	0	72
"ATGCTCTGGC---------TTCCGGCTGG"	"ATGCTCTGGCTGTGGAGGTTTCCGGCTGG"	0	0	0	1
"ATGCTCTGGC---------------TTCCGGCTGG"	"ATGCTCTGGCTGTGGGTGTGGGGGATTCCGGCTGG"	0	1	0	0
"ATGCTCTGGC---------------TTCCGGCTGG"	"ATGCTCTGGCTGTGGGTGTGGTGGATTCCGGCTGG"	0	21	0	0
"ATGCTCTGGC----TTCCGGCTGG"	"ATGCTCTGGCTGTGTTCCGGCTGG"	0	1	0	0
"ATGCTCTGGC-----TTCCGGCTGG"	"ATGCTCTGGCTGTTATTCCGGCTGG"	0	1	0	5
"ATGCTCTGGC---------TTCCGGCTGG"	"ATGCTCTGGCTGTTGAGGGTTCCGGCTGG"	0	0	0	2
"ATGCTCTGGC-------------------TTCCGGCTGG"	"ATGCTCTGGCTGTTGGAAATAATACCATTTTCCGGCTGG"	0	1	0	0
"ATGCTCTGGC----------------------TTCCGGCTGG"	"ATGCTCTGGCTGTTGGAAATAATACCCAAGCATTCCGGCTGG"	0	0	1	0
"ATGCTCTGGC----TTCCGGCTGG"	"ATGCTCTGGCTGTTTTCCGGCTGG"	6	9	0	9
"ATGCTCTGGC-----TTCCGGCTGG"	"ATGCTCTGGCTGTTTTTCCGGCTGG"	3	4	0	0
"ATGCTCTGGC---------TTCCGGCTGG"	"ATGCTCTGGCTGTTTTTTATTCCGGCTGG"	0	2	0	0
"ATGCTCTGGC---TTCCGGCTGG"	"ATGCTCTGGCTNATTCCGGCTGG"	1	3	0	0
"ATGCTCTGGC---TTCCGGCTGG"	"ATGCTCTGGCTNGTTCCGGCTGG"	0	1	0	0
"ATGCTCTGGC--TTCCGGCTGG"	"ATGCTCTGGCTNTTCCGGCTGG"	1	0	1	1
"ATGCTCTGGC---TTCCGGCTGG"	"ATGCTCTGGCTNTTTCCGGCTGG"	1	1	0	0
"ATGCTCTGGC----TTCCGGCTGG"	"ATGCTCTGGCTTAATTCCGGCTGG"	3	0	0	0
"ATGCTCTGGC-----TTCCGGCTGG"	"ATGCTCTGGCTTATATTCCGGCTGG"	0	21	0	1
"ATGCTCTGGC----TTCCGGCTGG"	"ATGCTCTGGCTTATTTCCGGCTGG"	0	1	0	0
"ATGCTCTGGC----TTCCGGCTGG"	"ATGCTCTGGCTTCATTCCGGCTGG"	0	1	0	3
"ATGCTCTGGC----------TTCCGGCTGG"	"ATGCTCTGGCTTCCCAAGCATTCCGGCTGG"	0	2	0	0
"ATGCTCTGGC----TTCCGGCTGG"	"ATGCTCTGGCTTCTTTCCGGCTGG"	1	1	0	0
"ATGCTCTGGC----TTCCGGCTGG"	"ATGCTCTGGCTTGATTCCGGCTGG"	0	1	0	8
"ATGCTCTGGC----TTCCGGCTGG"	"ATGCTCTGGCTTGTTTCCGGCTGG"	1	1	0	1
"ATGCTCTGGC-----TTCCGGCTGG"	"ATGCTCTGGCTTGTTTTCCGGCTGG"	0	1	0	0
"ATGCTCTGGC------TTCCGGCTGG"	"ATGCTCTGGCTTTATATTCCGGCTGG"	0	1	0	0
"ATGCTCTGGC----TTCCGGCTGG"	"ATGCTCTGGCTTTGTTCCGGCTGG"	1	5	0	2
"ATGCTCTGGC-----TTCCGGCTGG"	"ATGCTCTGGCTTTGTTTCCGGCTGG"	1	0	0	0
"ATGCTCTGGC----TTCCGGCTGG"	"ATGCTCTGGCTTTNTTCCGGCTGG"	0	0	0	1
"ATGCTCTGGC-----TTCCGGCTGG"	"ATGCTCTGGCTTTTATTCCGGCTGG"	1	861	0	0
"ATGCTCTGGC-----TTCCGGCTGG"	"ATGCTCTGGCTTTTGTTCCGGCTGG"	1	5	0	0
"ATGCTCTGGC------TTCCGGCTGG"	"ATGCTCTGGCTTTTGTTTCCGGCTGG"	0	4	0	0
"ATGCTCTGGC------TTCCGGCTGG"	"ATGCTCTGGCTTTTTATTCCGGCTGG"	0	12	0	0
"ATGCTCTGGC-----TTCCGGCTGG"	"ATGCTCTGGCTTTTTTTCCGGCTGG"	964	834	41	0
"ATGCTCTGGC------TTCCGGCTGG"	"ATGCTCTGGCTTTTTTTTCCGGCTGG"	0	968	5	0
"ATGCTCTGGC-------TTCCGGCTGG"	"ATGCTCTGGCTTTTTTTTTCCGGCTGG"	0	6	2	0
