"ref_align"	"read_align"	"count_yll065"	"count_yll066"	"count_yll067"	"count_yll068"
"CCAGCCGGAA-GCCAGAGCAT"	"CCAGCCGGAATGCCAGAGCAT"	1185471	1584014	2350842	1223750
"CCAGCCGGAAGCCAGAGCAT"	"CCAGCCGGAAGCCAGAGCAT"	312998	326234	372875	299376
"CCAGCCGGAAGCCAGAGCAT"	"-----------CCAGAGCAT"	77424	84380	91703	79936
"CCAGCCGGAA--GCCAGAGCAT"	"CCAGCCGGAATGGCCAGAGCAT"	39239	49188	63867	42270
"CCAGCCGGAAGCCAGAGCAT"	"CCA-------GCCAGAGCAT"	46768	45040	36507	49593
"CCAGCCGGAAGCCAGAGCAT"	"CC-------------AGCAT"	36654	46514	34537	56022
"CCAGCCGGAAGCCAGAGCAT"	"C----------------CAT"	38648	41424	38929	33650
"CCAGCCGGAAGCCAGAGCAT"	"CCAGC------------CAT"	31426	24980	21411	27369
"CCAGCCGGAAGCCAGAGCAT"	"CCAGCCG-------GAGCAT"	17398	22349	19347	21906
"CCAGCCGGAA--GCCAGAGCAT"	"CCAGCCGGAATTGCCAGAGCAT"	24013	11087	13712	22299
"CCAGCCGGAA-GCCAGAGCAT"	"CCAGCCGGAAAGCCAGAGCAT"	11439	11529	9436	14105
"CCAGCCGGAA--GCCAGAGCAT"	"CCAGCCGGAAAAGCCAGAGCAT"	16717	12511	10804	9087
"CCAGCCGGAAGCCAGAGCAT"	"CCAGCCGGAA-------CAT"	9100	8079	7892	10486
"CCAGCCGGAA---GCCAGAGCAT"	"CCAGCCGGAATTTGCCAGAGCAT"	9361	9348	6739	8519
"CCAGCCGGAA--GCCAGAGCAT"	"CCAGCCGGAAGGGCCAGAGCAT"	8039	9220	5924	5593
"CCAGCCGGAAGCCAGAGCAT"	"CCAGCC----------GCAT"	4547	8721	5848	14640
"CCAGCCGGAAGCCAGAGCAT"	"CCAGCC--------------"	3771	4105	6803	4210
"CCAGCCGGAAGCCAGAGCAT"	"CCAGCCG---------GCAT"	6549	8479	3755	7091
"CCAGCCGGAA---GCCAGAGCAT"	"CCAGCCGGAAAAAGCCAGAGCAT"	7726	4447	3690	6562
"CCAGCCGGAA-GCCAGAGCAT"	"CCAGCCGGAAGGCCAGAGCAT"	3549	9070	3897	6158
"CCAGCCGGAAGCCAGAGCAT"	"CCAGCC-------------T"	4327	5498	5598	3359
"CCAGCCGGAAGCCAGAGCAT"	"CCAGCCGGA---------AT"	3060	5865	6042	5681
"CCAGCCGGAAGCCAGAGCAT"	"CCAGC-----------GCAT"	2829	3271	2601	3668
"CCAGCCGGAAGCCAGAGCAT"	"CCAGCCGGAA-----AGCAT"	3851	4278	2053	1486
"CCAGCCGGAAGCCAGAGCAT"	"CCAGCCGGAA-CCAGAGCAT"	2798	3185	1997	1323
"CCAGCCGGAA----GCCAGAGCAT"	"CCAGCCGGAATTTTGCCAGAGCAT"	5478	1212	1377	4136
"CCAGCCGGAA---GCCAGAGCAT"	"CCAGCCGGAATGGGCCAGAGCAT"	4818	1009	3681	1192
"CCAGCCGGAAGCCAGAGCAT"	"CCAGC------CCAGAGCAT"	965	1211	1313	865
"CCAGCCGGAAGCCAGAGCAT"	"CCAGC--------------T"	1828	1547	847	2237
"CCAGCCGGAAGCCAGAGCAT"	"CCAGCCGG--GCCAGAGCAT"	837	2414	824	1335
"CCAGCCGGAA------GCCAGAGCAT"	"CCAGCCGGAATGCTTGGCCAGAGCAT"	1397	1206	807	1343
"CCAGCCGGAA---GCCAGAGCAT"	"CCAGCCGGAAGGGGCCAGAGCAT"	2084	3835	613	2033
"CCAGCCGGAAGCCAGAGCAT"	"C----------CCAGAGCAT"	612	2777	1066	2278
"CCAGCCGGAAGCCAGAGCAT"	"CCAGCCGG----------AT"	611	2122	3319	2401
"CCAGCCGGAAGCCAGAGCAT"	"------------CAGAGCAT"	1701	543	751	2032
"CCAGCCGGAAGCCAGAGCAT"	"CCAGCCG---GCCAGAGCAT"	2248	1703	532	2402
"CCAGCCGGAAGCCAGAGCAT"	"CCAGCCGGAA--CAGAGCAT"	604	530	1058	708
"CCAGCCGGAA--GCCAGAGCAT"	"CCAGCCGGAATCGCCAGAGCAT"	4624	500	1500	1649
"CCAGCCGGAA--GCCAGAGCAT"	"CCAGCCGGAACCGCCAGAGCAT"	2902	1998	489	3245
"CCAGCCGGAA----GCCAGAGCAT"	"CCAGCCGGAAAAAAGCCAGAGCAT"	1839	461	934	4127
"CCAGCCGGAAGCCAGAGCAT"	"CCAGCC--------GAGCAT"	1674	1592	865	441
"CCAGCCGGAAGCCAGAGCAT"	"CCAGCCG-------------"	2699	637	440	609
"CCAGCCGGAAGCCAGAGCAT"	"CCAGCC---------AGCAT"	414	2090	860	2017
"CCAGCCGGAA---GCCAGAGCAT"	"CCAGCCGGAATGTGCCAGAGCAT"	1071	405	1129	1104
"CCAGCCGGAA-GCCAGAGCAT"	"CCAGCCGGAACGCCAGAGCAT"	2894	1166	400	2238
"CCAGCCGGAAGCCAGAGCAT"	"CCAGCCGG--------GCAT"	438	1300	399	951
"CCAGCCGGAAGCCAGAGCAT"	"CCAGCC-----------CAT"	2005	2279	395	964
"CCAGCCGGAA---GCCAGAGCAT"	"CCAGCCGGAATCCGCCAGAGCAT"	542	811	1136	387
"CCAGCCGGAA--GCCAGAGCAT"	"CCAGCCGGAAATGCCAGAGCAT"	2073	683	383	1319
"CCAGCCGGAA---GCCAGAGCAT"	"CCAGCCGGAACCCGCCAGAGCAT"	3071	372	640	1705
"CCAGCCGGAAGCCAGAGCAT"	"CCAG--------CAGAGCAT"	2988	333	1495	2340
"CCAGCCGGAAGCCAGAGCAT"	"CCAGCCGG-----AGAGCAT"	432	91	464	1273
"CCAGCCGGAAGCCAGAGCAT"	"CCAG----------------"	87	94	82	70
"CCAGCCGGAAGCCAGAGCAT"	"C-------------GAGCAT"	47	63	454	84
"CCAGCCGGAAGCCAGAGCAT"	"CCAGCCGGA-GCCAGAGCAT"	775	1256	38	709
"CCAGCCGGAA--GCCAGAGCAT"	"CCAGCCGGAAAGGCCAGAGCAT"	563	763	32	772
"CCAGCCGGAAGCCAGAGCAT"	"CCAG------------GCAT"	347	1113	18	18
"CCAGCCGGAAGCCAGAGCAT"	"CCAGCCG------------T"	243	498	683	17
"CCAGCCGGAA--GCCAGAGCAT"	"CCAGCCGGAAGTGCCAGAGCAT"	18	20	498	14
"CCAGCCGGAAGCCAGAGCAT"	"CCAGCC----GCCAGAGCAT"	11	1567	1169	1478
"CCAGCCGGAA--GCCAGAGCAT"	"CCAGCCGGAACGGCCAGAGCAT"	490	209	9	12
"CCAGCCGGAA---GCCAGAGCAT"	"CCAGCCGGAATATGCCAGAGCAT"	2778	1840	9	1823
"CCAGCCGGAAGCCAGAGCAT"	"CCAGCCGG----CAGAGCAT"	1395	6	1411	1904
"CCAGCCGGAA---GCCAGAGCAT"	"CCAGCCGGAATGCGCCAGAGCAT"	313	996	6	1342
"CCAGCCGGAA---GCCAGAGCAT"	"CCAGCCGGAATTCGCCAGAGCAT"	641	6	6	12
"CCAGCCGGAA----GCCAGAGCAT"	"CCAGCCGGAATTGTGCCAGAGCAT"	7	315	256	6
"CCAGCCGGAAGCCAGAGCAT"	"CCAGCCGG------------"	5	440	7	526
"CCAGCCGGAAGCCAGAGCAT"	"CCAGCCGGA--------CAT"	752	5	863	933
"CCAGCCGGAAGCCAGAGCAT"	"CCAGCCGGA----AGAGCAT"	498	5	689	755
"CCAGCCGGAA----GCCAGAGCAT"	"CCAGCCGGAATGGGGCCAGAGCAT"	439	292	1035	5
"CCAGCCGGAA----GCCAGAGCAT"	"CCAGCCGGAATGTTGCCAGAGCAT"	448	7	5	22
"CCAGCCGGAA----GCCAGAGCAT"	"CCAGCCGGAATTTGGCCAGAGCAT"	13	5	5	15
"CCAGCCGGAAGCCAGAGCAT"	"CCA------------AGCAT"	589	324	4	5
"CCAGCCGGAAGCCAGAGCAT"	"CCAGC----------AGCAT"	4	12	13	20
"CCAGCCGGAA---GCCAGAGCAT"	"CCAGCCGGAAAACGCCAGAGCAT"	8	5	4	581
"CCAGCCGGAA----GCCAGAGCAT"	"CCAGCCGGAATAAGGCCAGAGCAT"	4	4	12	4
"CCAGCCGGAA---GCCAGAGCAT"	"CCAGCCGGAATAGGCCAGAGCAT"	626	5	4	387
"CCAGCCGGAAGCCAGAGCAT"	"CCAGCCGGA------AGCAT"	1234	624	3	603
"CCAGCCGGAA---GCCAGAGCAT"	"CCAGCCGGAAGGCGCCAGAGCAT"	3	4	579	670
"CCAGCCGGAA---GCCAGAGCAT"	"CCAGCCGGAAGTGGCCAGAGCAT"	3	12	214	6
"CCAGCCGGAA-----GCCAGAGCAT"	"CCAGCCGGAATTTTTGCCAGAGCAT"	1916	401	4	3
"CCAGCCGGAAGCCAGAGCAT"	"-----------------CAT"	4	1207	2	724
"CCAGCCGGAAGCCAGAGCAT"	"CC------------GAGCAT"	10	2	21	535
"CCAGCCGGAAGCCAGAGCAT"	"CCAG---------AGAGCAT"	724	2	974	503
"CCAGCCGGAAGCCAGAGCAT"	"CCAGCCG-----CAGAGCAT"	2	2	4	9
"CCAGCCGGAAGCCAGAGCAT"	"CCAGCCGGA---CAGAGCAT"	22	2	4	2
"CCAGCCGGAAGCCAGAGCAT"	"CCAGCCGGAA----------"	2	3	489	680
"CCAGCCGGAA----GCCAGAGCAT"	"CCAGCCGGAAAAAGGCCAGAGCAT"	12	2	3	9
"CCAGCCGGAA---GCCAGAGCAT"	"CCAGCCGGAAAAGGCCAGAGCAT"	2	4	2	4
"CCAGCCGGAA--GCCAGAGCAT"	"CCAGCCGGAAACGCCAGAGCAT"	8	9	4	2
"CCAGCCGGAA---GCCAGAGCAT"	"CCAGCCGGAATCTGCCAGAGCAT"	513	2	2	2
"CCAGCCGGAA----GCCAGAGCAT"	"CCAGCCGGAATGCGGCCAGAGCAT"	4	4	2	3
"CCAGCCGGAA------GCCAGAGCAT"	"CCAGCCGGAATGCGTGGCCAGAGCAT"	6	2	4	4
"CCAGCCGGAAGCCAGAGCAT"	"----------GCCAGAGCAT"	731	26	1	9
"CCAGCCGGAAGCCAGAGCAT"	"CCAG------GCCAGAGCAT"	672	1	4	637
"CCAGCCGGAAGCCAGAGCAT"	"CCAGC---------GAGCAT"	1	518	3	27
"CCAGCCGGAAGCCAGAGCAT"	"CCAGC-----GCCAGAGCAT"	1	558	1	3
"CCAGCCGGAAGCCAGAGCAT"	"CCAGCCG------AGAGCAT"	449	1	1	1
"CCAGCCGGAAGCCAGAGCAT"	"CCAGCCGG-----------T"	153	1	2	378
"CCAGCCGGAAGCCAGAGCAT"	"CCAGCCGG------GAGCAT"	1	526	573	406
"CCAGCCGGAAGCCAGAGCAT"	"CCAGCCGGA-----------"	3	1	2	1
"CCAGCCGGAAGCCAGAGCAT"	"CCAGCCGGAA---AGAGCAT"	1	7	2	491
"CCAGCCGGAA-----GCCAGAGCAT"	"CCAGCCGGAAAAAAAGCCAGAGCAT"	1	499	2	1309
"CCAGCCGGAA----GCCAGAGCAT"	"CCAGCCGGAAAAATGCCAGAGCAT"	1139	1	3	3
"CCAGCCGGAA----GCCAGAGCAT"	"CCAGCCGGAAAAGTGCCAGAGCAT"	3	2	1	539
"CCAGCCGGAA---GCCAGAGCAT"	"CCAGCCGGAAAATGCCAGAGCAT"	1102	4	1	162
"CCAGCCGGAA---GCCAGAGCAT"	"CCAGCCGGAACCGGCCAGAGCAT"	3	1	1	558
"CCAGCCGGAA--GCCAGAGCAT"	"CCAGCCGGAACTGCCAGAGCAT"	4	5	1	588
"CCAGCCGGAA---GCCAGAGCAT"	"CCAGCCGGAAGAAGCCAGAGCAT"	1	1	1	1
"CCAGCCGGAA---GCCAGAGCAT"	"CCAGCCGGAAGCTGCCAGAGCAT"	1	2	1	512
"CCAGCCGGAA----GCCAGAGCAT"	"CCAGCCGGAATAATGCCAGAGCAT"	532	693	10	1
"CCAGCCGGAA---GCCAGAGCAT"	"CCAGCCGGAATACGCCAGAGCAT"	7	5	1	3
"CCAGCCGGAA----GCCAGAGCAT"	"CCAGCCGGAATCCGGCCAGAGCAT"	464	2	1	3
"CCAGCCGGAA---GCCAGAGCAT"	"CCAGCCGGAATCGGCCAGAGCAT"	3	1	514	2
"CCAGCCGGAA----GCCAGAGCAT"	"CCAGCCGGAATGCTGCCAGAGCAT"	469	676	1	619
"CCAGCCGGAA----------GCCAGAGCAT"	"CCAGCCGGAATGCTTGGGTCGCCAGAGCAT"	468	1	2	1
"CCAGCCGGAA-----GCCAGAGCAT"	"CCAGCCGGAATGGGGGCCAGAGCAT"	2	529	1	411
"CCAGCCGGAA----GCCAGAGCAT"	"CCAGCCGGAATGTGGCCAGAGCAT"	480	1	607	418
"CCAGCCGGAA----GCCAGAGCAT"	"CCAGCCGGAATTATGCCAGAGCAT"	500	1	1	3
"CCAGCCGGAA----GCCAGAGCAT"	"CCAGCCGGAATTCTGCCAGAGCAT"	5	2	1	2
"CCAGCCGGAA------GCCAGAGCAT"	"CCAGCCGGAATTCTTGGCCAGAGCAT"	2	337	6	1
"CCAGCCGGAA---GCCAGAGCAT"	"CCAGCCGGAATTGGCCAGAGCAT"	1	6	462	3
"CCAGCCGGAA------GCCAGAGCAT"	"CCAGCCGGAATTTTTTGCCAGAGCAT"	505	9	1	907
"CCAGCCGGAAGCCAGAGCAT"	"--------------------"	2	0	1	2
"CCAGCCGGAAGCCAGAGCAT"	"---------------AGCAT"	1	0	0	0
"CCAGCCGGAAGCCAGAGCAT"	"-------------AGAGCAT"	1	0	1	128
"CCAGCCGGAAGCCAGAGCAT"	"C-------------------"	2	0	0	0
"CCAGCCGGAAGCCAGAGCAT"	"C------------------T"	0	0	0	1
"CCAGCCGGAAGCCAGAGCAT"	"C--------------AGCAT"	0	0	158	2
"CCAGCCGGAAGCCAGAGCAT"	"C---------GCCAGAGCAT"	1	1	0	0
"CCAGCCGGAAGCCAGAGCAT"	"CC-----------------T"	15	703	0	0
"CCAGCCGGAAGCCAGAGCAT"	"CC---------------CAT"	0	1	376	251
"CCAGCCGGAAGCCAGAGCAT"	"CC--------------GCAT"	0	523	2	416
"CCAGCCGGAAGCCAGAGCAT"	"CC---------CCAGAGCAT"	0	0	0	1
"CCAGCCGGAAGCCAGAGCAT"	"CC--------GCCAGAGCAT"	0	0	0	7
"CCAGCCGGAAGCCAGAGCAT"	"CCA-----------------"	1	843	0	142
"CCAGCCGGAAGCCAGAGCAT"	"CCA--------------CAT"	1	657	1	0
"CCAGCCGGAAGCCAGAGCAT"	"CCA----------AGAGCAT"	2	0	1	109
"CCAGCCGGAAGCCAGAGCAT"	"CCA---------CAGAGCAT"	0	1	46	1
"CCAGCCGGAAGCCAGAGCAT"	"CCA--------CCAGAGCAT"	18	627	2	0
"CCAGCCGGAAGCCAGAGCAT"	"CCAG---------------T"	0	1	0	0
"CCAGCCGGAAGCCAGAGCAT"	"CCAG--------------AT"	0	4	0	0
"CCAGCCGGAAGCCAGAGCAT"	"CCAG----------GAGCAT"	9	0	0	0
"CCAGCCGGAAGCCAGAGCAT"	"CCAGCC-----CCAGAGCAT"	0	1	402	429
"CCAGCCGGAAGCCAGAGCAT"	"CCAGCCG-----------AT"	1	0	1	1
"CCAGCCGGAAGCCAGAGCAT"	"CCAGCCGGA--CCAGAGCAT"	11	0	404	2
"CCAGCCGGAAGCCAGAGCAT"	"CCAGCCGGAA--------AT"	0	6	1	441
"CCAGCCGGAA--------GCCAGAGCAT"	"CCAGCCGGAAAAAAAAAAGCCAGAGCAT"	1	0	4	0
"CCAGCCGGAA---------GCCAGAGCAT"	"CCAGCCGGAAAAAAAAAATGCCAGAGCAT"	0	0	2	0
"CCAGCCGGAA-------GCCAGAGCAT"	"CCAGCCGGAAAAAAAAAGCCAGAGCAT"	405	1	327	0
"CCAGCCGGAA--------GCCAGAGCAT"	"CCAGCCGGAAAAAAAAAGGCCAGAGCAT"	0	0	1	0
"CCAGCCGGAA--------GCCAGAGCAT"	"CCAGCCGGAAAAAAAAATGCCAGAGCAT"	0	0	311	0
"CCAGCCGGAA-------GCCAGAGCAT"	"CCAGCCGGAAAAAAAACGCCAGAGCAT"	1	0	0	0
"CCAGCCGGAA------GCCAGAGCAT"	"CCAGCCGGAAAAAAAAGCCAGAGCAT"	0	264	1	0
"CCAGCCGGAA---------GCCAGAGCAT"	"CCAGCCGGAAAAAAAATACGCCAGAGCAT"	0	1	0	0
"CCAGCCGGAA------GCCAGAGCAT"	"CCAGCCGGAAAAAAAGGCCAGAGCAT"	0	1	0	0
"CCAGCCGGAA-----GCCAGAGCAT"	"CCAGCCGGAAAAAAGGCCAGAGCAT"	0	1	0	0
"CCAGCCGGAA-----GCCAGAGCAT"	"CCAGCCGGAAAAAATGCCAGAGCAT"	0	2	0	1
"CCAGCCGGAA----GCCAGAGCAT"	"CCAGCCGGAAAAACGCCAGAGCAT"	0	1	0	2
"CCAGCCGGAA--------GCCAGAGCAT"	"CCAGCCGGAAAAAGAAATGCCAGAGCAT"	0	0	1	0
"CCAGCCGGAA-----GCCAGAGCAT"	"CCAGCCGGAAAAATGGCCAGAGCAT"	0	0	0	1
"CCAGCCGGAA-----GCCAGAGCAT"	"CCAGCCGGAAAAATTGCCAGAGCAT"	62	0	0	220
"CCAGCCGGAA----GCCAGAGCAT"	"CCAGCCGGAAAACTGCCAGAGCAT"	2	0	0	1
"CCAGCCGGAA----GCCAGAGCAT"	"CCAGCCGGAAAAGCGCCAGAGCAT"	0	0	0	1
"CCAGCCGGAA-----GCCAGAGCAT"	"CCAGCCGGAAAAGTCGCCAGAGCAT"	1	0	0	0
"CCAGCCGGAA-----GCCAGAGCAT"	"CCAGCCGGAAAAGTTGCCAGAGCAT"	1	0	0	0
"CCAGCCGGAA---GCCAGAGCAT"	"CCAGCCGGAAAANGCCAGAGCAT"	0	1	1	4
"CCAGCCGGAA----GCCAGAGCAT"	"CCAGCCGGAAAANTGCCAGAGCAT"	0	0	0	1
"CCAGCCGGAA----GCCAGAGCAT"	"CCAGCCGGAAAATCGCCAGAGCAT"	1	0	0	0
"CCAGCCGGAA-----GCCAGAGCAT"	"CCAGCCGGAAAATCTGCCAGAGCAT"	1	0	0	0
"CCAGCCGGAA----GCCAGAGCAT"	"CCAGCCGGAAAATGGCCAGAGCAT"	8	2	0	0
"CCAGCCGGAA-----GCCAGAGCAT"	"CCAGCCGGAAAATGTGCCAGAGCAT"	1	0	0	0
"CCAGCCGGAA----GCCAGAGCAT"	"CCAGCCGGAAAATTGCCAGAGCAT"	512	1	0	1
"CCAGCCGGAA-----GCCAGAGCAT"	"CCAGCCGGAAAATTTGCCAGAGCAT"	487	0	1	1
"CCAGCCGGAA----GCCAGAGCAT"	"CCAGCCGGAAACATGCCAGAGCAT"	1	0	0	0
"CCAGCCGGAA----GCCAGAGCAT"	"CCAGCCGGAAACGTGCCAGAGCAT"	0	0	0	1
"CCAGCCGGAA--------GCCAGAGCAT"	"CCAGCCGGAAAGAAAGATGCCAGAGCAT"	0	0	1	0
"CCAGCCGGAA----GCCAGAGCAT"	"CCAGCCGGAAAGATGCCAGAGCAT"	3	0	0	0
"CCAGCCGGAA---GCCAGAGCAT"	"CCAGCCGGAAAGCGCCAGAGCAT"	1	1	0	2
"CCAGCCGGAA---GCCAGAGCAT"	"CCAGCCGGAAAGGGCCAGAGCAT"	0	567	0	1
"CCAGCCGGAA----GCCAGAGCAT"	"CCAGCCGGAAAGGGGCCAGAGCAT"	0	1	0	0
"CCAGCCGGAA----GCCAGAGCAT"	"CCAGCCGGAAAGGTGCCAGAGCAT"	0	0	0	1
"CCAGCCGGAA-----GCCAGAGCAT"	"CCAGCCGGAAAGGTGGCCAGAGCAT"	0	0	0	5
"CCAGCCGGAA---GCCAGAGCAT"	"CCAGCCGGAAAGTGCCAGAGCAT"	4	0	0	1
"CCAGCCGGAA----GCCAGAGCAT"	"CCAGCCGGAAAGTTGCCAGAGCAT"	0	1	0	0
"CCAGCCGGAA-----GCCAGAGCAT"	"CCAGCCGGAAAGTTTGCCAGAGCAT"	1	0	0	0
"CCAGCCGGAA----GCCAGAGCAT"	"CCAGCCGGAAATAGGCCAGAGCAT"	3	0	0	0
"CCAGCCGGAA----GCCAGAGCAT"	"CCAGCCGGAAATATGCCAGAGCAT"	3	0	0	0
"CCAGCCGGAA---GCCAGAGCAT"	"CCAGCCGGAAATCGCCAGAGCAT"	0	0	0	1
"CCAGCCGGAA-----GCCAGAGCAT"	"CCAGCCGGAAATGGGGCCAGAGCAT"	0	0	0	1
"CCAGCCGGAA-----GCCAGAGCAT"	"CCAGCCGGAAATGTGGCCAGAGCAT"	0	1	0	445
"CCAGCCGGAA------GCCAGAGCAT"	"CCAGCCGGAAATNTTTGCCAGAGCAT"	0	0	1	0
"CCAGCCGGAA----GCCAGAGCAT"	"CCAGCCGGAAATTCGCCAGAGCAT"	0	2	0	0
"CCAGCCGGAA---GCCAGAGCAT"	"CCAGCCGGAAATTGCCAGAGCAT"	1	1	0	240
"CCAGCCGGAA------GCCAGAGCAT"	"CCAGCCGGAAATTGTTGCCAGAGCAT"	0	0	1	0
"CCAGCCGGAA------GCCAGAGCAT"	"CCAGCCGGAAATTTCTGCCAGAGCAT"	0	0	1	0
"CCAGCCGGAA----GCCAGAGCAT"	"CCAGCCGGAAATTTGCCAGAGCAT"	1	292	2	0
"CCAGCCGGAA-----GCCAGAGCAT"	"CCAGCCGGAAATTTGGCCAGAGCAT"	0	0	0	1
"CCAGCCGGAA------GCCAGAGCAT"	"CCAGCCGGAAATTTTTGCCAGAGCAT"	0	1	345	0
"CCAGCCGGAA----GCCAGAGCAT"	"CCAGCCGGAACACCGCCAGAGCAT"	0	0	0	1
"CCAGCCGGAA---GCCAGAGCAT"	"CCAGCCGGAACACGCCAGAGCAT"	1	0	0	0
"CCAGCCGGAA----GCCAGAGCAT"	"CCAGCCGGAACACGGCCAGAGCAT"	1	0	0	0
"CCAGCCGGAA---GCCAGAGCAT"	"CCAGCCGGAACATGCCAGAGCAT"	1	0	0	0
"CCAGCCGGAA----GCCAGAGCAT"	"CCAGCCGGAACCCGGCCAGAGCAT"	1	0	1	0
"CCAGCCGGAA---GCCAGAGCAT"	"CCAGCCGGAACCNGCCAGAGCAT"	1	0	0	0
"CCAGCCGGAA----GCCAGAGCAT"	"CCAGCCGGAACCNGGCCAGAGCAT"	0	0	0	1
"CCAGCCGGAA---GCCAGAGCAT"	"CCAGCCGGAACCTGCCAGAGCAT"	3	1	0	1
"CCAGCCGGAA----GCCAGAGCAT"	"CCAGCCGGAACCTGGCCAGAGCAT"	0	1	1	490
"CCAGCCGGAA----GCCAGAGCAT"	"CCAGCCGGAACCTTGCCAGAGCAT"	0	0	0	2
"CCAGCCGGAA---GCCAGAGCAT"	"CCAGCCGGAACGCGCCAGAGCAT"	1	0	0	0
"CCAGCCGGAA------GCCAGAGCAT"	"CCAGCCGGAACGCTTGGCCAGAGCAT"	2	0	0	0
"CCAGCCGGAA---GCCAGAGCAT"	"CCAGCCGGAACGGGCCAGAGCAT"	1	0	0	0
"CCAGCCGGAA----GCCAGAGCAT"	"CCAGCCGGAACGGGGCCAGAGCAT"	0	0	1	0
"CCAGCCGGAA---GCCAGAGCAT"	"CCAGCCGGAACGTGCCAGAGCAT"	2	0	1	0
"CCAGCCGGAA---GCCAGAGCAT"	"CCAGCCGGAACTCGCCAGAGCAT"	0	0	0	1
"CCAGCCGGAA---GCCAGAGCAT"	"CCAGCCGGAACTGGCCAGAGCAT"	1	0	0	0
"CCAGCCGGAA---GCCAGAGCAT"	"CCAGCCGGAACTTGCCAGAGCAT"	628	0	0	4
"CCAGCCGGAA----GCCAGAGCAT"	"CCAGCCGGAACTTTGCCAGAGCAT"	0	0	0	1
"CCAGCCGGAA------GCCAGAGCAT"	"CCAGCCGGAACTTTTTGCCAGAGCAT"	0	0	1	0
"CCAGCCGGAA----GCCAGAGCAT"	"CCAGCCGGAAGAATGCCAGAGCAT"	1	1	0	0
"CCAGCCGGAA---GCCAGAGCAT"	"CCAGCCGGAAGACGCCAGAGCAT"	1	0	0	0
"CCAGCCGGAA---GCCAGAGCAT"	"CCAGCCGGAAGAGGCCAGAGCAT"	687	651	0	2
"CCAGCCGGAA-------GCCAGAGCAT"	"CCAGCCGGAAGATACATGCCAGAGCAT"	0	2	0	0
"CCAGCCGGAA-----GCCAGAGCAT"	"CCAGCCGGAAGATTTGCCAGAGCAT"	1	0	0	0
"CCAGCCGGAA---GCCAGAGCAT"	"CCAGCCGGAAGCCGCCAGAGCAT"	0	686	0	1
"CCAGCCGGAA--GCCAGAGCAT"	"CCAGCCGGAAGCGCCAGAGCAT"	1	3	0	1
"CCAGCCGGAA---GCCAGAGCAT"	"CCAGCCGGAAGCGGCCAGAGCAT"	0	2	0	1
"CCAGCCGGAA----GCCAGAGCAT"	"CCAGCCGGAAGGCGGCCAGAGCAT"	0	0	0	4
"CCAGCCGGAA----GCCAGAGCAT"	"CCAGCCGGAAGGCTGCCAGAGCAT"	0	1	0	640
"CCAGCCGGAA----GCCAGAGCAT"	"CCAGCCGGAAGGGGGCCAGAGCAT"	1	0	0	0
"CCAGCCGGAA---GCCAGAGCAT"	"CCAGCCGGAAGGTGCCAGAGCAT"	0	1	0	4
"CCAGCCGGAA----GCCAGAGCAT"	"CCAGCCGGAAGGTGGCCAGAGCAT"	1	0	0	0
"CCAGCCGGAA----GCCAGAGCAT"	"CCAGCCGGAAGTCTGCCAGAGCAT"	0	0	0	1
"CCAGCCGGAA----------GCCAGAGCAT"	"CCAGCCGGAAGTGCATTGGGGCCAGAGCAT"	0	5	0	0
"CCAGCCGGAA----GCCAGAGCAT"	"CCAGCCGGAAGTGTGCCAGAGCAT"	0	1	0	0
"CCAGCCGGAA---GCCAGAGCAT"	"CCAGCCGGAAGTTGCCAGAGCAT"	556	3	2	0
"CCAGCCGGAA----GCCAGAGCAT"	"CCAGCCGGAAGTTTGCCAGAGCAT"	1	0	0	0
"CCAGCCGGAA------GCCAGAGCAT"	"CCAGCCGGAATAAACTGCCAGAGCAT"	0	0	1	0
"CCAGCCGGAA------GCCAGAGCAT"	"CCAGCCGGAATAAATCGCCAGAGCAT"	0	0	1	0
"CCAGCCGGAA-----GCCAGAGCAT"	"CCAGCCGGAATAAATGCCAGAGCAT"	0	0	0	1
"CCAGCCGGAA------GCCAGAGCAT"	"CCAGCCGGAATAAATTGCCAGAGCAT"	0	1	376	0
"CCAGCCGGAA----GCCAGAGCAT"	"CCAGCCGGAATAACGCCAGAGCAT"	1	0	1	0
"CCAGCCGGAA-----GCCAGAGCAT"	"CCAGCCGGAATAAGTGCCAGAGCAT"	0	0	0	4
"CCAGCCGGAA------GCCAGAGCAT"	"CCAGCCGGAATAAGTTGCCAGAGCAT"	0	0	2	0
"CCAGCCGGAA-----GCCAGAGCAT"	"CCAGCCGGAATAATTGCCAGAGCAT"	0	1	1	457
"CCAGCCGGAA-----GCCAGAGCAT"	"CCAGCCGGAATACAGGCCAGAGCAT"	1	0	0	0
"CCAGCCGGAA----GCCAGAGCAT"	"CCAGCCGGAATACGGCCAGAGCAT"	1	1	0	0
"CCAGCCGGAA------GCCAGAGCAT"	"CCAGCCGGAATACGGGGCCAGAGCAT"	0	0	1	0
"CCAGCCGGAA----GCCAGAGCAT"	"CCAGCCGGAATACTGCCAGAGCAT"	4	0	0	0
"CCAGCCGGAA-----GCCAGAGCAT"	"CCAGCCGGAATACTTGCCAGAGCAT"	0	0	0	1
"CCAGCCGGAA------GCCAGAGCAT"	"CCAGCCGGAATACTTGGCCAGAGCAT"	1	0	0	0
"CCAGCCGGAA--------GCCAGAGCAT"	"CCAGCCGGAATACTTGGGGCCAGAGCAT"	1	0	0	0
"CCAGCCGGAA---------GCCAGAGCAT"	"CCAGCCGGAATAGAAAATCGCCAGAGCAT"	1	0	0	0
"CCAGCCGGAA---------GCCAGAGCAT"	"CCAGCCGGAATAGAAAATGGCCAGAGCAT"	2	0	0	0
"CCAGCCGGAA----GCCAGAGCAT"	"CCAGCCGGAATAGGGCCAGAGCAT"	1	0	0	0
"CCAGCCGGAA----GCCAGAGCAT"	"CCAGCCGGAATAGTGCCAGAGCAT"	0	1	0	0
"CCAGCCGGAA---GCCAGAGCAT"	"CCAGCCGGAATANGCCAGAGCAT"	0	1	0	0
"CCAGCCGGAA-----GCCAGAGCAT"	"CCAGCCGGAATATACGCCAGAGCAT"	0	0	0	1
"CCAGCCGGAA-----GCCAGAGCAT"	"CCAGCCGGAATATATGCCAGAGCAT"	0	0	1	962
"CCAGCCGGAA----GCCAGAGCAT"	"CCAGCCGGAATATCGCCAGAGCAT"	2	0	0	0
"CCAGCCGGAA----GCCAGAGCAT"	"CCAGCCGGAATATGGCCAGAGCAT"	0	1	0	2
"CCAGCCGGAA-----GCCAGAGCAT"	"CCAGCCGGAATATGTGCCAGAGCAT"	0	0	0	3
"CCAGCCGGAA------GCCAGAGCAT"	"CCAGCCGGAATATGTTGCCAGAGCAT"	1	0	0	0
"CCAGCCGGAA----GCCAGAGCAT"	"CCAGCCGGAATATTGCCAGAGCAT"	336	3	0	2
"CCAGCCGGAA-----GCCAGAGCAT"	"CCAGCCGGAATATTTGCCAGAGCAT"	1	0	0	0
"CCAGCCGGAA------GCCAGAGCAT"	"CCAGCCGGAATATTTTGCCAGAGCAT"	318	0	1	0
"CCAGCCGGAA------GCCAGAGCAT"	"CCAGCCGGAATCAATTGCCAGAGCAT"	0	0	1	0
"CCAGCCGGAA----GCCAGAGCAT"	"CCAGCCGGAATCCCGCCAGAGCAT"	1	558	0	345
"CCAGCCGGAA----GCCAGAGCAT"	"CCAGCCGGAATCCTGCCAGAGCAT"	2	4	0	0
"CCAGCCGGAA----GCCAGAGCAT"	"CCAGCCGGAATCGCGCCAGAGCAT"	0	1	0	0
"CCAGCCGGAA---GCCAGAGCAT"	"CCAGCCGGAATCNGCCAGAGCAT"	0	0	1	0
"CCAGCCGGAA----GCCAGAGCAT"	"CCAGCCGGAATCTTGCCAGAGCAT"	2	0	0	1
"CCAGCCGGAA----GCCAGAGCAT"	"CCAGCCGGAATGAGGCCAGAGCAT"	1	0	1	0
"CCAGCCGGAA-----GCCAGAGCAT"	"CCAGCCGGAATGAGGGCCAGAGCAT"	0	1	0	0
"CCAGCCGGAA----GCCAGAGCAT"	"CCAGCCGGAATGATGCCAGAGCAT"	1	2	0	0
"CCAGCCGGAA------GCCAGAGCAT"	"CCAGCCGGAATGATGGGCCAGAGCAT"	0	0	0	1
"CCAGCCGGAA------GCCAGAGCAT"	"CCAGCCGGAATGATTGGCCAGAGCAT"	2	1	0	0
"CCAGCCGGAA------GCCAGAGCAT"	"CCAGCCGGAATGCAGGGCCAGAGCAT"	0	0	1	0
"CCAGCCGGAA-----GCCAGAGCAT"	"CCAGCCGGAATGCATGCCAGAGCAT"	0	0	0	1
"CCAGCCGGAA------GCCAGAGCAT"	"CCAGCCGGAATGCATGGCCAGAGCAT"	3	0	0	1
"CCAGCCGGAA-------GCCAGAGCAT"	"CCAGCCGGAATGCATGGGCCAGAGCAT"	1	0	1	0
"CCAGCCGGAA----GCCAGAGCAT"	"CCAGCCGGAATGCCGCCAGAGCAT"	0	461	1	0
"CCAGCCGGAA------GCCAGAGCAT"	"CCAGCCGGAATGCCTGGCCAGAGCAT"	0	0	0	1
"CCAGCCGGAA------GCCAGAGCAT"	"CCAGCCGGAATGCGGGGCCAGAGCAT"	0	2	473	0
"CCAGCCGGAA-----GCCAGAGCAT"	"CCAGCCGGAATGCGTGCCAGAGCAT"	0	0	0	2
"CCAGCCGGAA-------GCCAGAGCAT"	"CCAGCCGGAATGCGTGGGCCAGAGCAT"	4	0	0	0
"CCAGCCGGAA--------GCCAGAGCAT"	"CCAGCCGGAATGCGTGGGGCCAGAGCAT"	2	3	0	0
"CCAGCCGGAA----------GCCAGAGCAT"	"CCAGCCGGAATGCGTGGGTCGCCAGAGCAT"	1	0	0	0
"CCAGCCGGAA---------GCCAGAGCAT"	"CCAGCCGGAATGCGTGGGTGCCAGAGCAT"	0	0	0	1
"CCAGCCGGAA--------GCCAGAGCAT"	"CCAGCCGGAATGCTAGGGGCCAGAGCAT"	1	0	0	0
"CCAGCCGGAA--------GCCAGAGCAT"	"CCAGCCGGAATGCTCGCGGCCAGAGCAT"	1	0	0	0
"CCAGCCGGAA------GCCAGAGCAT"	"CCAGCCGGAATGCTCGGCCAGAGCAT"	0	0	0	1
"CCAGCCGGAA--------GCCAGAGCAT"	"CCAGCCGGAATGCTCGGGGCCAGAGCAT"	1	0	0	0
"CCAGCCGGAA-----GCCAGAGCAT"	"CCAGCCGGAATGCTGGCCAGAGCAT"	1	0	0	0
"CCAGCCGGAA------GCCAGAGCAT"	"CCAGCCGGAATGCTGGGCCAGAGCAT"	0	1	1	0
"CCAGCCGGAA-------GCCAGAGCAT"	"CCAGCCGGAATGCTGGGGCCAGAGCAT"	0	0	1	0
"CCAGCCGGAA--------GCCAGAGCAT"	"CCAGCCGGAATGCTGGGGGCCAGAGCAT"	0	2	0	0
"CCAGCCGGAA----------GCCAGAGCAT"	"CCAGCCGGAATGCTTAGGTCGCCAGAGCAT"	1	0	0	0
"CCAGCCGGAA-----GCCAGAGCAT"	"CCAGCCGGAATGCTTGCCAGAGCAT"	286	277	0	291
"CCAGCCGGAA-------GCCAGAGCAT"	"CCAGCCGGAATGCTTGCGCCAGAGCAT"	1	0	0	0
"CCAGCCGGAA-------GCCAGAGCAT"	"CCAGCCGGAATGCTTGGGCCAGAGCAT"	679	3	240	0
"CCAGCCGGAA--------GCCAGAGCAT"	"CCAGCCGGAATGCTTGGGGCCAGAGCAT"	475	647	0	1
"CCAGCCGGAA----------GCCAGAGCAT"	"CCAGCCGGAATGCTTGGGGCGCCAGAGCAT"	2	0	0	0
"CCAGCCGGAA---------GCCAGAGCAT"	"CCAGCCGGAATGCTTGGGTGCCAGAGCAT"	0	0	0	9
"CCAGCCGGAA----------GCCAGAGCAT"	"CCAGCCGGAATGCTTGGGTGGCCAGAGCAT"	2	0	0	0
"CCAGCCGGAA-------GCCAGAGCAT"	"CCAGCCGGAATGCTTGTGCCAGAGCAT"	0	0	2	0
"CCAGCCGGAA--------GCCAGAGCAT"	"CCAGCCGGAATGCTTGTGGCCAGAGCAT"	0	1	0	0
"CCAGCCGGAA------GCCAGAGCAT"	"CCAGCCGGAATGCTTTGCCAGAGCAT"	1	1	0	0
"CCAGCCGGAA-------GCCAGAGCAT"	"CCAGCCGGAATGCTTTGGCCAGAGCAT"	1	0	0	0
"CCAGCCGGAA--------GCCAGAGCAT"	"CCAGCCGGAATGCTTTGGGCCAGAGCAT"	1	0	0	0
"CCAGCCGGAA---------GCCAGAGCAT"	"CCAGCCGGAATGCTTTGGTGCCAGAGCAT"	0	0	0	1
"CCAGCCGGAA-----GCCAGAGCAT"	"CCAGCCGGAATGGAGGCCAGAGCAT"	0	0	0	1
"CCAGCCGGAA----GCCAGAGCAT"	"CCAGCCGGAATGGCGCCAGAGCAT"	1	2	0	239
"CCAGCCGGAA-----GCCAGAGCAT"	"CCAGCCGGAATGGCGGCCAGAGCAT"	0	1	0	0
"CCAGCCGGAA-----GCCAGAGCAT"	"CCAGCCGGAATGGGTGCCAGAGCAT"	0	0	0	2
"CCAGCCGGAA----GCCAGAGCAT"	"CCAGCCGGAATGGTGCCAGAGCAT"	0	1	2	1
"CCAGCCGGAA-----GCCAGAGCAT"	"CCAGCCGGAATGGTGGCCAGAGCAT"	0	2	0	0
"CCAGCCGGAA-----GCCAGAGCAT"	"CCAGCCGGAATGGTTGCCAGAGCAT"	0	1	0	0
"CCAGCCGGAA--------GCCAGAGCAT"	"CCAGCCGGAATGGTTGGGGCCAGAGCAT"	0	2	0	0
"CCAGCCGGAA---GCCAGAGCAT"	"CCAGCCGGAATGNGCCAGAGCAT"	1	1	1	0
"CCAGCCGGAA-----GCCAGAGCAT"	"CCAGCCGGAATGNTTGCCAGAGCAT"	0	1	0	0
"CCAGCCGGAA--------GCCAGAGCAT"	"CCAGCCGGAATGNTTGGGGCCAGAGCAT"	1	0	0	0
"CCAGCCGGAA-----GCCAGAGCAT"	"CCAGCCGGAATGTAGGCCAGAGCAT"	0	0	0	1
"CCAGCCGGAA-----GCCAGAGCAT"	"CCAGCCGGAATGTATGCCAGAGCAT"	2	1	0	244
"CCAGCCGGAA----GCCAGAGCAT"	"CCAGCCGGAATGTCGCCAGAGCAT"	0	1	0	0
"CCAGCCGGAA-----GCCAGAGCAT"	"CCAGCCGGAATGTGTGCCAGAGCAT"	0	0	1	2
"CCAGCCGGAA-----GCCAGAGCAT"	"CCAGCCGGAATGTTCGCCAGAGCAT"	0	1	0	0
"CCAGCCGGAA-----GCCAGAGCAT"	"CCAGCCGGAATGTTTGCCAGAGCAT"	12	3	0	0
"CCAGCCGGAA------GCCAGAGCAT"	"CCAGCCGGAATGTTTTGCCAGAGCAT"	4	0	0	2
"CCAGCCGGAA----GCCAGAGCAT"	"CCAGCCGGAATNTTGCCAGAGCAT"	1	0	0	0
"CCAGCCGGAA------GCCAGAGCAT"	"CCAGCCGGAATNTTTTGCCAGAGCAT"	0	0	0	1
"CCAGCCGGAA-------GCCAGAGCAT"	"CCAGCCGGAATTAACATGCCAGAGCAT"	1	0	0	0
"CCAGCCGGAA----GCCAGAGCAT"	"CCAGCCGGAATTACGCCAGAGCAT"	0	1	0	0
"CCAGCCGGAA----GCCAGAGCAT"	"CCAGCCGGAATTAGGCCAGAGCAT"	2	2	0	0
"CCAGCCGGAA------GCCAGAGCAT"	"CCAGCCGGAATTCATGGCCAGAGCAT"	0	1	0	0
"CCAGCCGGAA------GCCAGAGCAT"	"CCAGCCGGAATTCCTGGCCAGAGCAT"	0	1	0	0
"CCAGCCGGAA----GCCAGAGCAT"	"CCAGCCGGAATTCGGCCAGAGCAT"	1	0	0	0
"CCAGCCGGAA------GCCAGAGCAT"	"CCAGCCGGAATTCGTGGCCAGAGCAT"	0	4	0	0
"CCAGCCGGAA-----GCCAGAGCAT"	"CCAGCCGGAATTCTTGCCAGAGCAT"	2	1	0	0
"CCAGCCGGAA-------GCCAGAGCAT"	"CCAGCCGGAATTCTTGGGCCAGAGCAT"	1	0	0	0
"CCAGCCGGAA---------GCCAGAGCAT"	"CCAGCCGGAATTCTTGGGTGCCAGAGCAT"	0	0	0	1
"CCAGCCGGAA------GCCAGAGCAT"	"CCAGCCGGAATTCTTTGCCAGAGCAT"	1	0	0	1
"CCAGCCGGAA----GCCAGAGCAT"	"CCAGCCGGAATTGCGCCAGAGCAT"	0	1	1	416
"CCAGCCGGAA-----GCCAGAGCAT"	"CCAGCCGGAATTGCGGCCAGAGCAT"	0	105	0	0
"CCAGCCGGAA-----GCCAGAGCAT"	"CCAGCCGGAATTGCTGCCAGAGCAT"	1	556	0	0
"CCAGCCGGAA-------GCCAGAGCAT"	"CCAGCCGGAATTGCTTGGCCAGAGCAT"	0	0	1	0
"CCAGCCGGAA----GCCAGAGCAT"	"CCAGCCGGAATTGGGCCAGAGCAT"	2	0	1	0
"CCAGCCGGAA-----GCCAGAGCAT"	"CCAGCCGGAATTGGGGCCAGAGCAT"	0	1	0	0
"CCAGCCGGAA-----GCCAGAGCAT"	"CCAGCCGGAATTGGTGCCAGAGCAT"	0	3	0	0
"CCAGCCGGAA-----GCCAGAGCAT"	"CCAGCCGGAATTGTGGCCAGAGCAT"	0	0	0	1
"CCAGCCGGAA-----GCCAGAGCAT"	"CCAGCCGGAATTGTTGCCAGAGCAT"	0	0	0	1
"CCAGCCGGAA------GCCAGAGCAT"	"CCAGCCGGAATTGTTTGCCAGAGCAT"	0	0	0	1
"CCAGCCGGAA---GCCAGAGCAT"	"CCAGCCGGAATTNGCCAGAGCAT"	3	0	3	3
"CCAGCCGGAA-----GCCAGAGCAT"	"CCAGCCGGAATTTATGCCAGAGCAT"	1	0	0	0
"CCAGCCGGAA----GCCAGAGCAT"	"CCAGCCGGAATTTCGCCAGAGCAT"	6	0	2	4
"CCAGCCGGAA-----GCCAGAGCAT"	"CCAGCCGGAATTTCTGCCAGAGCAT"	1	0	0	0
"CCAGCCGGAA------GCCAGAGCAT"	"CCAGCCGGAATTTCTTGCCAGAGCAT"	1	0	0	0
"CCAGCCGGAA-----GCCAGAGCAT"	"CCAGCCGGAATTTGTGCCAGAGCAT"	8	4	87	0
"CCAGCCGGAA------GCCAGAGCAT"	"CCAGCCGGAATTTGTTGCCAGAGCAT"	2	0	0	3
"CCAGCCGGAA-----GCCAGAGCAT"	"CCAGCCGGAATTTTCGCCAGAGCAT"	0	1	0	0
"CCAGCCGGAA------GCCAGAGCAT"	"CCAGCCGGAATTTTGTGCCAGAGCAT"	1	0	0	0
"CCAGCCGGAA------GCCAGAGCAT"	"CCAGCCGGAATTTTTCGCCAGAGCAT"	0	0	0	1
