"ref_align"	"read_align"	"count_yll069"	"count_yll070"	"count_yll071"	"count_yll072"
"CCAGCCGGAA-GCCAGAGCAT"	"CCAGCCGGAATGCCAGAGCAT"	90488	145824	325909	146599
"CCAGCCGGAAGCCAGAGCAT"	"CCAGCCGGAAGCCAGAGCAT"	26086	43007	49931	60790
"CCAGCCGGAAGCCAGAGCAT"	"-----------CCAGAGCAT"	35345	19042	17702	8865
"CCAGCCGGAAGCCAGAGCAT"	"CC-------------AGCAT"	22037	15839	7014	5443
"CCAGCCGGAAGCCAGAGCAT"	"CCA-------GCCAGAGCAT"	18633	12811	11451	4889
"CCAGCCGGAA--GCCAGAGCAT"	"CCAGCCGGAATGGCCAGAGCAT"	3655	7359	7286	8775
"CCAGCCGGAAGCCAGAGCAT"	"CCAGC------------CAT"	10095	7034	3601	3119
"CCAGCCGGAAGCCAGAGCAT"	"C----------------CAT"	13192	6212	7399	3023
"CCAGCCGGAAGCCAGAGCAT"	"CCAGCCG-------GAGCAT"	6042	10887	2888	3200
"CCAGCCGGAA--GCCAGAGCAT"	"CCAGCCGGAATTGCCAGAGCAT"	1875	5933	2658	7156
"CCAGCCGGAAGCCAGAGCAT"	"CCAGCCGGAA-------CAT"	2598	3747	1650	1521
"CCAGCCGGAA-GCCAGAGCAT"	"CCAGCCGGAAAGCCAGAGCAT"	1168	2607	1888	4626
"CCAGCCGGAAGCCAGAGCAT"	"CCAGCC----------GCAT"	5860	4910	2006	1084
"CCAGCCGGAAGCCAGAGCAT"	"CCAGCCG---------GCAT"	4339	3395	1239	1038
"CCAGCCGGAAGCCAGAGCAT"	"CCAGCCGGAA-CCAGAGCAT"	1174	1296	986	1090
"CCAGCCGGAA-GCCAGAGCAT"	"CCAGCCGGAAGGCCAGAGCAT"	841	1755	1862	2512
"CCAGCCGGAAGCCAGAGCAT"	"CCAGCC--------------"	4907	2482	1259	830
"CCAGCCGGAA--GCCAGAGCAT"	"CCAGCCGGAAGGGCCAGAGCAT"	647	2000	730	2287
"CCAGCCGGAA--GCCAGAGCAT"	"CCAGCCGGAAAAGCCAGAGCAT"	1328	2392	639	3939
"CCAGCCGGAAGCCAGAGCAT"	"CCAGCC--------GAGCAT"	1485	998	580	465
"CCAGCCGGAA---GCCAGAGCAT"	"CCAGCCGGAATTTGCCAGAGCAT"	462	2663	1026	5156
"CCAGCCGGAAGCCAGAGCAT"	"CCAGCCGG----------AT"	723	860	626	452
"CCAGCCGGAA--GCCAGAGCAT"	"CCAGCCGGAACCGCCAGAGCAT"	409	1212	638	1820
"CCAGCCGGAAGCCAGAGCAT"	"CCAGCCGGAA-----AGCAT"	541	1128	911	330
"CCAGCCGGAAGCCAGAGCAT"	"CCAGCCGGA---------AT"	1456	2320	3905	321
"CCAGCCGGAA---GCCAGAGCAT"	"CCAGCCGGAAGGGGCCAGAGCAT"	234	820	424	1383
"CCAGCCGGAA----GCCAGAGCAT"	"CCAGCCGGAATTTTGCCAGAGCAT"	578	1451	228	3125
"CCAGCCGGAAGCCAGAGCAT"	"CCAGCC----GCCAGAGCAT"	410	911	466	219
"CCAGCCGGAAGCCAGAGCAT"	"CCAGCCG-------------"	2076	1136	215	254
"CCAGCCGGAAGCCAGAGCAT"	"CCAGC-----------GCAT"	976	919	513	190
"CCAGCCGGAAGCCAGAGCAT"	"------------CAGAGCAT"	545	432	179	445
"CCAGCCGGAAGCCAGAGCAT"	"CCAGCCGG--GCCAGAGCAT"	238	210	253	163
"CCAGCCGGAA----GCCAGAGCAT"	"CCAGCCGGAATGGGGCCAGAGCAT"	410	319	162	484
"CCAGCCGGAAGCCAGAGCAT"	"CCAG--------CAGAGCAT"	1050	1232	153	264
"CCAGCCGGAAGCCAGAGCAT"	"CCAGC--------------T"	421	331	245	142
"CCAGCCGGAA---GCCAGAGCAT"	"CCAGCCGGAATCCGCCAGAGCAT"	281	132	137	415
"CCAGCCGGAA---GCCAGAGCAT"	"CCAGCCGGAATATGCCAGAGCAT"	481	594	125	1140
"CCAGCCGGAAGCCAGAGCAT"	"CCAGCC---------AGCAT"	1150	368	244	121
"CCAGCCGGAAGCCAGAGCAT"	"CCAGCCGGA--CCAGAGCAT"	192	207	218	120
"CCAGCCGGAAGCCAGAGCAT"	"CCAGCCGGA------AGCAT"	559	1223	116	748
"CCAGCCGGAA-GCCAGAGCAT"	"CCAGCCGGAACGCCAGAGCAT"	733	840	116	1652
"CCAGCCGGAA---GCCAGAGCAT"	"CCAGCCGGAAAAAGCCAGAGCAT"	66	2210	239	1845
"CCAGCCGGAAGCCAGAGCAT"	"C-------------GAGCAT"	98	63	19	7
"CCAGCCGGAAGCCAGAGCAT"	"CCAGCC-------------T"	3855	2124	6	1216
"CCAGCCGGAAGCCAGAGCAT"	"CCAGCCGG-----------T"	6	371	210	101
"CCAGCCGGAAGCCAGAGCAT"	"CCAG----------------"	509	12	16	5
"CCAGCCGGAAGCCAGAGCAT"	"CCAGCCGGA-GCCAGAGCAT"	175	325	3	483
"CCAGCCGGAA--GCCAGAGCAT"	"CCAGCCGGAAAGGCCAGAGCAT"	3	67	5	204
"CCAGCCGGAA----GCCAGAGCAT"	"CCAGCCGGAATATTGCCAGAGCAT"	83	113	2	259
"CCAGCCGGAA---GCCAGAGCAT"	"CCAGCCGGAATGCGCCAGAGCAT"	2	83	302	2
"CCAGCCGGAA------GCCAGAGCAT"	"CCAGCCGGAATGCTTGGCCAGAGCAT"	6	2	686	315
"CCAGCCGGAAGCCAGAGCAT"	"CC--------GCCAGAGCAT"	145	3	106	1
"CCAGCCGGAAGCCAGAGCAT"	"CCA-----------------"	380	372	221	1
"CCAGCCGGAAGCCAGAGCAT"	"CCA------------AGCAT"	2	42	117	1
"CCAGCCGGAAGCCAGAGCAT"	"CCAG------------GCAT"	320	5	455	1
"CCAGCCGGAAGCCAGAGCAT"	"CCAGCCG-----------AT"	6	8	120	1
"CCAGCCGGAA----GCCAGAGCAT"	"CCAGCCGGAAAAAAGCCAGAGCAT"	1	549	494	1187
"CCAGCCGGAA---GCCAGAGCAT"	"CCAGCCGGAACCCGCCAGAGCAT"	1	422	271	541
"CCAGCCGGAA--GCCAGAGCAT"	"CCAGCCGGAAGTGCCAGAGCAT"	189	214	1	524
"CCAGCCGGAA--GCCAGAGCAT"	"CCAGCCGGAATCGCCAGAGCAT"	1	1161	1	416
"CCAGCCGGAA---GCCAGAGCAT"	"CCAGCCGGAATCGGCCAGAGCAT"	1	200	268	2
"CCAGCCGGAA---GCCAGAGCAT"	"CCAGCCGGAATCTGCCAGAGCAT"	124	72	1	321
"CCAGCCGGAA---GCCAGAGCAT"	"CCAGCCGGAATTCGCCAGAGCAT"	153	1	2	2
"CCAGCCGGAAGCCAGAGCAT"	"--------------------"	208	0	0	0
"CCAGCCGGAAGCCAGAGCAT"	"------------------AT"	0	1	0	0
"CCAGCCGGAAGCCAGAGCAT"	"-----------------CAT"	707	0	0	0
"CCAGCCGGAAGCCAGAGCAT"	"-------------AGAGCAT"	158	1	0	0
"CCAGCCGGAAGCCAGAGCAT"	"----------GCCAGAGCAT"	251	0	1	0
"CCAGCCGGAAGCCAGAGCAT"	"C-------------------"	1	0	0	0
"CCAGCCGGAAGCCAGAGCAT"	"C------------------T"	0	1	0	0
"CCAGCCGGAAGCCAGAGCAT"	"C---------------GCAT"	0	0	1	0
"CCAGCCGGAAGCCAGAGCAT"	"C--------------AGCAT"	0	57	0	0
"CCAGCCGGAAGCCAGAGCAT"	"C----------CCAGAGCAT"	1177	71	261	0
"CCAGCCGGAAGCCAGAGCAT"	"C---------GCCAGAGCAT"	0	95	0	0
"CCAGCCGGAAGCCAGAGCAT"	"CC-----------------T"	0	1	0	0
"CCAGCCGGAAGCCAGAGCAT"	"CC---------------CAT"	0	0	256	0
"CCAGCCGGAAGCCAGAGCAT"	"CC------------GAGCAT"	0	1	3	1
"CCAGCCGGAAGCCAGAGCAT"	"CC---------CCAGAGCAT"	0	0	2	0
"CCAGCCGGAAGCCAGAGCAT"	"CCA---------------AT"	1	0	0	0
"CCAGCCGGAAGCCAGAGCAT"	"CCA----------AGAGCAT"	0	0	126	1
"CCAGCCGGAAGCCAGAGCAT"	"CCA--------CCAGAGCAT"	3	1	0	1
"CCAGCCGGAAGCCAGAGCAT"	"CCAG---------------T"	240	1	0	162
"CCAGCCGGAAGCCAGAGCAT"	"CCAG--------------AT"	1	67	0	0
"CCAGCCGGAAGCCAGAGCAT"	"CCAG---------AGAGCAT"	197	0	173	0
"CCAGCCGGAAGCCAGAGCAT"	"CCAG------GCCAGAGCAT"	184	202	0	201
"CCAGCCGGAAGCCAGAGCAT"	"CCAGC---------------"	1	0	0	0
"CCAGCCGGAAGCCAGAGCAT"	"CCAGC----------AGCAT"	101	81	4	0
"CCAGCCGGAAGCCAGAGCAT"	"CCAGC---------GAGCAT"	3	0	2	0
"CCAGCCGGAAGCCAGAGCAT"	"CCAGC------CCAGAGCAT"	1452	587	0	137
"CCAGCCGGAAGCCAGAGCAT"	"CCAGC-----GCCAGAGCAT"	187	66	0	1
"CCAGCCGGAAGCCAGAGCAT"	"CCAGCC-----------CAT"	589	31	292	0
"CCAGCCGGAAGCCAGAGCAT"	"CCAGCC-----CCAGAGCAT"	0	167	9	113
"CCAGCCGGAAGCCAGAGCAT"	"CCAGCCG------------T"	457	701	0	1
"CCAGCCGGAAGCCAGAGCAT"	"CCAGCCG------AGAGCAT"	197	323	0	361
"CCAGCCGGAAGCCAGAGCAT"	"CCAGCCG-----CAGAGCAT"	565	129	0	139
"CCAGCCGGAAGCCAGAGCAT"	"CCAGCCG---GCCAGAGCAT"	473	444	634	0
"CCAGCCGGAAGCCAGAGCAT"	"CCAGCCGG------------"	61	1	0	0
"CCAGCCGGAAGCCAGAGCAT"	"CCAGCCGG--------GCAT"	6	82	120	0
"CCAGCCGGAAGCCAGAGCAT"	"CCAGCCGG------GAGCAT"	553	221	0	2
"CCAGCCGGAAGCCAGAGCAT"	"CCAGCCGG-----AGAGCAT"	924	1325	0	454
"CCAGCCGGAAGCCAGAGCAT"	"CCAGCCGG----CAGAGCAT"	0	85	204	5
"CCAGCCGGAAGCCAGAGCAT"	"CCAGCCGGA-----------"	3	0	1	0
"CCAGCCGGAAGCCAGAGCAT"	"CCAGCCGGA--------CAT"	235	530	0	186
"CCAGCCGGAAGCCAGAGCAT"	"CCAGCCGGA----AGAGCAT"	0	382	428	312
"CCAGCCGGAAGCCAGAGCAT"	"CCAGCCGGA---CAGAGCAT"	165	203	0	0
"CCAGCCGGAAGCCAGAGCAT"	"CCAGCCGGAA----------"	214	240	0	0
"CCAGCCGGAAGCCAGAGCAT"	"CCAGCCGGAA--------AT"	0	1	0	235
"CCAGCCGGAAGCCAGAGCAT"	"CCAGCCGGAA---AGAGCAT"	127	324	0	166
"CCAGCCGGAAGCCAGAGCAT"	"CCAGCCGGAA--CAGAGCAT"	151	832	0	205
"CCAGCCGGAA---------GCCAGAGCAT"	"CCAGCCGGAAAAAAAAATGGCCAGAGCAT"	0	0	1	0
"CCAGCCGGAA---------GCCAGAGCAT"	"CCAGCCGGAAAAAAAAATTGCCAGAGCAT"	0	0	190	0
"CCAGCCGGAA---------GCCAGAGCAT"	"CCAGCCGGAAAAAAAAGTTGCCAGAGCAT"	0	0	1	0
"CCAGCCGGAA-----GCCAGAGCAT"	"CCAGCCGGAAAAAAAGCCAGAGCAT"	0	87	0	130
"CCAGCCGGAA----GCCAGAGCAT"	"CCAGCCGGAAAAACGCCAGAGCAT"	0	0	0	2
"CCAGCCGGAA----GCCAGAGCAT"	"CCAGCCGGAAAAAGGCCAGAGCAT"	0	1	1	83
"CCAGCCGGAA----GCCAGAGCAT"	"CCAGCCGGAAAAATGCCAGAGCAT"	0	0	0	2
"CCAGCCGGAA---GCCAGAGCAT"	"CCAGCCGGAAAACGCCAGAGCAT"	0	2	1	3
"CCAGCCGGAA-----GCCAGAGCAT"	"CCAGCCGGAAAACTGGCCAGAGCAT"	0	0	0	1
"CCAGCCGGAA----GCCAGAGCAT"	"CCAGCCGGAAAAGCGCCAGAGCAT"	0	0	0	1
"CCAGCCGGAA---GCCAGAGCAT"	"CCAGCCGGAAAAGGCCAGAGCAT"	0	0	0	3
"CCAGCCGGAA-----GCCAGAGCAT"	"CCAGCCGGAAAAGTCGCCAGAGCAT"	0	0	0	1
"CCAGCCGGAA----GCCAGAGCAT"	"CCAGCCGGAAAAGTGCCAGAGCAT"	0	0	0	2
"CCAGCCGGAA---GCCAGAGCAT"	"CCAGCCGGAAAANGCCAGAGCAT"	0	1	0	0
"CCAGCCGGAA---GCCAGAGCAT"	"CCAGCCGGAAAATGCCAGAGCAT"	0	95	0	146
"CCAGCCGGAA----GCCAGAGCAT"	"CCAGCCGGAAAATGGCCAGAGCAT"	0	1	0	0
"CCAGCCGGAA----GCCAGAGCAT"	"CCAGCCGGAAAATTGCCAGAGCAT"	0	114	0	0
"CCAGCCGGAA-----GCCAGAGCAT"	"CCAGCCGGAAACCCCGCCAGAGCAT"	0	0	0	106
"CCAGCCGGAA---GCCAGAGCAT"	"CCAGCCGGAAACCGCCAGAGCAT"	0	0	0	94
"CCAGCCGGAA-----GCCAGAGCAT"	"CCAGCCGGAAACCGCGCCAGAGCAT"	0	0	0	1
"CCAGCCGGAA-----GCCAGAGCAT"	"CCAGCCGGAAACCTCGCCAGAGCAT"	0	0	0	1
"CCAGCCGGAA--GCCAGAGCAT"	"CCAGCCGGAAACGCCAGAGCAT"	0	0	0	1
"CCAGCCGGAA-----GCCAGAGCAT"	"CCAGCCGGAAAGAATGCCAGAGCAT"	1	0	0	0
"CCAGCCGGAA----GCCAGAGCAT"	"CCAGCCGGAAAGAGGCCAGAGCAT"	0	0	0	1
"CCAGCCGGAA----GCCAGAGCAT"	"CCAGCCGGAAAGGGGCCAGAGCAT"	1	0	0	0
"CCAGCCGGAA-----GCCAGAGCAT"	"CCAGCCGGAAATAATGCCAGAGCAT"	109	0	0	0
"CCAGCCGGAA----GCCAGAGCAT"	"CCAGCCGGAAATATGCCAGAGCAT"	0	0	0	1
"CCAGCCGGAA---GCCAGAGCAT"	"CCAGCCGGAAATCGCCAGAGCAT"	0	0	0	95
"CCAGCCGGAA--GCCAGAGCAT"	"CCAGCCGGAAATGCCAGAGCAT"	0	378	506	710
"CCAGCCGGAA---GCCAGAGCAT"	"CCAGCCGGAAATGGCCAGAGCAT"	0	1	0	1
"CCAGCCGGAA----GCCAGAGCAT"	"CCAGCCGGAAATTGGCCAGAGCAT"	0	102	0	0
"CCAGCCGGAA----GCCAGAGCAT"	"CCAGCCGGAAATTTGCCAGAGCAT"	0	23	0	1
"CCAGCCGGAA------GCCAGAGCAT"	"CCAGCCGGAACACCGGGCCAGAGCAT"	0	102	0	0
"CCAGCCGGAA---GCCAGAGCAT"	"CCAGCCGGAACATGCCAGAGCAT"	0	85	0	1
"CCAGCCGGAA----GCCAGAGCAT"	"CCAGCCGGAACCCGGCCAGAGCAT"	0	0	0	1
"CCAGCCGGAA----GCCAGAGCAT"	"CCAGCCGGAACCCTGCCAGAGCAT"	0	0	0	155
"CCAGCCGGAA---GCCAGAGCAT"	"CCAGCCGGAACCGGCCAGAGCAT"	0	0	0	185
"CCAGCCGGAA---GCCAGAGCAT"	"CCAGCCGGAACCNGCCAGAGCAT"	0	0	0	1
"CCAGCCGGAA---GCCAGAGCAT"	"CCAGCCGGAACCTGCCAGAGCAT"	0	74	0	0
"CCAGCCGGAA------GCCAGAGCAT"	"CCAGCCGGAACGCCGGGCCAGAGCAT"	0	1	0	0
"CCAGCCGGAA---GCCAGAGCAT"	"CCAGCCGGAACGCGCCAGAGCAT"	0	0	0	75
"CCAGCCGGAA----GCCAGAGCAT"	"CCAGCCGGAACGCGGCCAGAGCAT"	0	0	0	114
"CCAGCCGGAA----GCCAGAGCAT"	"CCAGCCGGAACGCTGCCAGAGCAT"	0	0	0	1
"CCAGCCGGAA--GCCAGAGCAT"	"CCAGCCGGAACGGCCAGAGCAT"	0	1	167	7
"CCAGCCGGAA---GCCAGAGCAT"	"CCAGCCGGAACGGGCCAGAGCAT"	0	63	0	0
"CCAGCCGGAA---GCCAGAGCAT"	"CCAGCCGGAACGTGCCAGAGCAT"	0	98	0	139
"CCAGCCGGAA--GCCAGAGCAT"	"CCAGCCGGAACTGCCAGAGCAT"	0	177	0	111
"CCAGCCGGAA---GCCAGAGCAT"	"CCAGCCGGAACTTGCCAGAGCAT"	0	1	0	0
"CCAGCCGGAA----GCCAGAGCAT"	"CCAGCCGGAACTTTGCCAGAGCAT"	0	0	0	1
"CCAGCCGGAA---GCCAGAGCAT"	"CCAGCCGGAAGAAGCCAGAGCAT"	1	0	0	0
"CCAGCCGGAA---GCCAGAGCAT"	"CCAGCCGGAAGAGGCCAGAGCAT"	0	0	0	76
"CCAGCCGGAA----GCCAGAGCAT"	"CCAGCCGGAAGCCTGCCAGAGCAT"	0	1	0	0
"CCAGCCGGAA---GCCAGAGCAT"	"CCAGCCGGAAGCGGCCAGAGCAT"	1	1	0	0
"CCAGCCGGAA----GCCAGAGCAT"	"CCAGCCGGAAGCGGGCCAGAGCAT"	0	115	0	0
"CCAGCCGGAA----GCCAGAGCAT"	"CCAGCCGGAAGGCCGCCAGAGCAT"	0	1	0	111
"CCAGCCGGAA---GCCAGAGCAT"	"CCAGCCGGAAGGCGCCAGAGCAT"	0	0	1	2
"CCAGCCGGAA----GCCAGAGCAT"	"CCAGCCGGAAGGCTGCCAGAGCAT"	0	126	0	0
"CCAGCCGGAA------GCCAGAGCAT"	"CCAGCCGGAAGGGGCCGCCAGAGCAT"	0	0	0	102
"CCAGCCGGAA----GCCAGAGCAT"	"CCAGCCGGAAGGGGGCCAGAGCAT"	144	90	0	260
"CCAGCCGGAA------GCCAGAGCAT"	"CCAGCCGGAAGGGGTCGCCAGAGCAT"	0	0	0	1
"CCAGCCGGAA---GCCAGAGCAT"	"CCAGCCGGAAGGNGCCAGAGCAT"	0	0	0	1
"CCAGCCGGAA---GCCAGAGCAT"	"CCAGCCGGAAGGTGCCAGAGCAT"	0	1	70	80
"CCAGCCGGAA---GCCAGAGCAT"	"CCAGCCGGAAGTGGCCAGAGCAT"	0	75	0	116
"CCAGCCGGAA----GCCAGAGCAT"	"CCAGCCGGAAGTGGGCCAGAGCAT"	0	146	0	94
"CCAGCCGGAA---GCCAGAGCAT"	"CCAGCCGGAAGTTGCCAGAGCAT"	0	85	0	1
"CCAGCCGGAA-----GCCAGAGCAT"	"CCAGCCGGAAGTTTTGCCAGAGCAT"	0	0	0	1
"CCAGCCGGAA----GCCAGAGCAT"	"CCAGCCGGAATAACGCCAGAGCAT"	0	3	0	0
"CCAGCCGGAA----GCCAGAGCAT"	"CCAGCCGGAATAAGGCCAGAGCAT"	2	4	0	2
"CCAGCCGGAA------GCCAGAGCAT"	"CCAGCCGGAATAATATGCCAGAGCAT"	0	77	0	0
"CCAGCCGGAA----GCCAGAGCAT"	"CCAGCCGGAATAATGCCAGAGCAT"	1	337	0	89
"CCAGCCGGAA-----GCCAGAGCAT"	"CCAGCCGGAATACATGCCAGAGCAT"	0	0	0	196
"CCAGCCGGAA---GCCAGAGCAT"	"CCAGCCGGAATACGCCAGAGCAT"	1	0	1	2
"CCAGCCGGAA---GCCAGAGCAT"	"CCAGCCGGAATAGGCCAGAGCAT"	0	1	1	172
"CCAGCCGGAA----GCCAGAGCAT"	"CCAGCCGGAATAGGGCCAGAGCAT"	0	2	0	0
"CCAGCCGGAA----GCCAGAGCAT"	"CCAGCCGGAATATCGCCAGAGCAT"	0	0	0	2
"CCAGCCGGAA------GCCAGAGCAT"	"CCAGCCGGAATATCTTGCCAGAGCAT"	0	2	0	0
"CCAGCCGGAA----GCCAGAGCAT"	"CCAGCCGGAATATGGCCAGAGCAT"	0	98	0	0
"CCAGCCGGAA-----GCCAGAGCAT"	"CCAGCCGGAATATGTGCCAGAGCAT"	0	0	0	1
"CCAGCCGGAA-----GCCAGAGCAT"	"CCAGCCGGAATATTTGCCAGAGCAT"	0	1	0	70
"CCAGCCGGAA------GCCAGAGCAT"	"CCAGCCGGAATATTTTGCCAGAGCAT"	0	61	0	0
"CCAGCCGGAA----GCCAGAGCAT"	"CCAGCCGGAATCCCGCCAGAGCAT"	0	158	1	389
"CCAGCCGGAA-----GCCAGAGCAT"	"CCAGCCGGAATCCCTGCCAGAGCAT"	0	82	0	0
"CCAGCCGGAA----GCCAGAGCAT"	"CCAGCCGGAATCCTGCCAGAGCAT"	0	0	0	288
"CCAGCCGGAA-----GCCAGAGCAT"	"CCAGCCGGAATCCTTGCCAGAGCAT"	0	1	0	0
"CCAGCCGGAA----GCCAGAGCAT"	"CCAGCCGGAATGAGGCCAGAGCAT"	0	0	1	0
"CCAGCCGGAA----GCCAGAGCAT"	"CCAGCCGGAATGATGCCAGAGCAT"	0	2	0	1
"CCAGCCGGAA------GCCAGAGCAT"	"CCAGCCGGAATGATTGGCCAGAGCAT"	0	0	1	0
"CCAGCCGGAA-------GCCAGAGCAT"	"CCAGCCGGAATGATTGGGCCAGAGCAT"	0	0	0	1
"CCAGCCGGAA------GCCAGAGCAT"	"CCAGCCGGAATGCATGGCCAGAGCAT"	0	0	2	0
"CCAGCCGGAA----GCCAGAGCAT"	"CCAGCCGGAATGCCGCCAGAGCAT"	0	0	0	170
"CCAGCCGGAA----GCCAGAGCAT"	"CCAGCCGGAATGCGGCCAGAGCAT"	0	0	0	1
"CCAGCCGGAA------GCCAGAGCAT"	"CCAGCCGGAATGCGTGGCCAGAGCAT"	0	0	4	1
"CCAGCCGGAA-------GCCAGAGCAT"	"CCAGCCGGAATGCGTGGGCCAGAGCAT"	0	0	0	4
"CCAGCCGGAA---------GCCAGAGCAT"	"CCAGCCGGAATGCTCGGGTGCCAGAGCAT"	0	0	1	0
"CCAGCCGGAA----GCCAGAGCAT"	"CCAGCCGGAATGCTGCCAGAGCAT"	0	0	0	2
"CCAGCCGGAA------GCCAGAGCAT"	"CCAGCCGGAATGCTGGGCCAGAGCAT"	0	0	1	0
"CCAGCCGGAA-----GCCAGAGCAT"	"CCAGCCGGAATGCTTGCCAGAGCAT"	0	0	0	1
"CCAGCCGGAA-------GCCAGAGCAT"	"CCAGCCGGAATGCTTGGGCCAGAGCAT"	0	0	0	245
"CCAGCCGGAA--------GCCAGAGCAT"	"CCAGCCGGAATGCTTGGGGCCAGAGCAT"	0	50	0	0
"CCAGCCGGAA---------GCCAGAGCAT"	"CCAGCCGGAATGCTTGGGTGCCAGAGCAT"	0	0	150	2
"CCAGCCGGAA------GCCAGAGCAT"	"CCAGCCGGAATGCTTTGCCAGAGCAT"	0	0	1	0
"CCAGCCGGAA------GCCAGAGCAT"	"CCAGCCGGAATGGCCCGCCAGAGCAT"	0	0	0	122
"CCAGCCGGAA------GCCAGAGCAT"	"CCAGCCGGAATGGCTCGCCAGAGCAT"	0	0	0	1
"CCAGCCGGAA---GCCAGAGCAT"	"CCAGCCGGAATGGGCCAGAGCAT"	0	591	0	935
"CCAGCCGGAA-----GCCAGAGCAT"	"CCAGCCGGAATGGGGGCCAGAGCAT"	2	17	0	72
"CCAGCCGGAA----GCCAGAGCAT"	"CCAGCCGGAATGGTGCCAGAGCAT"	2	0	0	234
"CCAGCCGGAA-----GCCAGAGCAT"	"CCAGCCGGAATGGTGGCCAGAGCAT"	195	0	0	0
"CCAGCCGGAA---GCCAGAGCAT"	"CCAGCCGGAATGNGCCAGAGCAT"	0	1	0	0
"CCAGCCGGAA---GCCAGAGCAT"	"CCAGCCGGAATGTGCCAGAGCAT"	0	232	85	378
"CCAGCCGGAA----GCCAGAGCAT"	"CCAGCCGGAATGTGGCCAGAGCAT"	0	1	0	0
"CCAGCCGGAA-----GCCAGAGCAT"	"CCAGCCGGAATGTGTGCCAGAGCAT"	0	122	0	0
"CCAGCCGGAA----GCCAGAGCAT"	"CCAGCCGGAATGTTGCCAGAGCAT"	5	117	0	11
"CCAGCCGGAA-----GCCAGAGCAT"	"CCAGCCGGAATGTTTGCCAGAGCAT"	0	4	0	5
"CCAGCCGGAA-------GCCAGAGCAT"	"CCAGCCGGAATGTTTTTGCCAGAGCAT"	0	0	2	0
"CCAGCCGGAA----GCCAGAGCAT"	"CCAGCCGGAATTAGGCCAGAGCAT"	1	0	0	4
"CCAGCCGGAA----GCCAGAGCAT"	"CCAGCCGGAATTATGCCAGAGCAT"	0	36	0	479
"CCAGCCGGAA-----GCCAGAGCAT"	"CCAGCCGGAATTATTGCCAGAGCAT"	0	60	0	2
"CCAGCCGGAA----GCCAGAGCAT"	"CCAGCCGGAATTCTGCCAGAGCAT"	0	0	0	1
"CCAGCCGGAA------GCCAGAGCAT"	"CCAGCCGGAATTCTTGGCCAGAGCAT"	0	0	1	0
"CCAGCCGGAA-------GCCAGAGCAT"	"CCAGCCGGAATTCTTTTGCCAGAGCAT"	0	0	1	0
"CCAGCCGGAA--------GCCAGAGCAT"	"CCAGCCGGAATTGCTTGGGCCAGAGCAT"	0	0	0	32
"CCAGCCGGAA---GCCAGAGCAT"	"CCAGCCGGAATTGGCCAGAGCAT"	0	183	1	193
"CCAGCCGGAA----GCCAGAGCAT"	"CCAGCCGGAATTGGGCCAGAGCAT"	0	1	0	1
"CCAGCCGGAA----GCCAGAGCAT"	"CCAGCCGGAATTGTGCCAGAGCAT"	0	87	0	141
"CCAGCCGGAA---GCCAGAGCAT"	"CCAGCCGGAATTNGCCAGAGCAT"	0	0	0	1
"CCAGCCGGAA-----GCCAGAGCAT"	"CCAGCCGGAATTTAGGCCAGAGCAT"	0	1	0	0
"CCAGCCGGAA-----GCCAGAGCAT"	"CCAGCCGGAATTTATGCCAGAGCAT"	0	1	0	1
"CCAGCCGGAA----GCCAGAGCAT"	"CCAGCCGGAATTTCGCCAGAGCAT"	1	0	0	4
"CCAGCCGGAA-----GCCAGAGCAT"	"CCAGCCGGAATTTCTGCCAGAGCAT"	0	2	0	2
"CCAGCCGGAA------GCCAGAGCAT"	"CCAGCCGGAATTTCTTGCCAGAGCAT"	0	1	0	0
"CCAGCCGGAA-------GCCAGAGCAT"	"CCAGCCGGAATTTCTTTGCCAGAGCAT"	0	0	1	0
"CCAGCCGGAA----GCCAGAGCAT"	"CCAGCCGGAATTTGGCCAGAGCAT"	2	5	0	4
"CCAGCCGGAA-----GCCAGAGCAT"	"CCAGCCGGAATTTGTGCCAGAGCAT"	0	1	0	2
"CCAGCCGGAA------GCCAGAGCAT"	"CCAGCCGGAATTTGTTGCCAGAGCAT"	0	0	2	0
"CCAGCCGGAA-------GCCAGAGCAT"	"CCAGCCGGAATTTGTTTGCCAGAGCAT"	0	0	3	0
"CCAGCCGGAA------GCCAGAGCAT"	"CCAGCCGGAATTTTTCGCCAGAGCAT"	0	0	1	0
"CCAGCCGGAA-----GCCAGAGCAT"	"CCAGCCGGAATTTTTGCCAGAGCAT"	0	533	1	1147
"CCAGCCGGAA------GCCAGAGCAT"	"CCAGCCGGAATTTTTTGCCAGAGCAT"	0	54	173	408
"CCAGCCGGAA-------GCCAGAGCAT"	"CCAGCCGGAATTTTTTTGCCAGAGCAT"	0	0	234	0
"CCAGCCGGAA--------GCCAGAGCAT"	"CCAGCCGGAATTTTTTTTGCCAGAGCAT"	0	0	0	133
"CCAGCCGGAA----------GCCAGAGCAT"	"CCAGCCGGAATTTTTTTTTTGCCAGAGCAT"	0	0	0	4
"CCAGCCGGAA-----------GCCAGAGCAT"	"CCAGCCGGAATTTTTTTTTTTGCCAGAGCAT"	0	0	0	1
