"ref_align"	"read_align"	"freq_yll023"	"freq_yll024"	"freq_yll025"	"freq_yll026"
"CCAGCCGGAA-GCCAGAGCAT"	"CCAGCCGGAATGCCAGAGCAT"	0.31059047994106403	0.24193084965765405	0.3341495093639027	0.3633315924013982
"CCAGCCGGAAGCCAGAGCAT"	"CCAGCCGGAAGCCAGAGCAT"	0.09553363186072644	0.05165436117585494	0.10343697044798732	0.09724023728524883
"CCAGCCGGAA--GCCAGAGCAT"	"CCAGCCGGAATGGCCAGAGCAT"	0.016328927847581283	0.009287076635682108	0.01759289464350613	0.018532064569705128
"CCAGCCGGAA--GCCAGAGCAT"	"CCAGCCGGAATTGCCAGAGCAT"	0.007214223393095394	0.006006321066959877	0.007832170052150611	0.005899888701778359
"CCAGCCGGAA-GCCAGAGCAT"	"CCAGCCGGAAAGCCAGAGCAT"	0.003990059648896478	0.0036710787429170217	0.005360379985725357	0.002746028878467363
"CCAGCCGGAAGCCAGAGCAT"	"-----------CCAGAGCAT"	0.0038654657672369014	0.007766283157140475	0.002609172552402387	0.003955984777593074
"CCAGCCGGAAGCCAGAGCAT"	"CCA-------GCCAGAGCAT"	0.0038226896661766653	0.004838540459197357	0.0022785788411267332	0.0033224562006301814
"CCAGCCGGAA--GCCAGAGCAT"	"CCAGCCGGAAAAGCCAGAGCAT"	0.004862216820513517	0.0020409054859858353	0.006056323535207135	0.0037812352478169844
"CCAGCCGGAAGCCAGAGCAT"	"CCAGCCG-------GAGCAT"	0.0020729434370936697	0.0025048925925654276	0.0016376430200939673	0.0021129925537010227
"CCAGCCGGAA-GCCAGAGCAT"	"CCAGCCGGAAGGCCAGAGCAT"	0.0023037985856727223	0.0015871229068361724	0.0031660915941622843	0.002234578846249457
"CCAGCCGGAAGCCAGAGCAT"	"CCAGCCGGAA-------CAT"	0.0015640436316230815	0.0016550467925416385	0.0013979078453609602	0.002608690515629253
"CCAGCCGGAA--GCCAGAGCAT"	"CCAGCCGGAAGGGCCAGAGCAT"	0.0017870904442943132	0.001242082323111692	0.003452077048038988	0.002614597541987882
"CCAGCCGGAA---GCCAGAGCAT"	"CCAGCCGGAAAAAGCCAGAGCAT"	0.00216664346798752	0.0011288758469359152	0.0029195146621594993	0.00233106027677372
"CCAGCCGGAA---GCCAGAGCAT"	"CCAGCCGGAATTTGCCAGAGCAT"	0.0025299008341339705	0.0010459640615677406	0.003343703612885711	0.00313687712252994
"CCAGCCGGAA---GCCAGAGCAT"	"CCAGCCGGAATGGGCCAGAGCAT"	0.0013793595127598393	0.0010816799075724927	0.0018563055824360596	0.0006886608229767573
"CCAGCCGGAA-GCCAGAGCAT"	"CCAGCCGGAACGCCAGAGCAT"	0.00133963884748962	0.000687211144109293	0.0011901920946505121	0.0006546954214146442
"CCAGCCGGAA--GCCAGAGCAT"	"CCAGCCGGAACCGCCAGAGCAT"	0.00063281470139905	0.0007713984954062087	0.0015872876865884043	0.000605716327857684
"CCAGCCGGAA---GCCAGAGCAT"	"CCAGCCGGAATATGCCAGAGCAT"	0.0006657455093581208	0.0004474047495059574	0.0009154271226962435	0.0008306755816821144
"CCAGCCGGAAGCCAGAGCAT"	"CCAGCCGGA---------AT"	0.0006368886157857393	0.0012015831048741606	0.0003472875990139112	0.0009237112468305111
"CCAGCCGGAA----GCCAGAGCAT"	"CCAGCCGGAATTTTGCCAGAGCAT"	0.0019921441350910013	0.0003935120890166439	0.004256941373255625	0.0021353900286441552
"CCAGCCGGAAGCCAGAGCAT"	"C----------------CAT"	0.0004009410742233252	0.004563337110071454	0.00041570517171168723	0.0007268103682095655
"CCAGCCGGAAGCCAGAGCAT"	"CCAGCCGGAA-CCAGAGCAT"	0.0003863428810043557	0.0008141299540190372	0.0004441668819539621	0.00042850553709883294
"CCAGCCGGAAGCCAGAGCAT"	"CCAGCCGGAA-----AGCAT"	0.0006178770153145232	0.00032080483107839854	0.0005506246250717016	0.0009074669243442832
"CCAGCCGGAAGCCAGAGCAT"	"CC-------------AGCAT"	0.0012815855674792995	0.002374784867833831	0.00018199074337608428	0.0026104133983171868
"CCAGCCGGAA-----GCCAGAGCAT"	"CCAGCCGGAATGCTTGCCAGAGCAT"	0.0004943016122516185	0.000210149486760104	0.00023344075804481186	0.0003288244672969792
"CCAGCCGGAAGCCAGAGCAT"	"CCAGCC----------GCAT"	0.00019996129781332645	0.0004981084951734179	0.0005372147808229375	0.00048191490042476443
"CCAGCCGGAA--GCCAGAGCAT"	"CCAGCCGGAAAGGCCAGAGCAT"	0.00019418991909885014	0.0002799867213586818	0.00032293094313350296	0.00019960826570198363
"CCAGCCGGAA-----GCCAGAGCAT"	"CCAGCCGGAAAAAAAGCCAGAGCAT"	0.00028856893572381577	0.0003157025673634339	0.00011630987358621927	0.000413737971202262
"CCAGCCGGAA----GCCAGAGCAT"	"CCAGCCGGAATGGGGCCAGAGCAT"	0.00023764500589020123	2.4235752646081795e-05	0.0004718075813238636	0.00034580716807803576
"CCAGCCGGAA--GCCAGAGCAT"	"CCAGCCGGAAGTGCCAGAGCAT"	1.7993121874543808e-05	1.4031225216152619e-05	0.0004241889507262115	1.5013691994847104e-05
"CCAGCCGGAA---GCCAGAGCAT"	"CCAGCCGGAAGGGGCCAGAGCAT"	1.3919207487854643e-05	0.0005497689152874345	0.001284882015264234	0.000728779376995775
"CCAGCCGGAAGCCAGAGCAT"	"CCAGC-----------GCAT"	0.00011237213849950943	3.220803970071397e-05	1.0125800759270854e-05	1.6244322486228015e-05
"CCAGCCGGAA--GCCAGAGCAT"	"CCAGCCGGAATCGCCAGAGCAT"	0.0011573311786852798	1.1161201876485039e-05	0.0009835710251032284	0.00034999131174873085
"CCAGCCGGAA----GCCAGAGCAT"	"CCAGCCGGAATGTTGCCAGAGCAT"	8.147828773378327e-06	0.00031952926514965737	1.8609579773795085e-05	9.106665636218735e-06
"CCAGCCGGAA---GCCAGAGCAT"	"CCAGCCGGAATGTGCCAGAGCAT"	0.0008334549849434914	7.015612608076309e-06	0.0006784286508711473	0.0006948139754336619
"CCAGCCGGAAGCCAGAGCAT"	"CCAGCC-------------T"	0.00024070044168021808	6.058938161520449e-06	0.00011959391707571252	6.891530751733097e-06
"CCAGCCGGAAGCCAGAGCAT"	"CCAGC------------CAT"	0.0010459775187824428	0.001316702929943049	4.378724652657667e-06	0.0005990709232042271
"CCAGCCGGAAGCCAGAGCAT"	"CCAGCC----GCCAGAGCAT"	0.0001612591111397794	4.7833722327793015e-06	0.00011932024678492143	0.0004262904022143473
"CCAGCCGGAA----GCCAGAGCAT"	"CCAGCCGGAAAAAAGCCAGAGCAT"	0.0027695827972175164	4.464480750594015e-06	0.0010336526883180004	0.0007174575764750706
"CCAGCCGGAA-----GCCAGAGCAT"	"CCAGCCGGAATTTTTGCCAGAGCAT"	0.0007950922911355018	4.464480750594015e-06	0.0017200177776220899	0.0010115782639151083
"CCAGCCGGAA--GCCAGAGCAT"	"CCAGCCGGAAATGCCAGAGCAT"	0.00038498490954212597	4.145589268408728e-06	0.0007969278867836954	0.00032390194533145556
"CCAGCCGGAA--GCCAGAGCAT"	"CCAGCCGGAACGGCCAGAGCAT"	1.3919207487854643e-05	4.145589268408728e-06	1.587287686588404e-05	1.4029187601742376e-05
"CCAGCCGGAA------GCCAGAGCAT"	"CCAGCCGGAATGCTTGGCCAGAGCAT"	4.413407252246594e-06	0.00018240592780998405	0.0007356257416464881	0.00013906124552604286
"CCAGCCGGAA--GCCAGAGCAT"	"CCAGCCGGAACTGCCAGAGCAT"	0.000224065291267904	3.826697786223442e-06	6.020746397404292e-06	0.00017917979954506052
"CCAGCCGGAAGCCAGAGCAT"	"CCAGCCG---GCCAGAGCAT"	0.0005357197418496251	4.7833722327793015e-06	2.736702907911042e-06	4.922521965523641e-06
"CCAGCCGGAA---GCCAGAGCAT"	"CCAGCCGGAAAACGCCAGAGCAT"	7.129350176706036e-06	3.188914821852868e-06	8.757449305315334e-06	0.0001713037644002227
"CCAGCCGGAA---GCCAGAGCAT"	"CCAGCCGGAAGTTGCCAGAGCAT"	5.092392983361455e-06	2.870023339667581e-06	0.00016037079040358705	6.645404653456915e-06
"CCAGCCGGAAGCCAGAGCAT"	"CCAGCCG---------GCAT"	5.431885848918885e-06	2.5511318574822945e-06	8.593247130840671e-05	0.0007880957666803348
"CCAGCCGGAA--GCCAGAGCAT"	"CCAGCCGGAAACGCCAGAGCAT"	9.84529310116548e-06	2.2322403752970075e-06	0.00019923197169592386	5.168648063799823e-06
"CCAGCCGGAA---GCCAGAGCAT"	"CCAGCCGGAAGAAGCCAGAGCAT"	8.147828773378327e-06	1.913348893111721e-06	8.483779014524229e-06	7.629909046561643e-06
"CCAGCCGGAA--GCCAGAGCAT"	"CCAGCCGGAAGCGCCAGAGCAT"	2.7159429244594425e-06	1.913348893111721e-06	6.841757269777604e-06	1.7228826879332743e-06
"CCAGCCGGAA---GCCAGAGCAT"	"CCAGCCGGAAGGCGCCAGAGCAT"	5.431885848918885e-06	1.913348893111721e-06	6.294416688195396e-06	0.0005857801138973133
"CCAGCCGGAA---GCCAGAGCAT"	"CCAGCCGGAATGCGCCAGAGCAT"	0.0006100686794067023	1.913348893111721e-06	0.00013519312365080547	0.0005075120146454873
"CCAGCCGGAA---GCCAGAGCAT"	"CCAGCCGGAATTGGCCAGAGCAT"	0.00026174899934477877	1.913348893111721e-06	0.0001390245077218809	1.7228826879332743e-06
"CCAGCCGGAAGCCAGAGCAT"	"CCAG----------------"	1.6974643277871515e-06	2.072794634204364e-05	1.9156920355377293e-06	2.9535131793141842e-06
"CCAGCCGGAAGCCAGAGCAT"	"CCAGCCG-------------"	2.376450058902012e-06	1.2755659287411472e-06	8.702715247157113e-05	1.9690087862094564e-06
"CCAGCCGGAAGCCAGAGCAT"	"CCAGCCGG--GCCAGAGCAT"	0.0001514138180386139	1.913348893111721e-06	1.0946811631644168e-06	0.00037435779547807286
"CCAGCCGGAAGCCAGAGCAT"	"CCAGCCGGA-GCCAGAGCAT"	2.7159429244594425e-06	1.2755659287411472e-06	0.00038532776943387467	0.0001806565561347176
"CCAGCCGGAA---GCCAGAGCAT"	"CCAGCCGGAATCCGCCAGAGCAT"	9.40395237594082e-05	1.2755659287411472e-06	0.00013519312365080547	0.0009165735899805019
"CCAGCCGGAA---GCCAGAGCAT"	"CCAGCCGGAAAATGCCAGAGCAT"	1.3579714622297213e-06	9.566744465558604e-07	0.00027093358788319314	0.0002096994357313071
"CCAGCCGGAA---GCCAGAGCAT"	"CCAGCCGGAAGATGCCAGAGCAT"	1.0184785966722908e-06	9.566744465558604e-07	2.736702907911042e-06	1.4767565896570921e-06
"CCAGCCGGAA---GCCAGAGCAT"	"CCAGCCGGAAGGTGCCAGAGCAT"	0.0002284786985201506	9.566744465558604e-07	3.28404348949325e-06	1.9690087862094564e-06
"CCAGCCGGAA------GCCAGAGCAT"	"CCAGCCGGAATTTTTTGCCAGAGCAT"	1.0184785966722908e-06	0.0001495601051448995	0.0005303730235531599	8.195999072596862e-05
"CCAGCCGGAAGCCAGAGCAT"	"CCAGCC-----------CAT"	1.0184785966722908e-06	1.594457410926434e-06	5.473405815822084e-07	4.922521965523641e-07
"CCAGCCGGAAGCCAGAGCAT"	"CCAGCCGGA------AGCAT"	0.0005357197418496251	1.913348893111721e-06	0.00035057164250340447	4.922521965523641e-07
"CCAGCCGGAA----GCCAGAGCAT"	"CCAGCCGGAAAAATGCCAGAGCAT"	1.3579714622297213e-06	6.377829643705736e-07	0.00012479365260074351	4.922521965523641e-07
"CCAGCCGGAA---GCCAGAGCAT"	"CCAGCCGGAAAAGGCCAGAGCAT"	2.7159429244594425e-06	6.377829643705736e-07	1.642021744746625e-06	1.4767565896570921e-06
"CCAGCCGGAA----GCCAGAGCAT"	"CCAGCCGGAAGTTTGCCAGAGCAT"	8.147828773378327e-06	6.377829643705736e-07	1.0125800759270854e-05	7.629909046561643e-06
"CCAGCCGGAA---GCCAGAGCAT"	"CCAGCCGGAATAGGCCAGAGCAT"	2.376450058902012e-06	6.377829643705736e-07	1.9156920355377293e-06	9.845043931047282e-07
"CCAGCCGGAA-----GCCAGAGCAT"	"CCAGCCGGAATATATGCCAGAGCAT"	1.0184785966722908e-06	6.377829643705736e-07	0.0001308143989981478	8.048323413631153e-05
"CCAGCCGGAA---GCCAGAGCAT"	"CCAGCCGGAATCTGCCAGAGCAT"	1.0184785966722908e-06	6.377829643705736e-07	1.0946811631644168e-06	1.2306304913809102e-06
"CCAGCCGGAA----GCCAGAGCAT"	"CCAGCCGGAATGTGGCCAGAGCAT"	1.6974643277871515e-06	6.377829643705736e-07	0.00013355110190605885	0.0003034734791745324
"CCAGCCGGAAGCCAGAGCAT"	"C----------CCAGAGCAT"	2.7159429244594425e-06	3.188914821852868e-07	1.9156920355377293e-06	0.00037608067816600614
"CCAGCCGGAAGCCAGAGCAT"	"CCA---------CAGAGCAT"	0.00026140950647922135	3.188914821852868e-07	2.736702907911042e-07	2.4612609827618206e-07
"CCAGCCGGAAGCCAGAGCAT"	"CCAG--------CAGAGCAT"	0.00026073052074810645	9.566744465558604e-07	0.0002613551277055045	2.4612609827618206e-07
"CCAGCCGGAAGCCAGAGCAT"	"CCAGCC--------------"	3.394928655574303e-07	3.188914821852868e-07	0.00012178327940204136	0.00021068394012441183
"CCAGCCGGAAGCCAGAGCAT"	"CCAGCCGG----------AT"	3.394928655574303e-07	1.913348893111721e-06	0.00010782609457169505	0.00021683709258131636
"CCAGCCGGAAGCCAGAGCAT"	"CCAGCCGGAA--CAGAGCAT"	0.00010286633826390139	3.188914821852868e-07	5.473405815822084e-07	0.00023849618922962038
"CCAGCCGGAA-----GCCAGAGCAT"	"CCAGCCGGAAAAAATGCCAGAGCAT"	6.789857311148606e-07	3.188914821852868e-07	6.622821037144721e-05	2.4612609827618206e-07
"CCAGCCGGAA---GCCAGAGCAT"	"CCAGCCGGAAACTGCCAGAGCAT"	3.394928655574303e-07	6.377829643705736e-07	1.368351453955521e-06	0.00020477691376578346
"CCAGCCGGAA---GCCAGAGCAT"	"CCAGCCGGAAAGGGCCAGAGCAT"	3.394928655574303e-07	6.377829643705736e-07	1.642021744746625e-06	2.4612609827618206e-07
"CCAGCCGGAA---GCCAGAGCAT"	"CCAGCCGGAAATCGCCAGAGCAT"	3.394928655574303e-07	6.377829643705736e-07	5.473405815822084e-07	2.4612609827618206e-07
"CCAGCCGGAA---GCCAGAGCAT"	"CCAGCCGGAAATTGCCAGAGCAT"	0.00014598193218969503	3.188914821852868e-07	7.115427560568709e-05	7.383782948285461e-07
"CCAGCCGGAA---GCCAGAGCAT"	"CCAGCCGGAACACGCCAGAGCAT"	3.394928655574303e-07	3.188914821852868e-07	0.0001179518953309659	4.922521965523641e-07
"CCAGCCGGAA----GCCAGAGCAT"	"CCAGCCGGAACCCGGCCAGAGCAT"	1.6974643277871515e-06	3.188914821852868e-07	0.00015462371429697386	2.4612609827618206e-07
"CCAGCCGGAA---GCCAGAGCAT"	"CCAGCCGGAACGGGCCAGAGCAT"	3.394928655574303e-07	6.377829643705736e-07	5.473405815822084e-07	4.922521965523641e-07
"CCAGCCGGAA-----GCCAGAGCAT"	"CCAGCCGGAAGGCTTGCCAGAGCAT"	6.789857311148606e-07	6.377829643705736e-07	2.736702907911042e-07	1.2306304913809102e-06
"CCAGCCGGAA----GCCAGAGCAT"	"CCAGCCGGAATAACGCCAGAGCAT"	1.6974643277871515e-06	9.566744465558604e-07	0.00013601413452317879	2.4612609827618206e-07
"CCAGCCGGAA---GCCAGAGCAT"	"CCAGCCGGAATACGCCAGAGCAT"	2.7159429244594425e-06	3.188914821852868e-07	8.210108723733126e-06	2.9535131793141842e-06
"CCAGCCGGAA----GCCAGAGCAT"	"CCAGCCGGAATATCGCCAGAGCAT"	3.394928655574303e-07	6.377829643705736e-07	8.210108723733125e-07	7.383782948285461e-07
"CCAGCCGGAA----GCCAGAGCAT"	"CCAGCCGGAATATTGCCAGAGCAT"	6.789857311148606e-07	3.188914821852868e-07	0.00011877290620333921	0.00011567926618980555
"CCAGCCGGAA----GCCAGAGCAT"	"CCAGCCGGAATCGGGCCAGAGCAT"	0.0002206703626123297	3.188914821852868e-07	5.473405815822084e-07	8.22061168242448e-05
"CCAGCCGGAA-----GCCAGAGCAT"	"CCAGCCGGAATGCGTGCCAGAGCAT"	6.789857311148606e-07	3.188914821852868e-07	2.736702907911042e-07	2.4612609827618206e-07
"CCAGCCGGAA-----GCCAGAGCAT"	"CCAGCCGGAATGTTTGCCAGAGCAT"	4.413407252246594e-06	3.188914821852868e-07	1.2862503667181897e-05	6.645404653456915e-06
"CCAGCCGGAA---GCCAGAGCAT"	"CCAGCCGGAATTCGCCAGAGCAT"	2.7159429244594425e-06	3.188914821852868e-07	4.105054361866563e-06	1.4767565896570921e-06
"CCAGCCGGAA----GCCAGAGCAT"	"CCAGCCGGAATTCTGCCAGAGCAT"	1.3579714622297213e-06	3.188914821852868e-07	2.4630326171199378e-06	1.2306304913809102e-06
"CCAGCCGGAA----GCCAGAGCAT"	"CCAGCCGGAATTTCGCCAGAGCAT"	2.0369571933445817e-06	3.188914821852868e-07	1.0946811631644168e-06	1.7228826879332743e-06
"CCAGCCGGAA-------GCCAGAGCAT"	"CCAGCCGGAATTTTTTTGCCAGAGCAT"	6.789857311148606e-07	3.188914821852868e-07	0.0002079894210012392	4.922521965523641e-07
"CCAGCCGGAAGCCAGAGCAT"	"------------CAGAGCAT"	0.0	6.377829643705736e-07	0.0001305407287073567	0.0
"CCAGCCGGAAGCCAGAGCAT"	"----------GCCAGAGCAT"	3.394928655574303e-07	0.0	0.0	2.4612609827618206e-07
"CCAGCCGGAAGCCAGAGCAT"	"C--------------AGCAT"	0.0	6.377829643705736e-07	2.736702907911042e-07	0.0
"CCAGCCGGAAGCCAGAGCAT"	"C-------------GAGCAT"	6.789857311148606e-07	3.826697786223442e-06	0.0	1.7228826879332743e-06
"CCAGCCGGAAGCCAGAGCAT"	"CC------------GAGCAT"	0.0	0.0	5.473405815822084e-07	0.0
"CCAGCCGGAAGCCAGAGCAT"	"CC---------CCAGAGCAT"	0.0	3.188914821852868e-07	0.0	0.0
"CCAGCCGGAAGCCAGAGCAT"	"CCA------------AGCAT"	0.0	0.0	2.736702907911042e-07	0.0
"CCAGCCGGAAGCCAGAGCAT"	"CCA--------CCAGAGCAT"	0.0	0.0	5.473405815822084e-07	0.0
"CCAGCCGGAAGCCAGAGCAT"	"CCAG--------------AT"	0.0	0.0	0.0	2.4612609827618206e-07
"CCAGCCGGAAGCCAGAGCAT"	"CCAG------------GCAT"	0.0	3.188914821852868e-07	0.00014176121062979197	0.0
"CCAGCCGGAAGCCAGAGCAT"	"CCAGC---------------"	0.0	7.015612608076309e-06	0.0	0.0
"CCAGCCGGAAGCCAGAGCAT"	"CCAGC--------------T"	0.0	0.0	0.0	4.922521965523641e-07
"CCAGCCGGAAGCCAGAGCAT"	"CCAGC----------AGCAT"	0.0	3.188914821852868e-07	0.0	4.922521965523641e-07
"CCAGCCGGAAGCCAGAGCAT"	"CCAGC-----GCCAGAGCAT"	1.0184785966722908e-06	1.3393442251782046e-05	0.0	4.922521965523641e-07
"CCAGCCGGAAGCCAGAGCAT"	"CCAGCC---------AGCAT"	0.0	0.0	2.736702907911042e-07	1.7228826879332743e-06
"CCAGCCGGAAGCCAGAGCAT"	"CCAGCC--------GAGCAT"	6.789857311148606e-07	0.0	1.0946811631644168e-06	0.0
"CCAGCCGGAAGCCAGAGCAT"	"CCAGCC-----CCAGAGCAT"	3.394928655574303e-07	0.0	0.0	0.0
"CCAGCCGGAAGCCAGAGCAT"	"CCAGCCG------------T"	5.092392983361455e-06	4.464480750594015e-06	0.0	2.2151348844856384e-06
"CCAGCCGGAAGCCAGAGCAT"	"CCAGCCG-----------AT"	0.0	3.188914821852868e-07	0.0	0.0
"CCAGCCGGAAGCCAGAGCAT"	"CCAGCCGG------------"	3.394928655574303e-07	9.566744465558604e-07	0.0	4.922521965523641e-07
"CCAGCCGGAAGCCAGAGCAT"	"CCAGCCGG-----------T"	0.0	0.0	0.0	4.922521965523641e-07
"CCAGCCGGAAGCCAGAGCAT"	"CCAGCCGG--------GCAT"	6.789857311148606e-07	0.0	5.473405815822084e-07	0.0
"CCAGCCGGAAGCCAGAGCAT"	"CCAGCCGG------GAGCAT"	6.789857311148606e-07	0.0	5.473405815822084e-07	0.0
"CCAGCCGGAAGCCAGAGCAT"	"CCAGCCGG-----AGAGCAT"	1.0184785966722908e-06	0.0	5.473405815822084e-07	9.845043931047282e-07
"CCAGCCGGAAGCCAGAGCAT"	"CCAGCCGG----CAGAGCAT"	0.0	0.0	0.0	4.922521965523641e-07
"CCAGCCGGAAGCCAGAGCAT"	"CCAGCCGGA-----------"	0.0	0.0	0.0	4.922521965523641e-07
"CCAGCCGGAAGCCAGAGCAT"	"CCAGCCGGA--------CAT"	0.0001802707116109955	3.188914821852868e-07	2.736702907911042e-07	0.0
"CCAGCCGGAAGCCAGAGCAT"	"CCAGCCGGA---CAGAGCAT"	0.0	3.188914821852868e-07	0.0	0.0
"CCAGCCGGAAGCCAGAGCAT"	"CCAGCCGGA--CCAGAGCAT"	0.0	0.0	0.0	7.383782948285461e-07
"CCAGCCGGAAGCCAGAGCAT"	"CCAGCCGGAA----------"	6.789857311148606e-07	0.0	5.473405815822084e-07	4.676395867247458e-06
"CCAGCCGGAAGCCAGAGCAT"	"CCAGCCGGAA--------AT"	0.0	0.0	0.0	2.4612609827618206e-07
"CCAGCCGGAAGCCAGAGCAT"	"CCAGCCGGAA---AGAGCAT"	0.0001310442461051681	3.188914821852868e-07	2.736702907911042e-07	0.0
"CCAGCCGGAA----------GCCAGAGCAT"	"CCAGCCGGAAAAAAAAAAAAGCCAGAGCAT"	0.0	0.0	5.473405815822084e-07	7.063819020526424e-05
"CCAGCCGGAA----------GCCAGAGCAT"	"CCAGCCGGAAAAAAAAAAACGCCAGAGCAT"	0.0	0.0	0.0	2.4612609827618206e-07
"CCAGCCGGAA---------GCCAGAGCAT"	"CCAGCCGGAAAAAAAAAAAGCCAGAGCAT"	3.394928655574303e-07	0.0	8.210108723733125e-07	1.5259818093123285e-05
"CCAGCCGGAA--------GCCAGAGCAT"	"CCAGCCGGAAAAAAAAAAGCCAGAGCAT"	0.0	3.188914821852868e-07	7.85433734570469e-05	1.9690087862094564e-06
"CCAGCCGGAA-------GCCAGAGCAT"	"CCAGCCGGAAAAAAAAAGCCAGAGCAT"	0.0	0.0	0.00010235268875587296	0.0
"CCAGCCGGAA--------GCCAGAGCAT"	"CCAGCCGGAAAAAAAAAGGCCAGAGCAT"	0.0	0.0	2.736702907911042e-07	0.0
"CCAGCCGGAA-------GCCAGAGCAT"	"CCAGCCGGAAAAAAAACGCCAGAGCAT"	0.0	0.0	5.473405815822084e-07	0.0
"CCAGCCGGAA------GCCAGAGCAT"	"CCAGCCGGAAAAAAAAGCCAGAGCAT"	0.00012900728891182352	6.377829643705736e-07	0.0001294460475441923	0.0
"CCAGCCGGAA-------GCCAGAGCAT"	"CCAGCCGGAAAAAAAAGGCCAGAGCAT"	3.394928655574303e-07	0.0	0.0	0.0
"CCAGCCGGAA------GCCAGAGCAT"	"CCAGCCGGAAAAAAACGCCAGAGCAT"	3.394928655574303e-07	0.0	2.736702907911042e-07	0.0
"CCAGCCGGAA------GCCAGAGCAT"	"CCAGCCGGAAAAAAAGGCCAGAGCAT"	0.0	0.0	5.473405815822084e-07	0.0
"CCAGCCGGAA-----GCCAGAGCAT"	"CCAGCCGGAAAAAACGCCAGAGCAT"	3.394928655574303e-07	0.0	0.0	4.922521965523641e-07
"CCAGCCGGAA-----GCCAGAGCAT"	"CCAGCCGGAAAAAAGGCCAGAGCAT"	0.0	0.0	0.0	2.4612609827618206e-07
"CCAGCCGGAA-------GCCAGAGCAT"	"CCAGCCGGAAAAAATATGCCAGAGCAT"	0.0	0.0	2.736702907911042e-07	0.0
"CCAGCCGGAA----GCCAGAGCAT"	"CCAGCCGGAAAAACGCCAGAGCAT"	5.092392983361455e-06	0.0	1.0946811631644168e-06	2.2151348844856384e-06
"CCAGCCGGAA-----GCCAGAGCAT"	"CCAGCCGGAAAAACTGCCAGAGCAT"	0.0	0.0	2.736702907911042e-07	0.0
"CCAGCCGGAA----GCCAGAGCAT"	"CCAGCCGGAAAAAGGCCAGAGCAT"	1.0184785966722908e-06	0.0	5.473405815822084e-07	4.922521965523641e-07
"CCAGCCGGAA-----GCCAGAGCAT"	"CCAGCCGGAAAACATGCCAGAGCAT"	0.0	0.0	2.736702907911042e-07	0.0
"CCAGCCGGAA------GCCAGAGCAT"	"CCAGCCGGAAAACTAGGCCAGAGCAT"	3.394928655574303e-07	0.0	0.0	0.0
"CCAGCCGGAA----GCCAGAGCAT"	"CCAGCCGGAAAACTGCCAGAGCAT"	0.0	0.0	5.473405815822084e-07	0.0
"CCAGCCGGAA-----GCCAGAGCAT"	"CCAGCCGGAAAAGATGCCAGAGCAT"	0.0	0.0	5.473405815822084e-07	0.0
"CCAGCCGGAA---GCCAGAGCAT"	"CCAGCCGGAAAANGCCAGAGCAT"	3.394928655574303e-07	0.0	0.0	0.0
"CCAGCCGGAA------GCCAGAGCAT"	"CCAGCCGGAAAATAATGCCAGAGCAT"	0.0	0.0	2.736702907911042e-07	0.0
"CCAGCCGGAA------GCCAGAGCAT"	"CCAGCCGGAAAATATGGCCAGAGCAT"	0.0	0.0	2.736702907911042e-07	0.0
"CCAGCCGGAA----GCCAGAGCAT"	"CCAGCCGGAAAATCGCCAGAGCAT"	6.789857311148606e-07	0.0	0.0	0.0
"CCAGCCGGAA-----GCCAGAGCAT"	"CCAGCCGGAAAATCTGCCAGAGCAT"	0.0	0.0	0.0	2.4612609827618206e-07
"CCAGCCGGAA-----GCCAGAGCAT"	"CCAGCCGGAAAATGTGCCAGAGCAT"	0.0	0.0	0.0	2.4612609827618206e-07
"CCAGCCGGAA----GCCAGAGCAT"	"CCAGCCGGAAAATTGCCAGAGCAT"	0.0	0.0	0.00023261974717243855	4.922521965523641e-07
"CCAGCCGGAA-----GCCAGAGCAT"	"CCAGCCGGAAAATTTGCCAGAGCAT"	0.0	3.188914821852868e-07	0.0	0.00012552431012085284
"CCAGCCGGAA----GCCAGAGCAT"	"CCAGCCGGAAACCCGCCAGAGCAT"	0.0	0.0	2.736702907911042e-07	0.0
"CCAGCCGGAA---GCCAGAGCAT"	"CCAGCCGGAAACCGCCAGAGCAT"	6.789857311148606e-07	0.0	0.0	2.4612609827618206e-07
"CCAGCCGGAA----GCCAGAGCAT"	"CCAGCCGGAAACTTGCCAGAGCAT"	0.0	0.0	2.736702907911042e-07	0.0
"CCAGCCGGAA-----GCCAGAGCAT"	"CCAGCCGGAAAGAATGCCAGAGCAT"	0.0	0.0	2.736702907911042e-07	0.0
"CCAGCCGGAA----GCCAGAGCAT"	"CCAGCCGGAAAGACGCCAGAGCAT"	6.789857311148606e-07	0.0	0.0	0.0
"CCAGCCGGAA----GCCAGAGCAT"	"CCAGCCGGAAAGAGGCCAGAGCAT"	0.0	0.0	2.736702907911042e-07	0.0
"CCAGCCGGAA----GCCAGAGCAT"	"CCAGCCGGAAAGATGCCAGAGCAT"	0.0	0.0	8.210108723733125e-07	0.0
"CCAGCCGGAA------GCCAGAGCAT"	"CCAGCCGGAAAGCAAGGCCAGAGCAT"	3.394928655574303e-07	0.0	0.0	0.0
"CCAGCCGGAA---GCCAGAGCAT"	"CCAGCCGGAAAGCGCCAGAGCAT"	6.789857311148606e-07	0.0	1.0946811631644168e-06	9.845043931047282e-07
"CCAGCCGGAA----GCCAGAGCAT"	"CCAGCCGGAAAGCTGCCAGAGCAT"	3.394928655574303e-07	0.0	2.736702907911042e-07	0.0
"CCAGCCGGAA------GCCAGAGCAT"	"CCAGCCGGAAAGCTTGGCCAGAGCAT"	0.0	3.188914821852868e-07	2.736702907911042e-07	0.0
"CCAGCCGGAA----GCCAGAGCAT"	"CCAGCCGGAAAGGGGCCAGAGCAT"	6.789857311148606e-07	0.0	2.736702907911042e-07	2.4612609827618206e-07
"CCAGCCGGAA---GCCAGAGCAT"	"CCAGCCGGAAAGTGCCAGAGCAT"	1.3579714622297213e-06	0.0	2.736702907911042e-06	2.4612609827618206e-07
"CCAGCCGGAA----GCCAGAGCAT"	"CCAGCCGGAAAGTGGCCAGAGCAT"	3.394928655574303e-07	0.0	0.0	0.0
"CCAGCCGGAA----GCCAGAGCAT"	"CCAGCCGGAAAGTTGCCAGAGCAT"	0.0	3.188914821852868e-07	8.210108723733125e-07	0.0
"CCAGCCGGAA-----GCCAGAGCAT"	"CCAGCCGGAAAGTTTGCCAGAGCAT"	0.0	0.0	0.0	2.4612609827618206e-07
"CCAGCCGGAA--GCCAGAGCAT"	"CCAGCCGGAAANGCCAGAGCAT"	3.394928655574303e-07	0.0	0.0	0.0
"CCAGCCGGAA----GCCAGAGCAT"	"CCAGCCGGAAATATGCCAGAGCAT"	0.0	3.188914821852868e-07	0.00012041492794808585	2.4612609827618206e-07
"CCAGCCGGAA--------GCCAGAGCAT"	"CCAGCCGGAAATGCTTGGGCCAGAGCAT"	3.394928655574303e-07	0.0	0.0	0.0
"CCAGCCGGAA---GCCAGAGCAT"	"CCAGCCGGAAATGGCCAGAGCAT"	0.0	0.0	2.736702907911042e-07	0.0
"CCAGCCGGAA----GCCAGAGCAT"	"CCAGCCGGAAATTTGCCAGAGCAT"	3.394928655574303e-07	0.0	8.210108723733125e-07	4.922521965523641e-07
"CCAGCCGGAA-----GCCAGAGCAT"	"CCAGCCGGAAATTTTGCCAGAGCAT"	0.0	0.0	8.210108723733125e-07	4.922521965523641e-07
"CCAGCCGGAA-----GCCAGAGCAT"	"CCAGCCGGAACAAACGCCAGAGCAT"	0.0	0.0	0.0	2.4612609827618206e-07
"CCAGCCGGAA-----GCCAGAGCAT"	"CCAGCCGGAACAAATGCCAGAGCAT"	0.0	0.0	2.736702907911042e-07	0.0
"CCAGCCGGAA----GCCAGAGCAT"	"CCAGCCGGAACAACGCCAGAGCAT"	3.394928655574303e-07	0.0	2.736702907911042e-07	2.4612609827618206e-07
"CCAGCCGGAA-----GCCAGAGCAT"	"CCAGCCGGAACAACTGCCAGAGCAT"	0.0	0.0	2.736702907911042e-07	0.0
"CCAGCCGGAA----GCCAGAGCAT"	"CCAGCCGGAACAATGCCAGAGCAT"	0.0	0.0	5.473405815822084e-07	0.0
"CCAGCCGGAA----GCCAGAGCAT"	"CCAGCCGGAACACCGCCAGAGCAT"	0.0	3.188914821852868e-07	0.0	0.0
"CCAGCCGGAA----GCCAGAGCAT"	"CCAGCCGGAACACGGCCAGAGCAT"	0.0	3.188914821852868e-07	0.0	0.0
"CCAGCCGGAA--GCCAGAGCAT"	"CCAGCCGGAACAGCCAGAGCAT"	1.6974643277871515e-06	3.188914821852868e-07	1.642021744746625e-06	0.0
"CCAGCCGGAA---GCCAGAGCAT"	"CCAGCCGGAACAGGCCAGAGCAT"	0.0	0.0	2.736702907911042e-07	0.0
"CCAGCCGGAA---GCCAGAGCAT"	"CCAGCCGGAACATGCCAGAGCAT"	6.789857311148606e-07	6.377829643705736e-07	5.473405815822084e-07	0.0
"CCAGCCGGAA----GCCAGAGCAT"	"CCAGCCGGAACATGGCCAGAGCAT"	3.394928655574303e-07	0.0	0.0	0.0
"CCAGCCGGAA----GCCAGAGCAT"	"CCAGCCGGAACATTGCCAGAGCAT"	0.0	0.0	2.736702907911042e-07	0.0
"CCAGCCGGAA---GCCAGAGCAT"	"CCAGCCGGAACCCGCCAGAGCAT"	0.0	0.0	6.704922124382052e-05	0.00012798557110361465
"CCAGCCGGAA----GCCAGAGCAT"	"CCAGCCGGAACCGGGCCAGAGCAT"	3.394928655574303e-07	0.0	0.0	0.0
"CCAGCCGGAA---GCCAGAGCAT"	"CCAGCCGGAACCTGCCAGAGCAT"	3.394928655574303e-07	0.0	0.0	7.383782948285461e-07
"CCAGCCGGAA-----GCCAGAGCAT"	"CCAGCCGGAACGATTGCCAGAGCAT"	3.394928655574303e-07	0.0	0.0	0.0
"CCAGCCGGAA---GCCAGAGCAT"	"CCAGCCGGAACGCGCCAGAGCAT"	1.0184785966722908e-06	0.0	2.736702907911042e-07	0.0
"CCAGCCGGAA----GCCAGAGCAT"	"CCAGCCGGAACGCTGCCAGAGCAT"	0.0	0.0	2.736702907911042e-07	0.0
"CCAGCCGGAA-----GCCAGAGCAT"	"CCAGCCGGAACGCTTGCCAGAGCAT"	3.394928655574303e-07	0.0	0.0	0.0
"CCAGCCGGAA------GCCAGAGCAT"	"CCAGCCGGAACGCTTGGCCAGAGCAT"	0.0	0.0	2.736702907911042e-07	0.0
"CCAGCCGGAA-------GCCAGAGCAT"	"CCAGCCGGAACGCTTGTGCCAGAGCAT"	0.0	0.0	2.736702907911042e-07	0.0
"CCAGCCGGAA-----GCCAGAGCAT"	"CCAGCCGGAACGGCCGCCAGAGCAT"	6.789857311148606e-07	0.0	0.0	0.0
"CCAGCCGGAA----GCCAGAGCAT"	"CCAGCCGGAACGGGGCCAGAGCAT"	3.394928655574303e-07	0.0	5.473405815822084e-07	0.0
"CCAGCCGGAA---GCCAGAGCAT"	"CCAGCCGGAACGTGCCAGAGCAT"	1.0184785966722908e-06	0.0	0.0	4.922521965523641e-07
"CCAGCCGGAA--GCCAGAGCAT"	"CCAGCCGGAACNGCCAGAGCAT"	0.0	0.0	0.0	2.4612609827618206e-07
"CCAGCCGGAA---GCCAGAGCAT"	"CCAGCCGGAACTCGCCAGAGCAT"	0.0	0.0	0.0	7.383782948285461e-07
"CCAGCCGGAA--------GCCAGAGCAT"	"CCAGCCGGAACTGCTTGGGCCAGAGCAT"	3.394928655574303e-07	0.0	0.0	0.0
"CCAGCCGGAA---GCCAGAGCAT"	"CCAGCCGGAACTTGCCAGAGCAT"	3.394928655574303e-07	0.0	2.736702907911042e-06	4.922521965523641e-07
"CCAGCCGGAA----GCCAGAGCAT"	"CCAGCCGGAACTTTGCCAGAGCAT"	3.394928655574303e-07	0.0	2.4630326171199378e-06	9.845043931047282e-07
"CCAGCCGGAA-----GCCAGAGCAT"	"CCAGCCGGAACTTTTGCCAGAGCAT"	0.0	0.0	1.0946811631644168e-06	4.922521965523641e-07
"CCAGCCGGAA------GCCAGAGCAT"	"CCAGCCGGAACTTTTTGCCAGAGCAT"	0.0	0.0	2.736702907911042e-07	0.0
"CCAGCCGGAA-----GCCAGAGCAT"	"CCAGCCGGAAGAAATGCCAGAGCAT"	0.0	0.0	2.736702907911042e-07	0.0
"CCAGCCGGAA----GCCAGAGCAT"	"CCAGCCGGAAGAACGCCAGAGCAT"	0.0	0.0	5.473405815822084e-07	0.0
"CCAGCCGGAA----GCCAGAGCAT"	"CCAGCCGGAAGAAGGCCAGAGCAT"	3.394928655574303e-07	0.0	0.0	0.0
"CCAGCCGGAA----GCCAGAGCAT"	"CCAGCCGGAAGAATGCCAGAGCAT"	0.0	0.0	2.736702907911042e-07	0.0
"CCAGCCGGAA---GCCAGAGCAT"	"CCAGCCGGAAGACGCCAGAGCAT"	0.0	3.188914821852868e-07	0.0	7.383782948285461e-07
"CCAGCCGGAA------GCCAGAGCAT"	"CCAGCCGGAAGAGAATGCCAGAGCAT"	0.0	0.0	2.736702907911042e-07	0.0
"CCAGCCGGAA--GCCAGAGCAT"	"CCAGCCGGAAGAGCCAGAGCAT"	0.0	0.0	2.736702907911042e-07	0.0
"CCAGCCGGAA----GCCAGAGCAT"	"CCAGCCGGAAGAGCGCCAGAGCAT"	3.394928655574303e-07	0.0	0.0	0.0
"CCAGCCGGAA---GCCAGAGCAT"	"CCAGCCGGAAGAGGCCAGAGCAT"	0.00018909752611548868	0.0	8.210108723733125e-07	7.383782948285461e-07
"CCAGCCGGAA----GCCAGAGCAT"	"CCAGCCGGAAGAGTGCCAGAGCAT"	0.0	0.0	2.736702907911042e-07	0.0
"CCAGCCGGAA-----GCCAGAGCAT"	"CCAGCCGGAAGATATGCCAGAGCAT"	0.0	0.0	0.0	2.4612609827618206e-07
"CCAGCCGGAA----GCCAGAGCAT"	"CCAGCCGGAAGATGGCCAGAGCAT"	0.0	0.0	2.736702907911042e-07	0.0
"CCAGCCGGAA----GCCAGAGCAT"	"CCAGCCGGAAGATTGCCAGAGCAT"	0.0	0.0	2.1893623263288335e-06	4.922521965523641e-07
"CCAGCCGGAA-----GCCAGAGCAT"	"CCAGCCGGAAGATTTGCCAGAGCAT"	0.0	0.0	0.0	2.4612609827618206e-07
"CCAGCCGGAA---GCCAGAGCAT"	"CCAGCCGGAAGCCGCCAGAGCAT"	3.394928655574303e-07	0.0	5.473405815822084e-07	3.1996392775903666e-06
"CCAGCCGGAA----GCCAGAGCAT"	"CCAGCCGGAAGCCTGCCAGAGCAT"	0.0	0.0	0.0	4.922521965523641e-07
"CCAGCCGGAA------GCCAGAGCAT"	"CCAGCCGGAAGCCTTGGCCAGAGCAT"	0.0	0.0	2.736702907911042e-07	0.0
"CCAGCCGGAA---GCCAGAGCAT"	"CCAGCCGGAAGCGGCCAGAGCAT"	1.0184785966722908e-06	3.188914821852868e-07	0.0	0.0
"CCAGCCGGAA----GCCAGAGCAT"	"CCAGCCGGAAGCGGGCCAGAGCAT"	1.0184785966722908e-06	0.0	2.736702907911042e-07	2.4612609827618206e-07
"CCAGCCGGAA----GCCAGAGCAT"	"CCAGCCGGAAGCTGGCCAGAGCAT"	0.0	0.0	0.0	2.4612609827618206e-07
"CCAGCCGGAA------GCCAGAGCAT"	"CCAGCCGGAAGCTTTTGCCAGAGCAT"	0.0	0.0	2.736702907911042e-07	0.0
"CCAGCCGGAA----GCCAGAGCAT"	"CCAGCCGGAAGGCCGCCAGAGCAT"	3.394928655574303e-07	0.0	5.473405815822084e-07	0.0
"CCAGCCGGAA----GCCAGAGCAT"	"CCAGCCGGAAGGCGGCCAGAGCAT"	3.394928655574303e-07	0.0	2.736702907911042e-07	0.0
"CCAGCCGGAA----GCCAGAGCAT"	"CCAGCCGGAAGGCTGCCAGAGCAT"	1.3579714622297213e-06	0.0	0.0	0.0
"CCAGCCGGAA------GCCAGAGCAT"	"CCAGCCGGAAGGCTGGGCCAGAGCAT"	0.0	0.0	2.736702907911042e-07	0.0
"CCAGCCGGAA------GCCAGAGCAT"	"CCAGCCGGAAGGCTGTGCCAGAGCAT"	0.0	0.0	2.736702907911042e-07	0.0
"CCAGCCGGAA------GCCAGAGCAT"	"CCAGCCGGAAGGCTTGGCCAGAGCAT"	3.394928655574303e-07	6.377829643705736e-07	1.368351453955521e-06	0.0
"CCAGCCGGAA-------GCCAGAGCAT"	"CCAGCCGGAAGGCTTGGGCCAGAGCAT"	0.0	0.0	2.736702907911042e-07	0.0
"CCAGCCGGAA--------GCCAGAGCAT"	"CCAGCCGGAAGGCTTGTTGCCAGAGCAT"	0.0	0.0	2.736702907911042e-07	0.0
"CCAGCCGGAA-----GCCAGAGCAT"	"CCAGCCGGAAGGGCCGCCAGAGCAT"	6.789857311148606e-07	0.0	0.0	0.0
"CCAGCCGGAA----GCCAGAGCAT"	"CCAGCCGGAAGGGGGCCAGAGCAT"	1.0184785966722908e-06	0.0	0.00012260429027441467	9.845043931047282e-07
"CCAGCCGGAA----GCCAGAGCAT"	"CCAGCCGGAAGGTGGCCAGAGCAT"	0.0	0.0	2.736702907911042e-07	2.4612609827618206e-07
"CCAGCCGGAA----GCCAGAGCAT"	"CCAGCCGGAAGGTTGCCAGAGCAT"	0.0	9.566744465558604e-07	0.0	0.0
"CCAGCCGGAA----GCCAGAGCAT"	"CCAGCCGGAAGTATGCCAGAGCAT"	6.789857311148606e-07	0.0	5.473405815822084e-07	0.0
"CCAGCCGGAA---GCCAGAGCAT"	"CCAGCCGGAAGTCGCCAGAGCAT"	0.0	0.0	0.0	2.4612609827618206e-07
"CCAGCCGGAA---GCCAGAGCAT"	"CCAGCCGGAAGTGGCCAGAGCAT"	0.00023458957010018435	0.0	8.210108723733125e-07	4.922521965523641e-07
"CCAGCCGGAA----GCCAGAGCAT"	"CCAGCCGGAAGTGGGCCAGAGCAT"	0.0	0.0	2.736702907911042e-07	0.0
"CCAGCCGGAA----GCCAGAGCAT"	"CCAGCCGGAAGTGTGCCAGAGCAT"	0.0	0.0	8.210108723733125e-07	0.0
"CCAGCCGGAA-----GCCAGAGCAT"	"CCAGCCGGAAGTTTGGCCAGAGCAT"	0.0	0.0	2.736702907911042e-07	0.0
"CCAGCCGGAA--------GCCAGAGCAT"	"CCAGCCGGAAGTTTTAATGCCAGAGCAT"	6.789857311148606e-07	0.0	0.0	0.0
"CCAGCCGGAA-----GCCAGAGCAT"	"CCAGCCGGAAGTTTTGCCAGAGCAT"	1.3579714622297213e-06	0.0	3.28404348949325e-06	1.7228826879332743e-06
"CCAGCCGGAA------GCCAGAGCAT"	"CCAGCCGGAAGTTTTTGCCAGAGCAT"	0.0	3.188914821852868e-07	1.9156920355377293e-06	0.0
"CCAGCCGGAA-------GCCAGAGCAT"	"CCAGCCGGAAGTTTTTTGCCAGAGCAT"	0.0	0.0	2.736702907911042e-07	0.0
"CCAGCCGGAA--------GCCAGAGCAT"	"CCAGCCGGAAGTTTTTTTGCCAGAGCAT"	0.0	0.0	2.736702907911042e-07	0.0
"CCAGCCGGAA---------GCCAGAGCAT"	"CCAGCCGGAAGTTTTTTTTGCCAGAGCAT"	0.0	0.0	2.736702907911042e-07	0.0
"CCAGCCGGAA---------GCCAGAGCAT"	"CCAGCCGGAATAAAAAATCGCCAGAGCAT"	3.394928655574303e-07	0.0	0.0	0.0
"CCAGCCGGAA---------GCCAGAGCAT"	"CCAGCCGGAATAAAACAACGCCAGAGCAT"	0.0	0.0	0.0	2.4612609827618206e-07
"CCAGCCGGAA------GCCAGAGCAT"	"CCAGCCGGAATAAAACGCCAGAGCAT"	3.394928655574303e-07	9.566744465558604e-07	2.736702907911042e-07	0.0
"CCAGCCGGAA------GCCAGAGCAT"	"CCAGCCGGAATAAAAGGCCAGAGCAT"	3.394928655574303e-07	6.377829643705736e-07	2.736702907911042e-07	0.0
"CCAGCCGGAA------GCCAGAGCAT"	"CCAGCCGGAATAAAATGCCAGAGCAT"	0.0	0.0	2.736702907911042e-07	0.0
"CCAGCCGGAA-----GCCAGAGCAT"	"CCAGCCGGAATAAACGCCAGAGCAT"	1.3579714622297213e-06	0.0	5.473405815822084e-07	0.0
"CCAGCCGGAA-----GCCAGAGCAT"	"CCAGCCGGAATAAATGCCAGAGCAT"	0.0	0.0	0.0	2.4612609827618206e-07
"CCAGCCGGAA------GCCAGAGCAT"	"CCAGCCGGAATAAATGGCCAGAGCAT"	0.0	3.188914821852868e-07	0.0	0.0
"CCAGCCGGAA---------GCCAGAGCAT"	"CCAGCCGGAATAACAACTCGCCAGAGCAT"	3.394928655574303e-07	0.0	0.0	0.0
"CCAGCCGGAA---GCCAGAGCAT"	"CCAGCCGGAATAAGCCAGAGCAT"	0.0	0.0	0.0	2.4612609827618206e-07
"CCAGCCGGAA----GCCAGAGCAT"	"CCAGCCGGAATAAGGCCAGAGCAT"	0.0	3.188914821852868e-07	0.0	4.922521965523641e-07
"CCAGCCGGAA------GCCAGAGCAT"	"CCAGCCGGAATAATATGCCAGAGCAT"	3.394928655574303e-07	0.0	0.0	0.0
"CCAGCCGGAA----GCCAGAGCAT"	"CCAGCCGGAATAATGCCAGAGCAT"	3.394928655574303e-07	0.0	2.736702907911042e-07	0.0
"CCAGCCGGAA-----GCCAGAGCAT"	"CCAGCCGGAATAATTGCCAGAGCAT"	0.0	0.0	2.736702907911042e-07	0.0
"CCAGCCGGAA------GCCAGAGCAT"	"CCAGCCGGAATACAAGGCCAGAGCAT"	0.0	0.0	2.736702907911042e-07	0.0
"CCAGCCGGAA-----GCCAGAGCAT"	"CCAGCCGGAATACATGCCAGAGCAT"	0.0	0.0	5.473405815822084e-07	0.0
"CCAGCCGGAA----GCCAGAGCAT"	"CCAGCCGGAATACCGCCAGAGCAT"	0.0	0.0	0.0	7.383782948285461e-07
"CCAGCCGGAA----GCCAGAGCAT"	"CCAGCCGGAATACTGCCAGAGCAT"	0.0	0.0	2.736702907911042e-07	2.4612609827618206e-07
"CCAGCCGGAA-----GCCAGAGCAT"	"CCAGCCGGAATACTTGCCAGAGCAT"	0.0	3.188914821852868e-07	0.0	4.922521965523641e-07
"CCAGCCGGAA------GCCAGAGCAT"	"CCAGCCGGAATACTTTGCCAGAGCAT"	0.0	0.0	2.736702907911042e-07	0.0
"CCAGCCGGAA----GCCAGAGCAT"	"CCAGCCGGAATAGGGCCAGAGCAT"	3.394928655574303e-07	0.0	0.0	0.0
"CCAGCCGGAA------GCCAGAGCAT"	"CCAGCCGGAATANAATGCCAGAGCAT"	0.0	0.0	2.736702907911042e-07	0.0
"CCAGCCGGAA------GCCAGAGCAT"	"CCAGCCGGAATATAATGCCAGAGCAT"	0.0	0.0	0.00014860296789956956	2.4612609827618206e-07
"CCAGCCGGAA-----GCCAGAGCAT"	"CCAGCCGGAATATCTGCCAGAGCAT"	0.0	0.0	0.0	2.4612609827618206e-07
"CCAGCCGGAA---------GCCAGAGCAT"	"CCAGCCGGAATATGCTTGGGCCAGAGCAT"	3.394928655574303e-07	0.0	0.0	0.0
"CCAGCCGGAA----GCCAGAGCAT"	"CCAGCCGGAATATGGCCAGAGCAT"	0.0	0.0	0.0	2.4612609827618206e-07
"CCAGCCGGAA--------GCCAGAGCAT"	"CCAGCCGGAATATTCTTTGCCAGAGCAT"	0.0	0.0	2.736702907911042e-07	0.0
"CCAGCCGGAA-----GCCAGAGCAT"	"CCAGCCGGAATATTGGCCAGAGCAT"	0.0	0.0	2.736702907911042e-07	0.0
"CCAGCCGGAA-----GCCAGAGCAT"	"CCAGCCGGAATATTTGCCAGAGCAT"	0.0	0.0	8.210108723733125e-07	4.922521965523641e-07
"CCAGCCGGAA------GCCAGAGCAT"	"CCAGCCGGAATATTTTGCCAGAGCAT"	0.0	0.0	2.736702907911042e-07	0.0
"CCAGCCGGAA-------GCCAGAGCAT"	"CCAGCCGGAATATTTTTGCCAGAGCAT"	0.0	0.0	2.736702907911042e-07	0.0
"CCAGCCGGAA----GCCAGAGCAT"	"CCAGCCGGAATCACGCCAGAGCAT"	0.0	0.0	8.210108723733125e-07	0.0
"CCAGCCGGAA------GCCAGAGCAT"	"CCAGCCGGAATCATTTGCCAGAGCAT"	0.0	0.0	2.736702907911042e-07	0.0
"CCAGCCGGAA----GCCAGAGCAT"	"CCAGCCGGAATCCCGCCAGAGCAT"	0.0	3.188914821852868e-07	6.157581542799845e-05	0.0
"CCAGCCGGAA-----GCCAGAGCAT"	"CCAGCCGGAATCCCTGCCAGAGCAT"	0.0	0.0	2.736702907911042e-07	0.0
"CCAGCCGGAA----GCCAGAGCAT"	"CCAGCCGGAATCCTGCCAGAGCAT"	0.0	3.188914821852868e-07	5.473405815822084e-07	0.00013856899332949049
"CCAGCCGGAA-----GCCAGAGCAT"	"CCAGCCGGAATCCTTGCCAGAGCAT"	0.0	0.0	0.0	2.4612609827618206e-07
"CCAGCCGGAA----GCCAGAGCAT"	"CCAGCCGGAATCGCGCCAGAGCAT"	0.0	0.0	2.736702907911042e-07	0.0
"CCAGCCGGAA---GCCAGAGCAT"	"CCAGCCGGAATCGGCCAGAGCAT"	6.789857311148606e-07	0.0	2.736702907911042e-07	4.922521965523641e-07
"CCAGCCGGAA----GCCAGAGCAT"	"CCAGCCGGAATCGTGCCAGAGCAT"	0.0	0.0	0.0	2.4612609827618206e-07
"CCAGCCGGAA------GCCAGAGCAT"	"CCAGCCGGAATCTAATGCCAGAGCAT"	0.0	0.0	2.736702907911042e-07	0.0
"CCAGCCGGAA-----GCCAGAGCAT"	"CCAGCCGGAATCTATGCCAGAGCAT"	0.0	0.0	0.0	2.4612609827618206e-07
"CCAGCCGGAA----GCCAGAGCAT"	"CCAGCCGGAATCTGGCCAGAGCAT"	0.0	0.0	2.736702907911042e-07	0.0
"CCAGCCGGAA----GCCAGAGCAT"	"CCAGCCGGAATCTTGCCAGAGCAT"	6.789857311148606e-07	0.0	1.0946811631644168e-06	2.4612609827618206e-07
"CCAGCCGGAA-----GCCAGAGCAT"	"CCAGCCGGAATCTTGGCCAGAGCAT"	0.0	0.0	2.736702907911042e-07	0.0
"CCAGCCGGAA--------GCCAGAGCAT"	"CCAGCCGGAATCTTTAATGCCAGAGCAT"	3.394928655574303e-07	0.0	0.0	0.0
"CCAGCCGGAA-----GCCAGAGCAT"	"CCAGCCGGAATCTTTGCCAGAGCAT"	0.0	0.0	2.736702907911042e-07	2.4612609827618206e-07
"CCAGCCGGAA--------GCCAGAGCAT"	"CCAGCCGGAATCTTTGTTGCCAGAGCAT"	0.0	0.0	2.736702907911042e-07	0.0
"CCAGCCGGAA-----GCCAGAGCAT"	"CCAGCCGGAATGAATGCCAGAGCAT"	0.0	0.0	2.736702907911042e-07	0.0
"CCAGCCGGAA----GCCAGAGCAT"	"CCAGCCGGAATGATGCCAGAGCAT"	3.394928655574303e-07	0.0	2.736702907911042e-07	0.0
"CCAGCCGGAA-----GCCAGAGCAT"	"CCAGCCGGAATGATTGCCAGAGCAT"	0.0	0.0	0.0	2.4612609827618206e-07
"CCAGCCGGAA------GCCAGAGCAT"	"CCAGCCGGAATGATTTGCCAGAGCAT"	0.0	0.0	8.210108723733125e-07	0.0
"CCAGCCGGAA-----GCCAGAGCAT"	"CCAGCCGGAATGCATGCCAGAGCAT"	0.0	3.188914821852868e-07	0.0	2.4612609827618206e-07
"CCAGCCGGAA------GCCAGAGCAT"	"CCAGCCGGAATGCCCCGCCAGAGCAT"	3.394928655574303e-07	0.0	0.0	0.0
"CCAGCCGGAA----GCCAGAGCAT"	"CCAGCCGGAATGCCGCCAGAGCAT"	6.789857311148606e-07	0.0	0.00012917237725340117	2.4612609827618206e-07
"CCAGCCGGAA-----GCCAGAGCAT"	"CCAGCCGGAATGCCTGCCAGAGCAT"	3.394928655574303e-07	0.0	0.0	2.4612609827618206e-07
"CCAGCCGGAA----GCCAGAGCAT"	"CCAGCCGGAATGCGGCCAGAGCAT"	3.394928655574303e-07	0.0	2.736702907911042e-07	4.922521965523641e-07
"CCAGCCGGAA------GCCAGAGCAT"	"CCAGCCGGAATGCGTGGCCAGAGCAT"	0.0	0.0	2.736702907911042e-07	0.0
"CCAGCCGGAA-------GCCAGAGCAT"	"CCAGCCGGAATGCGTGGGCCAGAGCAT"	3.394928655574303e-07	0.0	0.0	0.0
"CCAGCCGGAA------GCCAGAGCAT"	"CCAGCCGGAATGCTAGGCCAGAGCAT"	0.0	0.0	2.736702907911042e-07	0.0
"CCAGCCGGAA------GCCAGAGCAT"	"CCAGCCGGAATGCTATGCCAGAGCAT"	0.0	0.0	2.736702907911042e-07	0.0
"CCAGCCGGAA-----GCCAGAGCAT"	"CCAGCCGGAATGCTCGCCAGAGCAT"	6.789857311148606e-07	0.0	0.0	0.0
"CCAGCCGGAA------GCCAGAGCAT"	"CCAGCCGGAATGCTCGGCCAGAGCAT"	0.0	0.0	2.736702907911042e-07	0.0
"CCAGCCGGAA-------GCCAGAGCAT"	"CCAGCCGGAATGCTCGTGCCAGAGCAT"	0.0	0.0	2.736702907911042e-07	0.0
"CCAGCCGGAA----GCCAGAGCAT"	"CCAGCCGGAATGCTGCCAGAGCAT"	0.00042776101060236217	0.0	5.473405815822084e-07	4.922521965523641e-07
"CCAGCCGGAA-----GCCAGAGCAT"	"CCAGCCGGAATGCTGGCCAGAGCAT"	3.394928655574303e-07	0.0	0.0	0.0
"CCAGCCGGAA------GCCAGAGCAT"	"CCAGCCGGAATGCTGGGCCAGAGCAT"	0.0	0.0	8.210108723733125e-07	0.0
"CCAGCCGGAA-------GCCAGAGCAT"	"CCAGCCGGAATGCTGGGGCCAGAGCAT"	3.394928655574303e-07	0.0	2.736702907911042e-07	0.0
"CCAGCCGGAA--------GCCAGAGCAT"	"CCAGCCGGAATGCTGGTTGCCAGAGCAT"	0.0	0.0	2.736702907911042e-07	0.0
"CCAGCCGGAA------GCCAGAGCAT"	"CCAGCCGGAATGCTGTGCCAGAGCAT"	0.0	0.0	6.349150746353616e-05	0.0
"CCAGCCGGAA-------GCCAGAGCAT"	"CCAGCCGGAATGCTTAGGCCAGAGCAT"	3.394928655574303e-07	0.0	0.0	0.0
"CCAGCCGGAA-------GCCAGAGCAT"	"CCAGCCGGAATGCTTATGCCAGAGCAT"	0.0	0.0	2.736702907911042e-07	0.0
"CCAGCCGGAA------GCCAGAGCAT"	"CCAGCCGGAATGCTTCGCCAGAGCAT"	0.0	3.188914821852868e-07	0.0	0.0
"CCAGCCGGAA-------GCCAGAGCAT"	"CCAGCCGGAATGCTTGCGCCAGAGCAT"	0.0	0.0	2.736702907911042e-07	0.0
"CCAGCCGGAA-------GCCAGAGCAT"	"CCAGCCGGAATGCTTGGGCCAGAGCAT"	0.00014258700353412073	6.377829643705736e-07	0.00013656147510476098	0.0
"CCAGCCGGAA---------GCCAGAGCAT"	"CCAGCCGGAATGCTTGGGGGCCAGAGCAT"	0.0	0.0	2.736702907911042e-07	0.0
"CCAGCCGGAA----------GCCAGAGCAT"	"CCAGCCGGAATGCTTGGGTCGCCAGAGCAT"	0.0	0.0	0.0	4.922521965523641e-07
"CCAGCCGGAA---------GCCAGAGCAT"	"CCAGCCGGAATGCTTGGGTGCCAGAGCAT"	0.0	0.0	4.652394943448771e-06	0.0
"CCAGCCGGAA-------GCCAGAGCAT"	"CCAGCCGGAATGCTTGTGCCAGAGCAT"	0.0	0.0	0.00014094019975741866	2.4612609827618206e-07
"CCAGCCGGAA--------GCCAGAGCAT"	"CCAGCCGGAATGCTTGTGGCCAGAGCAT"	0.0	0.0	5.473405815822084e-07	0.0
"CCAGCCGGAA--------GCCAGAGCAT"	"CCAGCCGGAATGCTTGTTGCCAGAGCAT"	0.0	0.0	6.431251833590949e-05	4.922521965523641e-07
"CCAGCCGGAA------GCCAGAGCAT"	"CCAGCCGGAATGCTTTGCCAGAGCAT"	0.0	3.188914821852868e-07	1.642021744746625e-06	0.0
"CCAGCCGGAA-------GCCAGAGCAT"	"CCAGCCGGAATGCTTTGGCCAGAGCAT"	0.0	0.0	2.736702907911042e-07	0.0
"CCAGCCGGAA-------GCCAGAGCAT"	"CCAGCCGGAATGCTTTTGCCAGAGCAT"	0.0	0.0	5.145001466872759e-05	0.0
"CCAGCCGGAA--------GCCAGAGCAT"	"CCAGCCGGAATGCTTTTTGCCAGAGCAT"	0.0	0.0	2.736702907911042e-07	0.0
"CCAGCCGGAA-----GCCAGAGCAT"	"CCAGCCGGAATGGCCGCCAGAGCAT"	0.00024715080612580924	0.0	0.0	4.922521965523641e-07
"CCAGCCGGAA----GCCAGAGCAT"	"CCAGCCGGAATGGCGCCAGAGCAT"	3.394928655574303e-07	0.0	5.473405815822084e-07	0.0
"CCAGCCGGAA----GCCAGAGCAT"	"CCAGCCGGAATGGTGCCAGAGCAT"	6.789857311148606e-07	0.0	0.0	2.4612609827618206e-07
"CCAGCCGGAA-----GCCAGAGCAT"	"CCAGCCGGAATGGTTGCCAGAGCAT"	6.789857311148606e-07	0.0	0.0	0.0
"CCAGCCGGAA-------GCCAGAGCAT"	"CCAGCCGGAATGGTTGGGCCAGAGCAT"	0.0	0.0	2.736702907911042e-07	0.0
"CCAGCCGGAA----GCCAGAGCAT"	"CCAGCCGGAATGNTGCCAGAGCAT"	0.0	3.188914821852868e-07	0.0	0.0
"CCAGCCGGAA-----GCCAGAGCAT"	"CCAGCCGGAATGNTTGCCAGAGCAT"	0.0	0.0	0.0	2.4612609827618206e-07
"CCAGCCGGAA------GCCAGAGCAT"	"CCAGCCGGAATGTAATGCCAGAGCAT"	0.0	0.0	2.736702907911042e-07	0.0
"CCAGCCGGAA-----GCCAGAGCAT"	"CCAGCCGGAATGTATGCCAGAGCAT"	0.0	0.0	2.736702907911042e-07	0.0
"CCAGCCGGAA-----GCCAGAGCAT"	"CCAGCCGGAATGTCCGCCAGAGCAT"	3.394928655574303e-07	0.0	0.0	0.0
"CCAGCCGGAA-----GCCAGAGCAT"	"CCAGCCGGAATGTTGGCCAGAGCAT"	0.0	0.0	8.210108723733125e-07	0.0
"CCAGCCGGAA--------GCCAGAGCAT"	"CCAGCCGGAATGTTTAAGGCCAGAGCAT"	3.394928655574303e-07	0.0	0.0	0.0
"CCAGCCGGAA--------GCCAGAGCAT"	"CCAGCCGGAATGTTTAATGCCAGAGCAT"	1.6974643277871515e-06	0.0	0.0	0.0
"CCAGCCGGAA--------GCCAGAGCAT"	"CCAGCCGGAATGTTTAGTGCCAGAGCAT"	3.394928655574303e-07	0.0	0.0	0.0
"CCAGCCGGAA------GCCAGAGCAT"	"CCAGCCGGAATGTTTTGCCAGAGCAT"	0.0	0.0	1.368351453955521e-06	9.845043931047282e-07
"CCAGCCGGAA-------GCCAGAGCAT"	"CCAGCCGGAATGTTTTTGCCAGAGCAT"	0.0	0.0	1.368351453955521e-06	0.0
"CCAGCCGGAA--------GCCAGAGCAT"	"CCAGCCGGAATGTTTTTTGCCAGAGCAT"	0.0	0.0	2.736702907911042e-07	0.0
"CCAGCCGGAA--GCCAGAGCAT"	"CCAGCCGGAATNGCCAGAGCAT"	0.0	0.0	0.0	2.4612609827618206e-07
"CCAGCCGGAA------GCCAGAGCAT"	"CCAGCCGGAATNTTTTGCCAGAGCAT"	0.0	0.0	0.0	2.4612609827618206e-07
"CCAGCCGGAA-----GCCAGAGCAT"	"CCAGCCGGAATTAACGCCAGAGCAT"	3.394928655574303e-07	0.0	0.0	0.0
"CCAGCCGGAA----GCCAGAGCAT"	"CCAGCCGGAATTATGCCAGAGCAT"	0.00011678554575175603	3.188914821852868e-07	0.00011959391707571252	0.0
"CCAGCCGGAA-----GCCAGAGCAT"	"CCAGCCGGAATTATTGCCAGAGCAT"	3.394928655574303e-07	0.0	0.0	0.0
"CCAGCCGGAA------GCCAGAGCAT"	"CCAGCCGGAATTATTGGCCAGAGCAT"	0.0	0.0	2.736702907911042e-07	0.0
"CCAGCCGGAA------GCCAGAGCAT"	"CCAGCCGGAATTATTTGCCAGAGCAT"	1.0184785966722908e-06	0.0	0.00010946811631644167	0.0
"CCAGCCGGAA--------GCCAGAGCAT"	"CCAGCCGGAATTCTTAATGCCAGAGCAT"	3.394928655574303e-07	0.0	0.0	0.0
"CCAGCCGGAA-----GCCAGAGCAT"	"CCAGCCGGAATTCTTGCCAGAGCAT"	6.789857311148606e-07	0.0	1.0946811631644168e-06	2.4612609827618206e-07
"CCAGCCGGAA------GCCAGAGCAT"	"CCAGCCGGAATTCTTGGCCAGAGCAT"	0.0	0.0	2.736702907911042e-07	0.0
"CCAGCCGGAA------GCCAGAGCAT"	"CCAGCCGGAATTCTTTGCCAGAGCAT"	0.0	3.188914821852868e-07	1.0946811631644168e-06	2.4612609827618206e-07
"CCAGCCGGAA------GCCAGAGCAT"	"CCAGCCGGAATTGCTTGCCAGAGCAT"	3.394928655574303e-07	0.0	0.0	2.4612609827618206e-07
"CCAGCCGGAA-------GCCAGAGCAT"	"CCAGCCGGAATTGCTTGGCCAGAGCAT"	0.0	6.377829643705736e-07	1.642021744746625e-06	2.4612609827618206e-07
"CCAGCCGGAA--------GCCAGAGCAT"	"CCAGCCGGAATTGCTTGGGCCAGAGCAT"	3.394928655574303e-07	0.0	2.736702907911042e-07	0.0
"CCAGCCGGAA----GCCAGAGCAT"	"CCAGCCGGAATTGGGCCAGAGCAT"	0.0	0.0	5.473405815822084e-07	0.0
"CCAGCCGGAA----GCCAGAGCAT"	"CCAGCCGGAATTGTGCCAGAGCAT"	1.6974643277871515e-06	0.0	0.0001434032323745386	9.845043931047282e-07
"CCAGCCGGAA-----GCCAGAGCAT"	"CCAGCCGGAATTGTGGCCAGAGCAT"	0.0	0.0	2.736702907911042e-07	0.0
"CCAGCCGGAA-----GCCAGAGCAT"	"CCAGCCGGAATTGTTGCCAGAGCAT"	6.789857311148606e-07	0.0	1.368351453955521e-06	7.383782948285461e-07
"CCAGCCGGAA------GCCAGAGCAT"	"CCAGCCGGAATTGTTTGCCAGAGCAT"	0.0	0.0	5.473405815822084e-07	0.0
"CCAGCCGGAA---GCCAGAGCAT"	"CCAGCCGGAATTNGCCAGAGCAT"	0.0	0.0	0.0	2.4612609827618206e-07
"CCAGCCGGAA----GCCAGAGCAT"	"CCAGCCGGAATTNTGCCAGAGCAT"	0.0	3.188914821852868e-07	8.210108723733125e-07	0.0
"CCAGCCGGAA------GCCAGAGCAT"	"CCAGCCGGAATTTACCGCCAGAGCAT"	6.789857311148606e-07	0.0	0.0	0.0
"CCAGCCGGAA------GCCAGAGCAT"	"CCAGCCGGAATTTACGGCCAGAGCAT"	3.394928655574303e-07	0.0	0.0	0.0
"CCAGCCGGAA-----GCCAGAGCAT"	"CCAGCCGGAATTTAGGCCAGAGCAT"	0.0	0.0	0.0	2.4612609827618206e-07
"CCAGCCGGAA-----GCCAGAGCAT"	"CCAGCCGGAATTTATGCCAGAGCAT"	0.0	0.0	2.736702907911042e-07	0.0
"CCAGCCGGAA--------GCCAGAGCAT"	"CCAGCCGGAATTTCTAATGCCAGAGCAT"	3.394928655574303e-07	0.0	0.0	0.0
"CCAGCCGGAA------GCCAGAGCAT"	"CCAGCCGGAATTTCTTGCCAGAGCAT"	0.0	0.0	2.736702907911042e-07	0.0
"CCAGCCGGAA----GCCAGAGCAT"	"CCAGCCGGAATTTGGCCAGAGCAT"	0.0	0.0	1.368351453955521e-06	2.4612609827618206e-07
"CCAGCCGGAA-----GCCAGAGCAT"	"CCAGCCGGAATTTGTGCCAGAGCAT"	0.0	0.0	0.0	2.4612609827618206e-07
"CCAGCCGGAA-----GCCAGAGCAT"	"CCAGCCGGAATTTTCGCCAGAGCAT"	3.394928655574303e-07	0.0	2.736702907911042e-07	2.4612609827618206e-07
"CCAGCCGGAA-----GCCAGAGCAT"	"CCAGCCGGAATTTTGGCCAGAGCAT"	6.789857311148606e-07	0.0	0.00013190908016131223	2.4612609827618206e-07
"CCAGCCGGAA-------GCCAGAGCAT"	"CCAGCCGGAATTTTGTTGCCAGAGCAT"	0.0	0.0	2.736702907911042e-07	0.0
"CCAGCCGGAA--------GCCAGAGCAT"	"CCAGCCGGAATTTTTAAGGCCAGAGCAT"	3.394928655574303e-07	0.0	0.0	0.0
"CCAGCCGGAA--------GCCAGAGCAT"	"CCAGCCGGAATTTTTAATGCCAGAGCAT"	0.00016533302552646856	0.0	0.0	0.0
"CCAGCCGGAA--------GCCAGAGCAT"	"CCAGCCGGAATTTTTACTGCCAGAGCAT"	3.394928655574303e-07	0.0	0.0	0.0
"CCAGCCGGAA--------GCCAGAGCAT"	"CCAGCCGGAATTTTTAGTGCCAGAGCAT"	3.394928655574303e-07	0.0	0.0	0.0
"CCAGCCGGAA---------GCCAGAGCAT"	"CCAGCCGGAATTTTTATTTGCCAGAGCAT"	0.0	0.0	2.736702907911042e-07	0.0
"CCAGCCGGAA--------GCCAGAGCAT"	"CCAGCCGGAATTTTTCATGCCAGAGCAT"	3.394928655574303e-07	0.0	0.0	0.0
"CCAGCCGGAA-------GCCAGAGCAT"	"CCAGCCGGAATTTTTCTGCCAGAGCAT"	0.0	0.0	2.736702907911042e-07	0.0
"CCAGCCGGAA--------GCCAGAGCAT"	"CCAGCCGGAATTTTTGATGCCAGAGCAT"	6.789857311148606e-07	0.0	0.0	0.0
"CCAGCCGGAA------GCCAGAGCAT"	"CCAGCCGGAATTTTTGGCCAGAGCAT"	0.0	6.377829643705736e-07	5.473405815822084e-07	2.4612609827618206e-07
"CCAGCCGGAA--------GCCAGAGCAT"	"CCAGCCGGAATTTTTTTGGCCAGAGCAT"	0.0	0.0	2.736702907911042e-07	0.0
"CCAGCCGGAA--------GCCAGAGCAT"	"CCAGCCGGAATTTTTTTTGCCAGAGCAT"	3.394928655574303e-07	0.0	0.00011275215980593492	0.0
"CCAGCCGGAA---------GCCAGAGCAT"	"CCAGCCGGAATTTTTTTTTGCCAGAGCAT"	0.0	0.0	9.441625032293095e-05	0.0
"CCAGCCGGAA----------GCCAGAGCAT"	"CCAGCCGGAATTTTTTTTTTGCCAGAGCAT"	0.0	0.0	5.473405815822084e-07	0.0
