"ref_align"	"read_align"	"count_yll027"	"count_yll028"	"count_yll029"	"count_yll030"
"ATGCTCTGGC-TTCCGGCTGG"	"ATGCTCTGGCATTCCGGCTGG"	96973	359312	920291	805401
"ATGCTCTGGCTTCCGGCTGG"	"ATGCTCTGGCTTCCGGCTGG"	20187	150887	257355	212494
"ATGCTCTGGCTTCCGGCTGG"	"ATGC-------TCCGGCTGG"	9733	6417	11120	8323
"ATGCTCTGGCTTCCGGCTGG"	"ATGCTCT-------GGCTGG"	7480	15136	12224	5824
"ATGCTCTGGCTTCCGGCTGG"	"ATG-------TTCCGGCTGG"	5155	7762	9554	5699
"ATGCTCTGGC--TTCCGGCTGG"	"ATGCTCTGGCCATTCCGGCTGG"	4555	23695	48372	36216
"ATGCTCTGGC--TTCCGGCTGG"	"ATGCTCTGGCAATTCCGGCTGG"	4004	15940	24528	19733
"ATGCTCTGGC-TTCCGGCTGG"	"ATGCTCTGGCTTTCCGGCTGG"	3161	16211	7690	6655
"ATGCTCTGGCTTCCGGCTGG"	"ATGCT-----------CTGG"	10712	24068	17997	2786
"ATGCTCTGGC-TTCCGGCTGG"	"ATGCTCTGGCCTTCCGGCTGG"	2519	5735	10123	6957
"ATGCTCTGGCTTCCGGCTGG"	"AT-------------GCTGG"	4949	8021	3424	2351
"ATGCTCTGGC--TTCCGGCTGG"	"ATGCTCTGGCTTTTCCGGCTGG"	2194	8974	13344	20125
"ATGCTCTGGC---TTCCGGCTGG"	"ATGCTCTGGCTTTTTCCGGCTGG"	1979	8554	4882	3982
"ATGCTCTGGC---TTCCGGCTGG"	"ATGCTCTGGCAAATTCCGGCTGG"	1839	9246	8551	11872
"ATGCTCTGGC--TTCCGGCTGG"	"ATGCTCTGGCTATTCCGGCTGG"	1812	10126	19578	26093
"ATGCTCTGGCTTCCGGCTGG"	"ATGCTCTGG-TTCCGGCTGG"	1110	2061	1841	4902
"ATGCTCTGGCTTCCGGCTGG"	"A----------------TGG"	2701	7355	3321	1109
"ATGCTCTGGC--TTCCGGCTGG"	"ATGCTCTGGCAGTTCCGGCTGG"	936	1114	995	1837
"ATGCTCTGGC----TTCCGGCTGG"	"ATGCTCTGGCTTTATTCCGGCTGG"	1041	1612	1595	882
"ATGCTCTGGC--TTCCGGCTGG"	"ATGCTCTGGCGATTCCGGCTGG"	839	3401	1756	2417
"ATGCTCTGGC--TTCCGGCTGG"	"ATGCTCTGGCCCTTCCGGCTGG"	652	6918	14860	3102
"ATGCTCTGGC------TTCCGGCTGG"	"ATGCTCTGGCCAAGCATTCCGGCTGG"	624	2200	686	938
"ATGCTCTGGC----TTCCGGCTGG"	"ATGCTCTGGCTTTTTTCCGGCTGG"	444	1509	3515	2007
"ATGCTCTGGC---TTCCGGCTGG"	"ATGCTCTGGCCCCTTCCGGCTGG"	364	640	2769	2825
"ATGCTCTGGC----TTCCGGCTGG"	"ATGCTCTGGCAAAATTCCGGCTGG"	360	4912	1151	6443
"ATGCTCTGGC--TTCCGGCTGG"	"ATGCTCTGGCTGTTCCGGCTGG"	289	1900	8133	2393
"ATGCTCTGGC-TTCCGGCTGG"	"ATGCTCTGGCGTTCCGGCTGG"	211	3459	5179	6529
"ATGCTCTGGCTTCCGGCTGG"	"ATGCTCTGG----CGGCTGG"	970	54	2077	1016
"ATGCTCTGGC---TTCCGGCTGG"	"ATGCTCTGGCAATTTCCGGCTGG"	551	24	668	25
"ATGCTCTGGC--TTCCGGCTGG"	"ATGCTCTGGCCGTTCCGGCTGG"	23	110	210	139
"ATGCTCTGGCTTCCGGCTGG"	"ATG---------CCGGCTGG"	2383	22	17	1047
"ATGCTCTGGC---TTCCGGCTGG"	"ATGCTCTGGCTGTTTCCGGCTGG"	17	59	36	39
"ATGCTCTGGCTTCCGGCTGG"	"ATGC-----------GCTGG"	41	1341	75	15
"ATGCTCTGGCTTCCGGCTGG"	"ATGCTCTGG---CCGGCTGG"	14	31	24	43
"ATGCTCTGGC----TTCCGGCTGG"	"ATGCTCTGGCTATATTCCGGCTGG"	80	11	1730	602
"ATGCTCTGGCTTCCGGCTGG"	"AT------------GGCTGG"	1276	1819	7	3449
"ATGCTCTGGC----TTCCGGCTGG"	"ATGCTCTGGCTTTGTTCCGGCTGG"	7	12	16	10
"ATGCTCTGGC---TTCCGGCTGG"	"ATGCTCTGGCAAGTTCCGGCTGG"	6	38	27	49
"ATGCTCTGGC--TTCCGGCTGG"	"ATGCTCTGGCGGTTCCGGCTGG"	6	4254	45	1060
"ATGCTCTGGC--TTCCGGCTGG"	"ATGCTCTGGCGTTTCCGGCTGG"	6	31	34	59
"ATGCTCTGGC----TTCCGGCTGG"	"ATGCTCTGGCTGTATTCCGGCTGG"	6	15	2306	9
"ATGCTCTGGC---TTCCGGCTGG"	"ATGCTCTGGCTTGTTCCGGCTGG"	6	36	32	18
"ATGCTCTGGCTTCCGGCTGG"	"ATG--------TCCGGCTGG"	306	2333	5	5
"ATGCTCTGGCTTCCGGCTGG"	"ATGC------TTCCGGCTGG"	2556	3637	5	1423
"ATGCTCTGGC---TTCCGGCTGG"	"ATGCTCTGGCAGATTCCGGCTGG"	5	78	58	92
"ATGCTCTGGC-----TTCCGGCTGG"	"ATGCTCTGGCTTTTATTCCGGCTGG"	450	1042	1793	5
"ATGCTCTGGCTTCCGGCTGG"	"ATG----------CGGCTGG"	1136	767	2860	4
"ATGCTCTGGCTTCCGGCTGG"	"ATGC----------------"	4	1316	8	12
"ATGCTCTGGCTTCCGGCTGG"	"ATGCTC-----TCCGGCTGG"	815	49	681	4
"ATGCTCTGGCTTCCGGCTGG"	"ATGCTCTG------GGCTGG"	1199	769	1178	4
"ATGCTCTGGCTTCCGGCTGG"	"ATGCTCTGG---------GG"	1262	8	1016	4
"ATGCTCTGGC---TTCCGGCTGG"	"ATGCTCTGGCGAATTCCGGCTGG"	4	34	19	22
"ATGCTCTGGC---TTCCGGCTGG"	"ATGCTCTGGCTATTTCCGGCTGG"	4	4	6	4
"ATGCTCTGGCTTCCGGCTGG"	"A---------TTCCGGCTGG"	3629	4487	5	3
"ATGCTCTGGCTTCCGGCTGG"	"ATGCTCTGGC--CCGGCTGG"	814	7	3	3
"ATGCTCTGGC------TTCCGGCTGG"	"ATGCTCTGGCCAAGGATTCCGGCTGG"	3	11	5	5
"ATGCTCTGGC--TTCCGGCTGG"	"ATGCTCTGGCCTTTCCGGCTGG"	3	10	26	21
"ATGCTCTGGCTTCCGGCTGG"	"ATGCTC-------------G"	7	7	6	2
"ATGCTCTGGCTTCCGGCTGG"	"ATGCTC----TTCCGGCTGG"	2	916	869	2
"ATGCTCTGGCTTCCGGCTGG"	"ATGCTCTGGC-TCCGGCTGG"	2	1351	488	18
"ATGCTCTGGC----TTCCGGCTGG"	"ATGCTCTGGCAACATTCCGGCTGG"	2	1148	2	14
"ATGCTCTGGC---TTCCGGCTGG"	"ATGCTCTGGCACATTCCGGCTGG"	2	1637	2459	41
"ATGCTCTGGC----TTCCGGCTGG"	"ATGCTCTGGCAGAATTCCGGCTGG"	2	23	12	35
"ATGCTCTGGC---TTCCGGCTGG"	"ATGCTCTGGCAGTTTCCGGCTGG"	2	10	13	10
"ATGCTCTGGC--TTCCGGCTGG"	"ATGCTCTGGCATTTCCGGCTGG"	2	4448	2345	4721
"ATGCTCTGGC------TTCCGGCTGG"	"ATGCTCTGGCCAGGCATTCCGGCTGG"	4	10	2	5
"ATGCTCTGGC------TTCCGGCTGG"	"ATGCTCTGGCCGAGCATTCCGGCTGG"	4	7	2	4
"ATGCTCTGGC--TTCCGGCTGG"	"ATGCTCTGGCGCTTCCGGCTGG"	2	32	1113	14
"ATGCTCTGGC---TTCCGGCTGG"	"ATGCTCTGGCTAATTCCGGCTGG"	2	1953	1013	24
"ATGCTCTGGC------TTCCGGCTGG"	"ATGCTCTGGCTATTTATTCCGGCTGG"	2	6	853	1352
"ATGCTCTGGC---TTCCGGCTGG"	"ATGCTCTGGCTCTTTCCGGCTGG"	2	8	3	3
"ATGCTCTGGC---TTCCGGCTGG"	"ATGCTCTGGCTTATTCCGGCTGG"	2	3592	4077	3718
"ATGCTCTGGC----TTCCGGCTGG"	"ATGCTCTGGCTTGATTCCGGCTGG"	2	11	7	3
"ATGCTCTGGCTTCCGGCTGG"	"A-----------CCGGCTGG"	212	1	448	2
"ATGCTCTGGCTTCCGGCTGG"	"A----------TCCGGCTGG"	1162	485	6	1
"ATGCTCTGGCTTCCGGCTGG"	"ATGC------------CTGG"	3	8	1	9
"ATGCTCTGGCTTCCGGCTGG"	"ATGCT-----TTCCGGCTGG"	1	42530	67	3765
"ATGCTCTGGCTTCCGGCTGG"	"ATGCTC--------------"	918	1547	6	1
"ATGCTCTGGCTTCCGGCTGG"	"ATGCTCT------CGGCTGG"	2	3	2	1
"ATGCTCTGGCTTCCGGCTGG"	"ATGCTCTG----CCGGCTGG"	3	6	3	1
"ATGCTCTGGCTTCCGGCTGG"	"ATGCTCTGG--TCCGGCTGG"	1	4	708	2
"ATGCTCTGGC----TTCCGGCTGG"	"ATGCTCTGGCAAGATTCCGGCTGG"	2	31	1	27
"ATGCTCTGGC---TTCCGGCTGG"	"ATGCTCTGGCACTTTCCGGCTGG"	1	7	4	1
"ATGCTCTGGC---TTCCGGCTGG"	"ATGCTCTGGCAGGTTCCGGCTGG"	1	2150	4	3
"ATGCTCTGGC----TTCCGGCTGG"	"ATGCTCTGGCATTATTCCGGCTGG"	1	4	3	3
"ATGCTCTGGC------TTCCGGCTGG"	"ATGCTCTGGCCAAGCGTTCCGGCTGG"	1	4	3	3
"ATGCTCTGGC---TTCCGGCTGG"	"ATGCTCTGGCCAATTCCGGCTGG"	1	768	1015	14
"ATGCTCTGGC---TTCCGGCTGG"	"ATGCTCTGGCCCATTCCGGCTGG"	1	1933	1878	2414
"ATGCTCTGGC---TTCCGGCTGG"	"ATGCTCTGGCCCGTTCCGGCTGG"	1	8	13	16
"ATGCTCTGGC---TTCCGGCTGG"	"ATGCTCTGGCGGGTTCCGGCTGG"	1	8	3	7
"ATGCTCTGGC----TTCCGGCTGG"	"ATGCTCTGGCGTTATTCCGGCTGG"	1	3	5	4
"ATGCTCTGGC---TTCCGGCTGG"	"ATGCTCTGGCGTTTTCCGGCTGG"	1	16	19	15
"ATGCTCTGGC-TTCCGGCTGG"	"ATGCTCTGGCNTTCCGGCTGG"	1	1	9	1
"ATGCTCTGGC------TTCCGGCTGG"	"ATGCTCTGGCTAAGCATTCCGGCTGG"	2	7	1	3
"ATGCTCTGGC---TTCCGGCTGG"	"ATGCTCTGGCTCATTCCGGCTGG"	1	674	879	13
"ATGCTCTGGC----TTCCGGCTGG"	"ATGCTCTGGCTCTATTCCGGCTGG"	1	1	9	2
"ATGCTCTGGC----TTCCGGCTGG"	"ATGCTCTGGCTGTTTTCCGGCTGG"	1	10	37	12
"ATGCTCTGGC----TTCCGGCTGG"	"ATGCTCTGGCTTGTTTCCGGCTGG"	1	6	10	6
"ATGCTCTGGC------TTCCGGCTGG"	"ATGCTCTGGCTTTTTATTCCGGCTGG"	345	1	361	2
"ATGCTCTGGC-----TTCCGGCTGG"	"ATGCTCTGGCTTTTTTTCCGGCTGG"	1	758	1640	7
"ATGCTCTGGCTTCCGGCTGG"	"----------------CTGG"	1	5	1	0
"ATGCTCTGGCTTCCGGCTGG"	"----------TTCCGGCTGG"	0	1	0	0
"ATGCTCTGGCTTCCGGCTGG"	"A-------------------"	0	1	0	0
"ATGCTCTGGCTTCCGGCTGG"	"A--------------GCTGG"	1970	8	2	0
"ATGCTCTGGCTTCCGGCTGG"	"A-------------GGCTGG"	1	792	0	2
"ATGCTCTGGCTTCCGGCTGG"	"A------------CGGCTGG"	0	0	0	5
"ATGCTCTGGCTTCCGGCTGG"	"AT------------------"	1	0	2	0
"ATGCTCTGGCTTCCGGCTGG"	"AT-----------------G"	0	1	0	0
"ATGCTCTGGCTTCCGGCTGG"	"AT--------------CTGG"	0	1	0	0
"ATGCTCTGGCTTCCGGCTGG"	"AT-----------CGGCTGG"	0	0	2	0
"ATGCTCTGGCTTCCGGCTGG"	"AT--------TTCCGGCTGG"	966	2	0	0
"ATGCTCTGGCTTCCGGCTGG"	"ATG-----------GGCTGG"	0	8	2	0
"ATGCTCTGGCTTCCGGCTGG"	"ATGC--------------GG"	1	0	0	0
"ATGCTCTGGCTTCCGGCTGG"	"ATGC--------CCGGCTGG"	2	2	0	0
"ATGCTCTGGCTTCCGGCTGG"	"ATGCT--------------G"	9	1	0	0
"ATGCTCTGGCTTCCGGCTGG"	"ATGCT----------GCTGG"	3	0	13	3
"ATGCTCTGGCTTCCGGCTGG"	"ATGCT---------GGCTGG"	3	0	0	2
"ATGCTCTGGCTTCCGGCTGG"	"ATGCT--------CGGCTGG"	1	5	0	0
"ATGCTCTGGCTTCCGGCTGG"	"ATGCTC------------GG"	0	0	0	1
"ATGCTCTGGCTTCCGGCTGG"	"ATGCTC----------CTGG"	1	0	0	0
"ATGCTCTGGCTTCCGGCTGG"	"ATGCTC---------GCTGG"	0	1	0	0
"ATGCTCTGGCTTCCGGCTGG"	"ATGCTC------CCGGCTGG"	6	6	0	3
"ATGCTCTGGCTTCCGGCTGG"	"ATGCTCT-------------"	1	2	0	0
"ATGCTCTGGCTTCCGGCTGG"	"ATGCTCT------------G"	0	6	0	2376
"ATGCTCTGGCTTCCGGCTGG"	"ATGCTCT---------CTGG"	0	45	0	3
"ATGCTCTGGCTTCCGGCTGG"	"ATGCTCT--------GCTGG"	1742	1	0	0
"ATGCTCTGGCTTCCGGCTGG"	"ATGCTCTG----------GG"	401	0	0	0
"ATGCTCTGGCTTCCGGCTGG"	"ATGCTCTG---------TGG"	1	2	0	0
"ATGCTCTGGCTTCCGGCTGG"	"ATGCTCTG-----CGGCTGG"	0	2	1	1
"ATGCTCTGGCTTCCGGCTGG"	"ATGCTCTG--TTCCGGCTGG"	710	1	0	0
"ATGCTCTGGCTTCCGGCTGG"	"ATGCTCTGG--------TGG"	2	1478	0	5
"ATGCTCTGGCTTCCGGCTGG"	"ATGCTCTGG-----GGCTGG"	0	5	0	0
"ATGCTCTGGCTTCCGGCTGG"	"ATGCTCTGGC---------G"	5	2	0	0
"ATGCTCTGGCTTCCGGCTGG"	"ATGCTCTGGC--------GG"	0	5	0	0
"ATGCTCTGGCTTCCGGCTGG"	"ATGCTCTGGC------CTGG"	1	4	0	0
"ATGCTCTGGCTTCCGGCTGG"	"ATGCTCTGGC-----GCTGG"	0	0	1	1
"ATGCTCTGGC--------TTCCGGCTGG"	"ATGCTCTGGCAAAAAAAATTCCGGCTGG"	0	0	2	0
"ATGCTCTGGC------TTCCGGCTGG"	"ATGCTCTGGCAAAAAATTCCGGCTGG"	0	1251	632	1256
"ATGCTCTGGC------TTCCGGCTGG"	"ATGCTCTGGCAAAAAGTTCCGGCTGG"	0	5	2	8
"ATGCTCTGGC-----TTCCGGCTGG"	"ATGCTCTGGCAAAAATTCCGGCTGG"	0	5289	1869	6
"ATGCTCTGGC------TTCCGGCTGG"	"ATGCTCTGGCAAAAATTTCCGGCTGG"	0	1	0	1
"ATGCTCTGGC------TTCCGGCTGG"	"ATGCTCTGGCAAAAGATTCCGGCTGG"	0	7	17	11
"ATGCTCTGGC------TTCCGGCTGG"	"ATGCTCTGGCAAAAGGTTCCGGCTGG"	0	1	1	0
"ATGCTCTGGC-----TTCCGGCTGG"	"ATGCTCTGGCAAAAGTTCCGGCTGG"	0	36	19	0
"ATGCTCTGGC------TTCCGGCTGG"	"ATGCTCTGGCAAAATATTCCGGCTGG"	0	1	440	0
"ATGCTCTGGC------TTCCGGCTGG"	"ATGCTCTGGCAAAATGTTCCGGCTGG"	0	0	2	0
"ATGCTCTGGC-----TTCCGGCTGG"	"ATGCTCTGGCAAAATTTCCGGCTGG"	0	4	0	0
"ATGCTCTGGC------TTCCGGCTGG"	"ATGCTCTGGCAAACAATTCCGGCTGG"	0	2	1	2
"ATGCTCTGGC-----TTCCGGCTGG"	"ATGCTCTGGCAAACATTCCGGCTGG"	0	10	2	0
"ATGCTCTGGC------TTCCGGCTGG"	"ATGCTCTGGCAAACCATTCCGGCTGG"	0	0	0	1
"ATGCTCTGGC-----------TTCCGGCTGG"	"ATGCTCTGGCAAACCCAAGCATTCCGGCTGG"	0	0	2	0
"ATGCTCTGGC------TTCCGGCTGG"	"ATGCTCTGGCAAAGAATTCCGGCTGG"	0	2	2	7
"ATGCTCTGGC------TTCCGGCTGG"	"ATGCTCTGGCAAAGAGTTCCGGCTGG"	0	1	0	0
"ATGCTCTGGC-----TTCCGGCTGG"	"ATGCTCTGGCAAAGATTCCGGCTGG"	0	18	7	6
"ATGCTCTGGC------TTCCGGCTGG"	"ATGCTCTGGCAAAGCATTCCGGCTGG"	2	3	0	1
"ATGCTCTGGC------TTCCGGCTGG"	"ATGCTCTGGCAAAGTATTCCGGCTGG"	0	0	1	0
"ATGCTCTGGC----TTCCGGCTGG"	"ATGCTCTGGCAAAGTTCCGGCTGG"	0	17	1	17
"ATGCTCTGGC-----TTCCGGCTGG"	"ATGCTCTGGCAAAGTTTCCGGCTGG"	0	0	2	0
"ATGCTCTGGC------TTCCGGCTGG"	"ATGCTCTGGCAAATAATTCCGGCTGG"	0	3	0	3
"ATGCTCTGGC-------------TTCCGGCTGG"	"ATGCTCTGGCAAATAGCCAAGCATTCCGGCTGG"	0	1	0	0
"ATGCTCTGGC-----TTCCGGCTGG"	"ATGCTCTGGCAAATATTCCGGCTGG"	0	794	5	1730
"ATGCTCTGGC------TTCCGGCTGG"	"ATGCTCTGGCAAATGATTCCGGCTGG"	0	0	0	1
"ATGCTCTGGC-----TTCCGGCTGG"	"ATGCTCTGGCAAATGTTCCGGCTGG"	0	5	9	12
"ATGCTCTGGC------TTCCGGCTGG"	"ATGCTCTGGCAAATTATTCCGGCTGG"	0	0	1	0
"ATGCTCTGGC----TTCCGGCTGG"	"ATGCTCTGGCAAATTTCCGGCTGG"	0	4	1	11
"ATGCTCTGGC-----TTCCGGCTGG"	"ATGCTCTGGCAAATTTTCCGGCTGG"	0	1	730	1
"ATGCTCTGGC------TTCCGGCTGG"	"ATGCTCTGGCAACAAATTCCGGCTGG"	0	2	3	2
"ATGCTCTGGC-----TTCCGGCTGG"	"ATGCTCTGGCAACAATTCCGGCTGG"	0	10	1	0
"ATGCTCTGGC------TTCCGGCTGG"	"ATGCTCTGGCAACATATTCCGGCTGG"	0	0	1	0
"ATGCTCTGGC---------TTCCGGCTGG"	"ATGCTCTGGCAACCAAGCATTCCGGCTGG"	0	1	0	0
"ATGCTCTGGC-----TTCCGGCTGG"	"ATGCTCTGGCAACTATTCCGGCTGG"	0	2	0	8
"ATGCTCTGGC----TTCCGGCTGG"	"ATGCTCTGGCAACTTTCCGGCTGG"	0	2	0	1
"ATGCTCTGGC-----TTCCGGCTGG"	"ATGCTCTGGCAACTTTTCCGGCTGG"	0	0	1	0
"ATGCTCTGGC------TTCCGGCTGG"	"ATGCTCTGGCAAGAAATTCCGGCTGG"	0	2	1	5
"ATGCTCTGGC-----TTCCGGCTGG"	"ATGCTCTGGCAAGAATTCCGGCTGG"	0	24	7	0
"ATGCTCTGGC------TTCCGGCTGG"	"ATGCTCTGGCAAGATATTCCGGCTGG"	0	0	2	0
"ATGCTCTGGC------TTCCGGCTGG"	"ATGCTCTGGCAAGCAATTCCGGCTGG"	0	0	0	1
"ATGCTCTGGC-----TTCCGGCTGG"	"ATGCTCTGGCAAGCATTCCGGCTGG"	0	1	1	1335
"ATGCTCTGGC-----TTCCGGCTGG"	"ATGCTCTGGCAAGCGTTCCGGCTGG"	0	0	0	10
"ATGCTCTGGC-----TTCCGGCTGG"	"ATGCTCTGGCAAGCTTTCCGGCTGG"	0	0	0	1
"ATGCTCTGGC-----TTCCGGCTGG"	"ATGCTCTGGCAAGGATTCCGGCTGG"	0	0	0	6
"ATGCTCTGGC----TTCCGGCTGG"	"ATGCTCTGGCAAGGTTCCGGCTGG"	0	0	0	1
"ATGCTCTGGC-----TTCCGGCTGG"	"ATGCTCTGGCAAGTATTCCGGCTGG"	0	1	0	8
"ATGCTCTGGC-----TTCCGGCTGG"	"ATGCTCTGGCAAGTTTTCCGGCTGG"	0	0	5	0
"ATGCTCTGGC--------TTCCGGCTGG"	"ATGCTCTGGCAATAAAAATTCCGGCTGG"	0	829	0	0
"ATGCTCTGGC--------TTCCGGCTGG"	"ATGCTCTGGCAATAAAAGTTCCGGCTGG"	0	1	0	0
"ATGCTCTGGC------TTCCGGCTGG"	"ATGCTCTGGCAATAAATTCCGGCTGG"	0	1	1	1
"ATGCTCTGGC--------TTCCGGCTGG"	"ATGCTCTGGCAATAACAATTCCGGCTGG"	0	2	0	0
"ATGCTCTGGC------TTCCGGCTGG"	"ATGCTCTGGCAATAAGTTCCGGCTGG"	0	0	0	1
"ATGCTCTGGC-----TTCCGGCTGG"	"ATGCTCTGGCAATAATTCCGGCTGG"	0	9	3	0
"ATGCTCTGGC--------TTCCGGCTGG"	"ATGCTCTGGCAATACAAATTCCGGCTGG"	0	1	0	0
"ATGCTCTGGC------------TTCCGGCTGG"	"ATGCTCTGGCAATACCCAAGCATTCCGGCTGG"	0	0	1	0
"ATGCTCTGGC--------TTCCGGCTGG"	"ATGCTCTGGCAATAGAAATTCCGGCTGG"	0	5	0	0
"ATGCTCTGGC------TTCCGGCTGG"	"ATGCTCTGGCAATAGATTCCGGCTGG"	0	1	0	0
"ATGCTCTGGC-----TTCCGGCTGG"	"ATGCTCTGGCAATAGTTCCGGCTGG"	0	1	0	0
"ATGCTCTGGC------TTCCGGCTGG"	"ATGCTCTGGCAATATATTCCGGCTGG"	0	83	1	0
"ATGCTCTGGC----TTCCGGCTGG"	"ATGCTCTGGCAATATTCCGGCTGG"	0	1673	7	1249
"ATGCTCTGGC-----TTCCGGCTGG"	"ATGCTCTGGCAATCATTCCGGCTGG"	0	0	0	4
"ATGCTCTGGC--------TTCCGGCTGG"	"ATGCTCTGGCAATGAAAATTCCGGCTGG"	0	1	0	0
"ATGCTCTGGC----TTCCGGCTGG"	"ATGCTCTGGCAATGTTCCGGCTGG"	0	6	0	2
"ATGCTCTGGC--------TTCCGGCTGG"	"ATGCTCTGGCAATTAAAATTCCGGCTGG"	0	3	0	0
"ATGCTCTGGC------TTCCGGCTGG"	"ATGCTCTGGCAATTAATTCCGGCTGG"	0	0	0	1
"ATGCTCTGGC-----TTCCGGCTGG"	"ATGCTCTGGCAATTATTCCGGCTGG"	0	0	0	1
"ATGCTCTGGC------TTCCGGCTGG"	"ATGCTCTGGCAATTGATTCCGGCTGG"	0	1	0	0
"ATGCTCTGGC----TTCCGGCTGG"	"ATGCTCTGGCAATTTTCCGGCTGG"	0	2	0	3
"ATGCTCTGGC-----TTCCGGCTGG"	"ATGCTCTGGCAATTTTTCCGGCTGG"	0	0	3	0
"ATGCTCTGGC------TTCCGGCTGG"	"ATGCTCTGGCACAAAATTCCGGCTGG"	0	0	1	1
"ATGCTCTGGC-----TTCCGGCTGG"	"ATGCTCTGGCACAAATTCCGGCTGG"	0	6	1	0
"ATGCTCTGGC-----TTCCGGCTGG"	"ATGCTCTGGCACAAGTTCCGGCTGG"	0	1	0	0
"ATGCTCTGGC----TTCCGGCTGG"	"ATGCTCTGGCACAATTCCGGCTGG"	0	8	2	13
"ATGCTCTGGC---------TTCCGGCTGG"	"ATGCTCTGGCACACAAGCATTCCGGCTGG"	0	1	0	0
"ATGCTCTGGC-------------TTCCGGCTGG"	"ATGCTCTGGCACAGACCCAAGCATTCCGGCTGG"	0	2	0	0
"ATGCTCTGGC-------------TTCCGGCTGG"	"ATGCTCTGGCACATACCAAAGCATTCCGGCTGG"	0	1	0	0
"ATGCTCTGGC-------------TTCCGGCTGG"	"ATGCTCTGGCACATACCCAAACATTCCGGCTGG"	0	1	0	0
"ATGCTCTGGC------------------TTCCGGCTGG"	"ATGCTCTGGCACATACCCAAGCAAAAAATTCCGGCTGG"	0	1	0	0
"ATGCTCTGGC-----------------TTCCGGCTGG"	"ATGCTCTGGCACATACCCAAGCAAAAATTCCGGCTGG"	0	1	0	0
"ATGCTCTGGC----------------TTCCGGCTGG"	"ATGCTCTGGCACATACCCAAGCAAAATTCCGGCTGG"	0	1	0	0
"ATGCTCTGGC-----------------TTCCGGCTGG"	"ATGCTCTGGCACATACCCAAGCATCTTTTCCGGCTGG"	0	1	0	0
"ATGCTCTGGC-------------TTCCGGCTGG"	"ATGCTCTGGCACATACCCAAGCATTCCGGCTGG"	0	716	1	0
"ATGCTCTGGC-------------TTCCGGCTGG"	"ATGCTCTGGCACATACCCAAGCTTTCCGGCTGG"	0	2	0	0
"ATGCTCTGGC-------------TTCCGGCTGG"	"ATGCTCTGGCACATACCCAAGGATTCCGGCTGG"	0	1	0	0
"ATGCTCTGGC-------------TTCCGGCTGG"	"ATGCTCTGGCACATACCCAATCATTCCGGCTGG"	0	1	0	0
"ATGCTCTGGC-------------TTCCGGCTGG"	"ATGCTCTGGCACATACCCATGCATTCCGGCTGG"	0	0	1	0
"ATGCTCTGGC-------------TTCCGGCTGG"	"ATGCTCTGGCACATACGCAAGCATTCCGGCTGG"	0	1	0	0
"ATGCTCTGGC-------------TTCCGGCTGG"	"ATGCTCTGGCACATACTCAAGCATTCCGGCTGG"	0	1	0	0
"ATGCTCTGGC-------------TTCCGGCTGG"	"ATGCTCTGGCACATAGCCAAGCATTCCGGCTGG"	0	3	0	0
"ATGCTCTGGC-----TTCCGGCTGG"	"ATGCTCTGGCACATATTCCGGCTGG"	0	0	0	2
"ATGCTCTGGC-------------TTCCGGCTGG"	"ATGCTCTGGCACATGCCCAAGCATTCCGGCTGG"	0	2	0	0
"ATGCTCTGGC-------------TTCCGGCTGG"	"ATGCTCTGGCACATGGCCAAGCATTCCGGCTGG"	0	1	0	0
"ATGCTCTGGC-----TTCCGGCTGG"	"ATGCTCTGGCACATTTTCCGGCTGG"	0	0	2	0
"ATGCTCTGGC---------TTCCGGCTGG"	"ATGCTCTGGCACCAAAGCATTCCGGCTGG"	0	1	0	0
"ATGCTCTGGC----TTCCGGCTGG"	"ATGCTCTGGCACCATTCCGGCTGG"	0	1	2	1
"ATGCTCTGGC---------TTCCGGCTGG"	"ATGCTCTGGCACCCAAGAATTCCGGCTGG"	0	1	0	0
"ATGCTCTGGC----------TTCCGGCTGG"	"ATGCTCTGGCACCCAAGCAATTCCGGCTGG"	0	4	0	0
"ATGCTCTGGC---------------TTCCGGCTGG"	"ATGCTCTGGCACCCAAGCATATTTATTCCGGCTGG"	0	1	0	0
"ATGCTCTGGC---------TTCCGGCTGG"	"ATGCTCTGGCACCCAAGCATTCCGGCTGG"	0	954	2	2
"ATGCTCTGGC---------TTCCGGCTGG"	"ATGCTCTGGCACCCAATCATTCCGGCTGG"	0	1	0	0
"ATGCTCTGGC---------TTCCGGCTGG"	"ATGCTCTGGCACCCACGCATTCCGGCTGG"	0	1	0	0
"ATGCTCTGGC---------TTCCGGCTGG"	"ATGCTCTGGCACCCAGGCATTCCGGCTGG"	0	3	0	0
"ATGCTCTGGC---------TTCCGGCTGG"	"ATGCTCTGGCACCCGAGCATTCCGGCTGG"	0	6	0	0
"ATGCTCTGGC---------TTCCGGCTGG"	"ATGCTCTGGCACCGAAGCATTCCGGCTGG"	0	1	0	0
"ATGCTCTGGC----TTCCGGCTGG"	"ATGCTCTGGCACCGTTCCGGCTGG"	0	0	0	1
"ATGCTCTGGC---------TTCCGGCTGG"	"ATGCTCTGGCACCTAAGCATTCCGGCTGG"	0	4	0	0
"ATGCTCTGGC----TTCCGGCTGG"	"ATGCTCTGGCACCTTTCCGGCTGG"	0	2	0	0
"ATGCTCTGGC----TTCCGGCTGG"	"ATGCTCTGGCACGATTCCGGCTGG"	0	2	0	0
"ATGCTCTGGC---------TTCCGGCTGG"	"ATGCTCTGGCACGCAAGCATTCCGGCTGG"	0	4	0	0
"ATGCTCTGGC-----TTCCGGCTGG"	"ATGCTCTGGCACGCATTCCGGCTGG"	0	0	0	2
"ATGCTCTGGC-----TTCCGGCTGG"	"ATGCTCTGGCACGGATTCCGGCTGG"	0	0	0	1
"ATGCTCTGGC----TTCCGGCTGG"	"ATGCTCTGGCACGGTTCCGGCTGG"	0	1	811	1
"ATGCTCTGGC-------------TTCCGGCTGG"	"ATGCTCTGGCACGTACCCAAGCATTCCGGCTGG"	0	1	0	0
"ATGCTCTGGC---TTCCGGCTGG"	"ATGCTCTGGCACGTTCCGGCTGG"	0	7	9	0
"ATGCTCTGGC----TTCCGGCTGG"	"ATGCTCTGGCACGTTTCCGGCTGG"	0	0	2	0
"ATGCTCTGGC------------TTCCGGCTGG"	"ATGCTCTGGCACTACCCAAGCATTCCGGCTGG"	0	1	0	0
"ATGCTCTGGC----TTCCGGCTGG"	"ATGCTCTGGCACTATTCCGGCTGG"	0	3	0	1
"ATGCTCTGGC----TTCCGGCTGG"	"ATGCTCTGGCACTGTTCCGGCTGG"	0	0	3	0
"ATGCTCTGGC------TTCCGGCTGG"	"ATGCTCTGGCAGAAAATTCCGGCTGG"	0	9	3	4
"ATGCTCTGGC-----TTCCGGCTGG"	"ATGCTCTGGCAGAAATTCCGGCTGG"	0	20	7	0
"ATGCTCTGGC------TTCCGGCTGG"	"ATGCTCTGGCAGAACATTCCGGCTGG"	0	1	0	0
"ATGCTCTGGC-----TTCCGGCTGG"	"ATGCTCTGGCAGAAGTTCCGGCTGG"	0	3	0	0
"ATGCTCTGGC------TTCCGGCTGG"	"ATGCTCTGGCAGAATATTCCGGCTGG"	0	0	2	0
"ATGCTCTGGC-----TTCCGGCTGG"	"ATGCTCTGGCAGAATTTCCGGCTGG"	0	1	0	0
"ATGCTCTGGC------TTCCGGCTGG"	"ATGCTCTGGCAGACAATTCCGGCTGG"	0	0	0	1
"ATGCTCTGGC-----------TTCCGGCTGG"	"ATGCTCTGGCAGACCCAAGCATTCCGGCTGG"	0	0	4	0
"ATGCTCTGGC-----TTCCGGCTGG"	"ATGCTCTGGCAGAGATTCCGGCTGG"	0	1	0	0
"ATGCTCTGGC----TTCCGGCTGG"	"ATGCTCTGGCAGAGTTCCGGCTGG"	0	0	712	1
"ATGCTCTGGC-------------TTCCGGCTGG"	"ATGCTCTGGCAGATACCCAAGCATTCCGGCTGG"	0	1	0	0
"ATGCTCTGGC-----TTCCGGCTGG"	"ATGCTCTGGCAGATATTCCGGCTGG"	0	7	6	8
"ATGCTCTGGC-------------TTCCGGCTGG"	"ATGCTCTGGCAGATGCCCAAGCATTCCGGCTGG"	0	1	0	0
"ATGCTCTGGC-----TTCCGGCTGG"	"ATGCTCTGGCAGATGTTCCGGCTGG"	0	1	1	0
"ATGCTCTGGC----TTCCGGCTGG"	"ATGCTCTGGCAGATTTCCGGCTGG"	0	4	0	3
"ATGCTCTGGC-----TTCCGGCTGG"	"ATGCTCTGGCAGATTTTCCGGCTGG"	0	0	2	0
"ATGCTCTGGC----TTCCGGCTGG"	"ATGCTCTGGCAGCATTCCGGCTGG"	0	3	566	2
"ATGCTCTGGC----TTCCGGCTGG"	"ATGCTCTGGCAGCGTTCCGGCTGG"	0	0	8	0
"ATGCTCTGGC----TTCCGGCTGG"	"ATGCTCTGGCAGCTTTCCGGCTGG"	0	0	2	0
"ATGCTCTGGC-----TTCCGGCTGG"	"ATGCTCTGGCAGGCATTCCGGCTGG"	0	0	0	5
"ATGCTCTGGC----TTCCGGCTGG"	"ATGCTCTGGCAGGGTTCCGGCTGG"	0	1	6	0
"ATGCTCTGGC-----TTCCGGCTGG"	"ATGCTCTGGCAGGTATTCCGGCTGG"	0	1	0	0
"ATGCTCTGGC----TTCCGGCTGG"	"ATGCTCTGGCAGGTTTCCGGCTGG"	97	0	0	0
"ATGCTCTGGC--------TTCCGGCTGG"	"ATGCTCTGGCAGTAAAAATTCCGGCTGG"	0	1	0	0
"ATGCTCTGGC------TTCCGGCTGG"	"ATGCTCTGGCAGTATATTCCGGCTGG"	0	1	0	0
"ATGCTCTGGC----TTCCGGCTGG"	"ATGCTCTGGCAGTATTCCGGCTGG"	0	11	4	4
"ATGCTCTGGC---------TTCCGGCTGG"	"ATGCTCTGGCAGTCCGGCTTTCCGGCTGG"	0	0	0	8
"ATGCTCTGGC----TTCCGGCTGG"	"ATGCTCTGGCAGTGTTCCGGCTGG"	0	0	1	0
"ATGCTCTGGC-----TTCCGGCTGG"	"ATGCTCTGGCAGTTATTCCGGCTGG"	0	0	1	0
"ATGCTCTGGC---------TTCCGGCTGG"	"ATGCTCTGGCAGTTCGGATTTCCGGCTGG"	0	0	0	1
"ATGCTCTGGC---------TTCCGGCTGG"	"ATGCTCTGGCAGTTCGGCTTTCCGGCTGG"	0	0	0	1
"ATGCTCTGGC----TTCCGGCTGG"	"ATGCTCTGGCAGTTTTCCGGCTGG"	0	0	1	0
"ATGCTCTGGC------TTCCGGCTGG"	"ATGCTCTGGCATAAAATTCCGGCTGG"	0	1	0	1
"ATGCTCTGGC-----TTCCGGCTGG"	"ATGCTCTGGCATAAATTCCGGCTGG"	0	1	1	0
"ATGCTCTGGC----TTCCGGCTGG"	"ATGCTCTGGCATAATTCCGGCTGG"	0	2094	1491	5
"ATGCTCTGGC-----------TTCCGGCTGG"	"ATGCTCTGGCATACACAAGCATTCCGGCTGG"	0	0	2	0
"ATGCTCTGGC-----TTCCGGCTGG"	"ATGCTCTGGCATACATTCCGGCTGG"	0	1	0	0
"ATGCTCTGGC-----------TTCCGGCTGG"	"ATGCTCTGGCATACCCAAACATTCCGGCTGG"	0	0	1	0
"ATGCTCTGGC-----------TTCCGGCTGG"	"ATGCTCTGGCATACCCAAGAATTCCGGCTGG"	0	0	2	0
"ATGCTCTGGC------------TTCCGGCTGG"	"ATGCTCTGGCATACCCAAGCAATTCCGGCTGG"	0	0	2	0
"ATGCTCTGGC-------------TTCCGGCTGG"	"ATGCTCTGGCATACCCAAGCACATTCCGGCTGG"	0	0	1	0
"ATGCTCTGGC-----------TTCCGGCTGG"	"ATGCTCTGGCATACCCAAGCATTCCGGCTGG"	0	2	747	3
"ATGCTCTGGC-----------TTCCGGCTGG"	"ATGCTCTGGCATACCCAATCATTCCGGCTGG"	0	0	1	0
"ATGCTCTGGC-----------TTCCGGCTGG"	"ATGCTCTGGCATACCCGAGCATTCCGGCTGG"	0	0	1	0
"ATGCTCTGGC-----------TTCCGGCTGG"	"ATGCTCTGGCATACCGAAGCATTCCGGCTGG"	0	0	3	0
"ATGCTCTGGC-----------TTCCGGCTGG"	"ATGCTCTGGCATACGCAAGCATTCCGGCTGG"	0	0	2	0
"ATGCTCTGGC-----------TTCCGGCTGG"	"ATGCTCTGGCATACTCAAGCATTCCGGCTGG"	0	0	2	0
"ATGCTCTGGC-----TTCCGGCTGG"	"ATGCTCTGGCATAGATTCCGGCTGG"	0	1	1	0
"ATGCTCTGGC-----------TTCCGGCTGG"	"ATGCTCTGGCATAGCCAAGCATTCCGGCTGG"	0	0	2	0
"ATGCTCTGGC----TTCCGGCTGG"	"ATGCTCTGGCATAGTTCCGGCTGG"	0	5	5	0
"ATGCTCTGGC-----TTCCGGCTGG"	"ATGCTCTGGCATATATTCCGGCTGG"	0	790	1059	3
"ATGCTCTGGC-----TTCCGGCTGG"	"ATGCTCTGGCATATGTTCCGGCTGG"	0	8	7	0
"ATGCTCTGGC------TTCCGGCTGG"	"ATGCTCTGGCATATTATTCCGGCTGG"	0	0	1	0
"ATGCTCTGGC---TTCCGGCTGG"	"ATGCTCTGGCATATTCCGGCTGG"	0	5407	1884	5723
"ATGCTCTGGC----TTCCGGCTGG"	"ATGCTCTGGCATATTTCCGGCTGG"	0	381	1	0
"ATGCTCTGGC-----TTCCGGCTGG"	"ATGCTCTGGCATATTTTCCGGCTGG"	0	0	1	0
"ATGCTCTGGC----TTCCGGCTGG"	"ATGCTCTGGCATCATTCCGGCTGG"	0	3	0	0
"ATGCTCTGGC---------TTCCGGCTGG"	"ATGCTCTGGCATCCAAGCATTCCGGCTGG"	0	1	0	0
"ATGCTCTGGC-----------TTCCGGCTGG"	"ATGCTCTGGCATCCCCAAGCATTCCGGCTGG"	0	0	1	0
"ATGCTCTGGC---------TTCCGGCTGG"	"ATGCTCTGGCATCCCGGCTTTCCGGCTGG"	0	0	0	2
"ATGCTCTGGC-----TTCCGGCTGG"	"ATGCTCTGGCATCTATTCCGGCTGG"	0	1	1	0
"ATGCTCTGGC----TTCCGGCTGG"	"ATGCTCTGGCATGATTCCGGCTGG"	0	5	3	0
"ATGCTCTGGC------------TTCCGGCTGG"	"ATGCTCTGGCATGCCCAAGCAATTCCGGCTGG"	0	0	1	0
"ATGCTCTGGC-----------TTCCGGCTGG"	"ATGCTCTGGCATGCCCAAGCATTCCGGCTGG"	0	0	3	0
"ATGCTCTGGC-----------TTCCGGCTGG"	"ATGCTCTGGCATGCCCAAGCGTTCCGGCTGG"	0	0	1	0
"ATGCTCTGGC---------TTCCGGCTGG"	"ATGCTCTGGCATGCCGGCTTTCCGGCTGG"	0	0	0	2
"ATGCTCTGGC-----TTCCGGCTGG"	"ATGCTCTGGCATGTATTCCGGCTGG"	0	2	1	0
"ATGCTCTGGC-----------TTCCGGCTGG"	"ATGCTCTGGCATGTCCAAGCATTCCGGCTGG"	0	0	1	0
"ATGCTCTGGC---TTCCGGCTGG"	"ATGCTCTGGCATGTTCCGGCTGG"	0	22	7	16
"ATGCTCTGGC----TTCCGGCTGG"	"ATGCTCTGGCATGTTTCCGGCTGG"	0	2	0	0
"ATGCTCTGGC---------TTCCGGCTGG"	"ATGCTCTGGCATTCAGGCTTTCCGGCTGG"	0	0	0	1
"ATGCTCTGGC---------TTCCGGCTGG"	"ATGCTCTGGCATTCCAGCTTTCCGGCTGG"	0	0	0	1
"ATGCTCTGGC---------TTCCGGCTGG"	"ATGCTCTGGCATTCCGACTTTCCGGCTGG"	0	0	0	1
"ATGCTCTGGC---------TTCCGGCTGG"	"ATGCTCTGGCATTCCGGCATTCCGGCTGG"	0	0	0	1
"ATGCTCTGGC---------TTCCGGCTGG"	"ATGCTCTGGCATTCCGGCGTTCCGGCTGG"	0	0	0	1
"ATGCTCTGGC---------TTCCGGCTGG"	"ATGCTCTGGCATTCCGGCTTTCCGGCTGG"	0	1	0	108
"ATGCTCTGGC---------TTCCGGCTGG"	"ATGCTCTGGCATTCCTGCTTTCCGGCTGG"	0	0	0	1
"ATGCTCTGGC---------TTCCGGCTGG"	"ATGCTCTGGCATTCGGGCTTTCCGGCTGG"	0	0	0	5
"ATGCTCTGGC---------TTCCGGCTGG"	"ATGCTCTGGCATTGCGGCTTTCCGGCTGG"	0	0	0	1
"ATGCTCTGGC-----TTCCGGCTGG"	"ATGCTCTGGCATTTATTCCGGCTGG"	0	2	1	1
"ATGCTCTGGC---------TTCCGGCTGG"	"ATGCTCTGGCATTTCGGCTTTCCGGCTGG"	0	0	0	3
"ATGCTCTGGC------TTCCGGCTGG"	"ATGCTCTGGCATTTTATTCCGGCTGG"	0	0	1	0
"ATGCTCTGGC---TTCCGGCTGG"	"ATGCTCTGGCATTTTCCGGCTGG"	0	530	530	1100
"ATGCTCTGGC-------TTCCGGCTGG"	"ATGCTCTGGCATTTTTATTCCGGCTGG"	0	1	0	0
"ATGCTCTGGC----TTCCGGCTGG"	"ATGCTCTGGCATTTTTCCGGCTGG"	0	4	3	2
"ATGCTCTGGC-----TTCCGGCTGG"	"ATGCTCTGGCATTTTTTCCGGCTGG"	0	0	2	0
"ATGCTCTGGC------TTCCGGCTGG"	"ATGCTCTGGCCAAAAATTCCGGCTGG"	0	0	0	1
"ATGCTCTGGC-----TTCCGGCTGG"	"ATGCTCTGGCCAAAATTCCGGCTGG"	0	10	2	0
"ATGCTCTGGC------TTCCGGCTGG"	"ATGCTCTGGCCAAACATTCCGGCTGG"	0	2	0	0
"ATGCTCTGGC------TTCCGGCTGG"	"ATGCTCTGGCCAAATATTCCGGCTGG"	0	0	2	0
"ATGCTCTGGC----TTCCGGCTGG"	"ATGCTCTGGCCAAATTCCGGCTGG"	0	3	2	3
"ATGCTCTGGC------TTCCGGCTGG"	"ATGCTCTGGCCAACCATTCCGGCTGG"	0	2	2	0
"ATGCTCTGGC------TTCCGGCTGG"	"ATGCTCTGGCCAAGAATTCCGGCTGG"	0	0	0	5
"ATGCTCTGGC---------TTCCGGCTGG"	"ATGCTCTGGCCAAGCAAAATTCCGGCTGG"	0	0	1	0
"ATGCTCTGGC-------TTCCGGCTGG"	"ATGCTCTGGCCAAGCAATTCCGGCTGG"	0	5	0	2
"ATGCTCTGGC------TTCCGGCTGG"	"ATGCTCTGGCCAAGCTTTCCGGCTGG"	1	1	0	0
"ATGCTCTGGC------TTCCGGCTGG"	"ATGCTCTGGCCAAGGGTTCCGGCTGG"	0	0	0	1
"ATGCTCTGGC------TTCCGGCTGG"	"ATGCTCTGGCCAAGTATTCCGGCTGG"	1	2	0	1
"ATGCTCTGGC-----TTCCGGCTGG"	"ATGCTCTGGCCAATATTCCGGCTGG"	0	1	0	1
"ATGCTCTGGC------TTCCGGCTGG"	"ATGCTCTGGCCAATCATTCCGGCTGG"	0	4	0	2
"ATGCTCTGGC------TTCCGGCTGG"	"ATGCTCTGGCCAATGATTCCGGCTGG"	1	0	0	0
"ATGCTCTGGC-----TTCCGGCTGG"	"ATGCTCTGGCCAATGTTCCGGCTGG"	0	0	0	1
"ATGCTCTGGC-----TTCCGGCTGG"	"ATGCTCTGGCCAATTTTCCGGCTGG"	0	0	2	0
"ATGCTCTGGC------------TTCCGGCTGG"	"ATGCTCTGGCCACACCAAAGCATTCCGGCTGG"	0	0	1	0
"ATGCTCTGGC----TTCCGGCTGG"	"ATGCTCTGGCCACATTCCGGCTGG"	0	1	2	0
"ATGCTCTGGC------TTCCGGCTGG"	"ATGCTCTGGCCACGAATTCCGGCTGG"	0	0	1	0
"ATGCTCTGGC------TTCCGGCTGG"	"ATGCTCTGGCCACGCATTCCGGCTGG"	0	3	2	1
"ATGCTCTGGC-----TTCCGGCTGG"	"ATGCTCTGGCCAGAATTCCGGCTGG"	0	0	1	0
"ATGCTCTGGC------------TTCCGGCTGG"	"ATGCTCTGGCCAGACCCAAGCATTCCGGCTGG"	0	0	1	0
"ATGCTCTGGC-----TTCCGGCTGG"	"ATGCTCTGGCCAGCATTCCGGCTGG"	0	0	0	1
"ATGCTCTGGC------TTCCGGCTGG"	"ATGCTCTGGCCAGCCATTCCGGCTGG"	0	1	0	0
"ATGCTCTGGC---TTCCGGCTGG"	"ATGCTCTGGCCAGTTCCGGCTGG"	0	7	3	0
"ATGCTCTGGC------------TTCCGGCTGG"	"ATGCTCTGGCCATAACCAAGCATTCCGGCTGG"	0	0	2	0
"ATGCTCTGGC------------TTCCGGCTGG"	"ATGCTCTGGCCATACCAAAGCATTCCGGCTGG"	0	0	1	0
"ATGCTCTGGC-----------TTCCGGCTGG"	"ATGCTCTGGCCATACCAAGCATTCCGGCTGG"	0	0	1	0
"ATGCTCTGGC------------TTCCGGCTGG"	"ATGCTCTGGCCATACCCAAACATTCCGGCTGG"	0	0	1	0
"ATGCTCTGGC------------TTCCGGCTGG"	"ATGCTCTGGCCATACCCAAGAATTCCGGCTGG"	0	0	1	0
"ATGCTCTGGC-------------TTCCGGCTGG"	"ATGCTCTGGCCATACCCAAGCAATTCCGGCTGG"	0	0	5	0
"ATGCTCTGGC------------TTCCGGCTGG"	"ATGCTCTGGCCATACCCAAGCATTCCGGCTGG"	0	1	566	0
"ATGCTCTGGC------------TTCCGGCTGG"	"ATGCTCTGGCCATACCCAAGGATTCCGGCTGG"	0	0	1	0
"ATGCTCTGGC------------TTCCGGCTGG"	"ATGCTCTGGCCATACCCAATCATTCCGGCTGG"	0	0	1	0
"ATGCTCTGGC------------TTCCGGCTGG"	"ATGCTCTGGCCATACCCACGCATTCCGGCTGG"	0	0	1	0
"ATGCTCTGGC------------TTCCGGCTGG"	"ATGCTCTGGCCATACCGAAGCATTCCGGCTGG"	0	0	1	0
"ATGCTCTGGC------------TTCCGGCTGG"	"ATGCTCTGGCCATACGCAAGCATTCCGGCTGG"	0	0	1	0
"ATGCTCTGGC------------TTCCGGCTGG"	"ATGCTCTGGCCATAGCCAAGCATTCCGGCTGG"	0	0	3	0
"ATGCTCTGGC----TTCCGGCTGG"	"ATGCTCTGGCCATATTCCGGCTGG"	0	0	0	1
"ATGCTCTGGC------TTCCGGCTGG"	"ATGCTCTGGCCATGCATTCCGGCTGG"	2	2	0	3
"ATGCTCTGGC------------TTCCGGCTGG"	"ATGCTCTGGCCATGCCCAAGCATTCCGGCTGG"	0	0	3	0
"ATGCTCTGGC------------TTCCGGCTGG"	"ATGCTCTGGCCATTCCCAAGCATTCCGGCTGG"	0	0	1	0
"ATGCTCTGGC------TTCCGGCTGG"	"ATGCTCTGGCCATTCGTTCCGGCTGG"	1	0	0	0
"ATGCTCTGGC---TTCCGGCTGG"	"ATGCTCTGGCCATTTCCGGCTGG"	0	4	2	0
"ATGCTCTGGC-------TTCCGGCTGG"	"ATGCTCTGGCCCAAACATTCCGGCTGG"	0	0	1	0
"ATGCTCTGGC--------TTCCGGCTGG"	"ATGCTCTGGCCCAAGCAATTCCGGCTGG"	0	0	1	0
"ATGCTCTGGC-------TTCCGGCTGG"	"ATGCTCTGGCCCAAGCATTCCGGCTGG"	0	2	438	0
"ATGCTCTGGC-------TTCCGGCTGG"	"ATGCTCTGGCCCAATCATTCCGGCTGG"	0	0	1	0
"ATGCTCTGGC----TTCCGGCTGG"	"ATGCTCTGGCCCAATTCCGGCTGG"	0	1	1	0
"ATGCTCTGGC------TTCCGGCTGG"	"ATGCTCTGGCCCAGCATTCCGGCTGG"	1	2	0	1
"ATGCTCTGGC------TTCCGGCTGG"	"ATGCTCTGGCCCAGCTTTCCGGCTGG"	0	1	0	0
"ATGCTCTGGC----TTCCGGCTGG"	"ATGCTCTGGCCCAGTTCCGGCTGG"	0	0	2	0
"ATGCTCTGGC----TTCCGGCTGG"	"ATGCTCTGGCCCATTTCCGGCTGG"	0	1	609	1
"ATGCTCTGGC----TTCCGGCTGG"	"ATGCTCTGGCCCCATTCCGGCTGG"	0	1116	1684	5
"ATGCTCTGGC---------TTCCGGCTGG"	"ATGCTCTGGCCCCCAAGCATTCCGGCTGG"	0	1	0	0
"ATGCTCTGGC----TTCCGGCTGG"	"ATGCTCTGGCCCCCTTCCGGCTGG"	0	3	893	2
"ATGCTCTGGC----TTCCGGCTGG"	"ATGCTCTGGCCCCGTTCCGGCTGG"	0	5	11	0
"ATGCTCTGGC----TTCCGGCTGG"	"ATGCTCTGGCCCCTTTCCGGCTGG"	0	839	3	3
"ATGCTCTGGC----TTCCGGCTGG"	"ATGCTCTGGCCCGATTCCGGCTGG"	0	4	5	0
"ATGCTCTGGC----TTCCGGCTGG"	"ATGCTCTGGCCCGTTTCCGGCTGG"	0	3	2	0
"ATGCTCTGGC------------TTCCGGCTGG"	"ATGCTCTGGCCCNACCCAAGCNTTCCGGCTGG"	0	1	0	0
"ATGCTCTGGC------------TTCCGGCTGG"	"ATGCTCTGGCCCTACCATTGCATTCCGGCTGG"	0	1	0	0
"ATGCTCTGGC------------TTCCGGCTGG"	"ATGCTCTGGCCCTACCCAAACATTCCGGCTGG"	0	1	0	0
"ATGCTCTGGC--------------TTCCGGCTGG"	"ATGCTCTGGCCCTACCCAAGCAAATTCCGGCTGG"	0	1	0	0
"ATGCTCTGGC------------TTCCGGCTGG"	"ATGCTCTGGCCCTACCCAAGCATTCCGGCTGG"	0	606	4	0
"ATGCTCTGGC------------TTCCGGCTGG"	"ATGCTCTGGCCCTACCCAAGGATTCCGGCTGG"	0	2	0	0
"ATGCTCTGGC------------TTCCGGCTGG"	"ATGCTCTGGCCCTACCCAATCATTCCGGCTGG"	0	1	0	0
"ATGCTCTGGC------------TTCCGGCTGG"	"ATGCTCTGGCCCTACGCAAGCATTCCGGCTGG"	0	1	0	0
"ATGCTCTGGC-------TTCCGGCTGG"	"ATGCTCTGGCCCTAGCATTCCGGCTGG"	0	0	1	1
"ATGCTCTGGC------------TTCCGGCTGG"	"ATGCTCTGGCCCTAGCCAAGCATTCCGGCTGG"	0	10	0	0
"ATGCTCTGGC----TTCCGGCTGG"	"ATGCTCTGGCCCTATTCCGGCTGG"	0	0	2	0
"ATGCTCTGGC------------TTCCGGCTGG"	"ATGCTCTGGCCCTCCCCAAGCATTCCGGCTGG"	0	1	0	0
"ATGCTCTGGC------------TTCCGGCTGG"	"ATGCTCTGGCCCTGCCCAAGCATTCCGGCTGG"	0	2	0	0
"ATGCTCTGGC------------TTCCGGCTGG"	"ATGCTCTGGCCCTTCCCAATCATTCCGGCTGG"	0	1	0	0
"ATGCTCTGGC---TTCCGGCTGG"	"ATGCTCTGGCCCTTTCCGGCTGG"	0	6	7	9
"ATGCTCTGGC----TTCCGGCTGG"	"ATGCTCTGGCCCTTTTCCGGCTGG"	0	1	1	0
"ATGCTCTGGC-------TTCCGGCTGG"	"ATGCTCTGGCCGAAGCATTCCGGCTGG"	0	0	2	0
"ATGCTCTGGC----TTCCGGCTGG"	"ATGCTCTGGCCGAATTCCGGCTGG"	0	0	1	0
"ATGCTCTGGC------TTCCGGCTGG"	"ATGCTCTGGCCGAGCGTTCCGGCTGG"	1	0	0	0
"ATGCTCTGGC------TTCCGGCTGG"	"ATGCTCTGGCCGAGGATTCCGGCTGG"	0	0	0	1
"ATGCTCTGGC------TTCCGGCTGG"	"ATGCTCTGGCCGATCATTCCGGCTGG"	0	0	1	1
"ATGCTCTGGC---TTCCGGCTGG"	"ATGCTCTGGCCGATTCCGGCTGG"	0	3	5	7
"ATGCTCTGGC----TTCCGGCTGG"	"ATGCTCTGGCCGATTTCCGGCTGG"	0	0	2	0
"ATGCTCTGGC----TTCCGGCTGG"	"ATGCTCTGGCCGCATTCCGGCTGG"	0	2	7	0
"ATGCTCTGGC----TTCCGGCTGG"	"ATGCTCTGGCCGCTTTCCGGCTGG"	0	1	0	0
"ATGCTCTGGC----TTCCGGCTGG"	"ATGCTCTGGCCGGATTCCGGCTGG"	0	2	689	1
"ATGCTCTGGC------------TTCCGGCTGG"	"ATGCTCTGGCCGGGCCCAAGCATTCCGGCTGG"	0	0	1	0
"ATGCTCTGGC----TTCCGGCTGG"	"ATGCTCTGGCCGGGTTCCGGCTGG"	0	0	4	0
"ATGCTCTGGC---TTCCGGCTGG"	"ATGCTCTGGCCGGTTCCGGCTGG"	0	1	0	0
"ATGCTCTGGC----TTCCGGCTGG"	"ATGCTCTGGCCGGTTTCCGGCTGG"	0	0	3	0
"ATGCTCTGGC------------TTCCGGCTGG"	"ATGCTCTGGCCGTACCAAAGCATTCCGGCTGG"	0	1	0	0
"ATGCTCTGGC------------TTCCGGCTGG"	"ATGCTCTGGCCGTACCCAAGCATTCCGGCTGG"	0	1	2	0
"ATGCTCTGGC------------TTCCGGCTGG"	"ATGCTCTGGCCGTACGCAAGCATTCCGGCTGG"	0	0	1	0
"ATGCTCTGGC------------TTCCGGCTGG"	"ATGCTCTGGCCGTAGCCAAGCATTCCGGCTGG"	0	0	1	0
"ATGCTCTGGC----TTCCGGCTGG"	"ATGCTCTGGCCGTATTCCGGCTGG"	0	0	2	0
"ATGCTCTGGC------TTCCGGCTGG"	"ATGCTCTGGCCGTGCATTCCGGCTGG"	0	1	0	0
"ATGCTCTGGC----TTCCGGCTGG"	"ATGCTCTGGCCGTGTTCCGGCTGG"	0	0	1	0
"ATGCTCTGGC---TTCCGGCTGG"	"ATGCTCTGGCCGTTTCCGGCTGG"	0	3	0	0
"ATGCTCTGGC----TTCCGGCTGG"	"ATGCTCTGGCCGTTTTCCGGCTGG"	0	0	0	1
"ATGCTCTGGC----TTCCGGCTGG"	"ATGCTCTGGCCTAATTCCGGCTGG"	0	3	0	0
"ATGCTCTGGC------TTCCGGCTGG"	"ATGCTCTGGCCTAGCATTCCGGCTGG"	0	0	1	0
"ATGCTCTGGC-----TTCCGGCTGG"	"ATGCTCTGGCCTATATTCCGGCTGG"	0	1	0	0
"ATGCTCTGGC---TTCCGGCTGG"	"ATGCTCTGGCCTATTCCGGCTGG"	0	4	4	5
"ATGCTCTGGC----TTCCGGCTGG"	"ATGCTCTGGCCTGATTCCGGCTGG"	0	0	2	0
"ATGCTCTGGC------------TTCCGGCTGG"	"ATGCTCTGGCCTTACCCAAGCATTCCGGCTGG"	0	0	1	0
"ATGCTCTGGC----TTCCGGCTGG"	"ATGCTCTGGCCTTATTCCGGCTGG"	1	2	0	0
"ATGCTCTGGC-----TTCCGGCTGG"	"ATGCTCTGGCCTTGATTCCGGCTGG"	0	1	0	0
"ATGCTCTGGC-----TTCCGGCTGG"	"ATGCTCTGGCCTTTATTCCGGCTGG"	0	0	1	0
"ATGCTCTGGC---TTCCGGCTGG"	"ATGCTCTGGCCTTTTCCGGCTGG"	0	4	1	1
"ATGCTCTGGC----TTCCGGCTGG"	"ATGCTCTGGCCTTTTTCCGGCTGG"	0	2	0	0
"ATGCTCTGGC------TTCCGGCTGG"	"ATGCTCTGGCGAAAAATTCCGGCTGG"	0	2	4	4
"ATGCTCTGGC-----TTCCGGCTGG"	"ATGCTCTGGCGAAAATTCCGGCTGG"	0	11	5	0
"ATGCTCTGGC------TTCCGGCTGG"	"ATGCTCTGGCGAAATATTCCGGCTGG"	0	0	1	0
"ATGCTCTGGC----TTCCGGCTGG"	"ATGCTCTGGCGAAATTCCGGCTGG"	0	12	3	18
"ATGCTCTGGC------TTCCGGCTGG"	"ATGCTCTGGCGAAGCATTCCGGCTGG"	0	2	1	2
"ATGCTCTGGC-----TTCCGGCTGG"	"ATGCTCTGGCGAATATTCCGGCTGG"	0	2	0	3
"ATGCTCTGGC-----TTCCGGCTGG"	"ATGCTCTGGCGAATTTTCCGGCTGG"	0	0	2	0
"ATGCTCTGGC----TTCCGGCTGG"	"ATGCTCTGGCGACATTCCGGCTGG"	0	1	0	0
"ATGCTCTGGC-----TTCCGGCTGG"	"ATGCTCTGGCGACTTTTCCGGCTGG"	0	0	1	0
"ATGCTCTGGC----TTCCGGCTGG"	"ATGCTCTGGCGAGATTCCGGCTGG"	0	2	679	1
"ATGCTCTGGC-----TTCCGGCTGG"	"ATGCTCTGGCGAGCATTCCGGCTGG"	0	0	0	1
"ATGCTCTGGC---TTCCGGCTGG"	"ATGCTCTGGCGAGTTCCGGCTGG"	0	0	416	1
"ATGCTCTGGC--------TTCCGGCTGG"	"ATGCTCTGGCGATAAAAATTCCGGCTGG"	0	2	0	0
"ATGCTCTGGC--------TTCCGGCTGG"	"ATGCTCTGGCGATAAGAATTCCGGCTGG"	0	1	0	0
"ATGCTCTGGC----TTCCGGCTGG"	"ATGCTCTGGCGATATTCCGGCTGG"	0	8	5	4
"ATGCTCTGGC-----TTCCGGCTGG"	"ATGCTCTGGCGATCATTCCGGCTGG"	0	0	0	1
"ATGCTCTGGC------TTCCGGCTGG"	"ATGCTCTGGCGATGTATTCCGGCTGG"	0	0	0	1
"ATGCTCTGGC-----TTCCGGCTGG"	"ATGCTCTGGCGATTATTCCGGCTGG"	0	0	10	0
"ATGCTCTGGC------TTCCGGCTGG"	"ATGCTCTGGCGATTGATTCCGGCTGG"	0	0	0	1
"ATGCTCTGGC------TTCCGGCTGG"	"ATGCTCTGGCGATTTATTCCGGCTGG"	0	0	1	6
"ATGCTCTGGC---TTCCGGCTGG"	"ATGCTCTGGCGATTTCCGGCTGG"	3	0	0	0
"ATGCTCTGGC-------TTCCGGCTGG"	"ATGCTCTGGCGATTTTATTCCGGCTGG"	0	0	1	0
"ATGCTCTGGC-------TTCCGGCTGG"	"ATGCTCTGGCGCAAGCATTCCGGCTGG"	0	0	2	0
"ATGCTCTGGC------TTCCGGCTGG"	"ATGCTCTGGCGCAGCATTCCGGCTGG"	0	0	1	0
"ATGCTCTGGC---TTCCGGCTGG"	"ATGCTCTGGCGCATTCCGGCTGG"	0	22	810	2346
"ATGCTCTGGC----TTCCGGCTGG"	"ATGCTCTGGCGCCATTCCGGCTGG"	0	4	2	0
"ATGCTCTGGC---------TTCCGGCTGG"	"ATGCTCTGGCGCCCAAGCATTCCGGCTGG"	0	3	0	0
"ATGCTCTGGC----TTCCGGCTGG"	"ATGCTCTGGCGCCTTTCCGGCTGG"	0	1	0	0
"ATGCTCTGGC----TTCCGGCTGG"	"ATGCTCTGGCGCGGTTCCGGCTGG"	0	0	2	0
"ATGCTCTGGC---TTCCGGCTGG"	"ATGCTCTGGCGCGTTCCGGCTGG"	0	1	2	5
"ATGCTCTGGC------------TTCCGGCTGG"	"ATGCTCTGGCGCTACCCAAGCATTCCGGCTGG"	0	3	0	0
"ATGCTCTGGC---TTCCGGCTGG"	"ATGCTCTGGCGCTTTCCGGCTGG"	0	1	0	5
"ATGCTCTGGC-----TTCCGGCTGG"	"ATGCTCTGGCGGAAATTCCGGCTGG"	0	1	0	0
"ATGCTCTGGC----TTCCGGCTGG"	"ATGCTCTGGCGGAATTCCGGCTGG"	0	1	0	1
"ATGCTCTGGC----TTCCGGCTGG"	"ATGCTCTGGCGGAGTTCCGGCTGG"	0	0	1	0
"ATGCTCTGGC---TTCCGGCTGG"	"ATGCTCTGGCGGATTCCGGCTGG"	0	5	590	14
"ATGCTCTGGC----TTCCGGCTGG"	"ATGCTCTGGCGGCATTCCGGCTGG"	0	0	3	1
"ATGCTCTGGC---TTCCGGCTGG"	"ATGCTCTGGCGGCTTCCGGCTGG"	0	3	0	0
"ATGCTCTGGC----TTCCGGCTGG"	"ATGCTCTGGCGGGATTCCGGCTGG"	0	980	5	1092
"ATGCTCTGGC----TTCCGGCTGG"	"ATGCTCTGGCGGGGTTCCGGCTGG"	0	7	1	1
"ATGCTCTGGC----TTCCGGCTGG"	"ATGCTCTGGCGGGTTTCCGGCTGG"	0	0	0	7
"ATGCTCTGGC----TTCCGGCTGG"	"ATGCTCTGGCGGTATTCCGGCTGG"	0	1	5	7
"ATGCTCTGGC----TTCCGGCTGG"	"ATGCTCTGGCGGTGTTCCGGCTGG"	0	0	1	1
"ATGCTCTGGC---TTCCGGCTGG"	"ATGCTCTGGCGGTTTCCGGCTGG"	0	1	1	819
"ATGCTCTGGC-----TTCCGGCTGG"	"ATGCTCTGGCGTAAATTCCGGCTGG"	0	0	1	0
"ATGCTCTGGC----TTCCGGCTGG"	"ATGCTCTGGCGTAATTCCGGCTGG"	0	5	2	0
"ATGCTCTGGC-----------TTCCGGCTGG"	"ATGCTCTGGCGTACCCAAGCATTCCGGCTGG"	0	0	2	0
"ATGCTCTGGC-----------TTCCGGCTGG"	"ATGCTCTGGCGTAGCCAAGCATTCCGGCTGG"	0	0	1	0
"ATGCTCTGGC-----TTCCGGCTGG"	"ATGCTCTGGCGTATATTCCGGCTGG"	0	3	1	0
"ATGCTCTGGC---TTCCGGCTGG"	"ATGCTCTGGCGTATTCCGGCTGG"	0	30	16	737
"ATGCTCTGGC----TTCCGGCTGG"	"ATGCTCTGGCGTCATTCCGGCTGG"	0	0	3	0
"ATGCTCTGGC----TTCCGGCTGG"	"ATGCTCTGGCGTGATTCCGGCTGG"	0	0	2	1
"ATGCTCTGGC---TTCCGGCTGG"	"ATGCTCTGGCGTGTTCCGGCTGG"	0	1	2	3
"ATGCTCTGGC------TTCCGGCTGG"	"ATGCTCTGGCGTTAAATTCCGGCTGG"	0	0	0	3
"ATGCTCTGGC-----TTCCGGCTGG"	"ATGCTCTGGCGTTTATTCCGGCTGG"	0	2	1	0
"ATGCTCTGGC------TTCCGGCTGG"	"ATGCTCTGGCGTTTTATTCCGGCTGG"	1	0	0	0
"ATGCTCTGGC-------TTCCGGCTGG"	"ATGCTCTGGCGTTTTTATTCCGGCTGG"	0	3	0	0
"ATGCTCTGGC----TTCCGGCTGG"	"ATGCTCTGGCGTTTTTCCGGCTGG"	0	7	6	5
"ATGCTCTGGC-----TTCCGGCTGG"	"ATGCTCTGGCGTTTTTTCCGGCTGG"	0	1	1	0
"ATGCTCTGGC------TTCCGGCTGG"	"ATGCTCTGGCTAAAAATTCCGGCTGG"	0	0	0	2
"ATGCTCTGGC-----TTCCGGCTGG"	"ATGCTCTGGCTAAAATTCCGGCTGG"	0	9	2	0
"ATGCTCTGGC------TTCCGGCTGG"	"ATGCTCTGGCTAAATATTCCGGCTGG"	0	0	1	0
"ATGCTCTGGC----TTCCGGCTGG"	"ATGCTCTGGCTAAATTCCGGCTGG"	0	6	2	11
"ATGCTCTGGC------TTCCGGCTGG"	"ATGCTCTGGCTAAGTATTCCGGCTGG"	0	1	0	0
"ATGCTCTGGC-----TTCCGGCTGG"	"ATGCTCTGGCTAATATTCCGGCTGG"	0	0	0	1
"ATGCTCTGGC-----TTCCGGCTGG"	"ATGCTCTGGCTAATTTTCCGGCTGG"	0	0	2	0
"ATGCTCTGGC------TTCCGGCTGG"	"ATGCTCTGGCTACAAATTCCGGCTGG"	0	0	0	1
"ATGCTCTGGC----TTCCGGCTGG"	"ATGCTCTGGCTACATTCCGGCTGG"	0	3	2	1
"ATGCTCTGGC-----TTCCGGCTGG"	"ATGCTCTGGCTACTATTCCGGCTGG"	0	0	1	0
"ATGCTCTGGC-------TTCCGGCTGG"	"ATGCTCTGGCTACTTTATTCCGGCTGG"	0	0	1	0
"ATGCTCTGGC----TTCCGGCTGG"	"ATGCTCTGGCTAGATTCCGGCTGG"	1	0	4	2
"ATGCTCTGGC-----TTCCGGCTGG"	"ATGCTCTGGCTAGCATTCCGGCTGG"	0	0	0	2
"ATGCTCTGGC-----TTCCGGCTGG"	"ATGCTCTGGCTAGTATTCCGGCTGG"	0	0	6	0
"ATGCTCTGGC------TTCCGGCTGG"	"ATGCTCTGGCTAGTGATTCCGGCTGG"	0	0	0	1
"ATGCTCTGGC------TTCCGGCTGG"	"ATGCTCTGGCTAGTTATTCCGGCTGG"	0	0	1	3
"ATGCTCTGGC---TTCCGGCTGG"	"ATGCTCTGGCTAGTTCCGGCTGG"	0	8	5	2
"ATGCTCTGGC-------TTCCGGCTGG"	"ATGCTCTGGCTAGTTGATTCCGGCTGG"	0	0	1	0
"ATGCTCTGGC-------TTCCGGCTGG"	"ATGCTCTGGCTAGTTTATTCCGGCTGG"	0	0	7	0
"ATGCTCTGGC--------TTCCGGCTGG"	"ATGCTCTGGCTATAAAAATTCCGGCTGG"	0	3	0	0
"ATGCTCTGGC-----TTCCGGCTGG"	"ATGCTCTGGCTATAATTCCGGCTGG"	0	0	1	0
"ATGCTCTGGC------------TTCCGGCTGG"	"ATGCTCTGGCTATACCCAAGCATTCCGGCTGG"	0	0	1	0
"ATGCTCTGGC-----TTCCGGCTGG"	"ATGCTCTGGCTATCATTCCGGCTGG"	0	0	3	0
"ATGCTCTGGC-----TTCCGGCTGG"	"ATGCTCTGGCTATGATTCCGGCTGG"	0	0	5	0
"ATGCTCTGGC------TTCCGGCTGG"	"ATGCTCTGGCTATGTATTCCGGCTGG"	0	0	3	2
"ATGCTCTGGC-------TTCCGGCTGG"	"ATGCTCTGGCTATGTTATTCCGGCTGG"	0	0	1	0
"ATGCTCTGGC----TTCCGGCTGG"	"ATGCTCTGGCTATGTTCCGGCTGG"	0	0	4	2
"ATGCTCTGGC------TTCCGGCTGG"	"ATGCTCTGGCTATGTTTTCCGGCTGG"	0	0	4	0
"ATGCTCTGGC------TTCCGGCTGG"	"ATGCTCTGGCTATTAATTCCGGCTGG"	0	0	0	1
"ATGCTCTGGC-------TTCCGGCTGG"	"ATGCTCTGGCTATTATATTCCGGCTGG"	0	0	5	0
"ATGCTCTGGC-----TTCCGGCTGG"	"ATGCTCTGGCTATTATTCCGGCTGG"	0	9	2601	3
"ATGCTCTGGC------TTCCGGCTGG"	"ATGCTCTGGCTATTCATTCCGGCTGG"	0	0	0	2
"ATGCTCTGGC------TTCCGGCTGG"	"ATGCTCTGGCTATTGATTCCGGCTGG"	0	0	7	14
"ATGCTCTGGC-------TTCCGGCTGG"	"ATGCTCTGGCTATTGTATTCCGGCTGG"	0	0	12	0
"ATGCTCTGGC-----TTCCGGCTGG"	"ATGCTCTGGCTATTGTTCCGGCTGG"	0	1	11	0
"ATGCTCTGGC------TTCCGGCTGG"	"ATGCTCTGGCTATTGTTTCCGGCTGG"	0	0	2	0
"ATGCTCTGGC-------TTCCGGCTGG"	"ATGCTCTGGCTATTTCATTCCGGCTGG"	0	0	1	0
"ATGCTCTGGC-------TTCCGGCTGG"	"ATGCTCTGGCTATTTGATTCCGGCTGG"	0	0	4	0
"ATGCTCTGGC------TTCCGGCTGG"	"ATGCTCTGGCTATTTGTTCCGGCTGG"	1	0	1	5
"ATGCTCTGGC-------TTCCGGCTGG"	"ATGCTCTGGCTATTTTATTCCGGCTGG"	0	2	1010	1
"ATGCTCTGGC----TTCCGGCTGG"	"ATGCTCTGGCTATTTTCCGGCTGG"	1	0	7	1
"ATGCTCTGGC-----TTCCGGCTGG"	"ATGCTCTGGCTATTTTTCCGGCTGG"	0	0	2	0
"ATGCTCTGGC------TTCCGGCTGG"	"ATGCTCTGGCTATTTTTTCCGGCTGG"	0	0	560	0
"ATGCTCTGGC----TTCCGGCTGG"	"ATGCTCTGGCTCATTTCCGGCTGG"	0	0	2	0
"ATGCTCTGGC----TTCCGGCTGG"	"ATGCTCTGGCTCCATTCCGGCTGG"	0	0	6	0
"ATGCTCTGGC---------TTCCGGCTGG"	"ATGCTCTGGCTCCCAAGCATTCCGGCTGG"	0	1	0	0
"ATGCTCTGGC----TTCCGGCTGG"	"ATGCTCTGGCTCCTTTCCGGCTGG"	0	2	0	0
"ATGCTCTGGC----TTCCGGCTGG"	"ATGCTCTGGCTCGGTTCCGGCTGG"	0	0	320	1
"ATGCTCTGGC---TTCCGGCTGG"	"ATGCTCTGGCTCGTTCCGGCTGG"	0	3	2	0
"ATGCTCTGGC----TTCCGGCTGG"	"ATGCTCTGGCTCGTTTCCGGCTGG"	0	0	1	0
"ATGCTCTGGC----TTCCGGCTGG"	"ATGCTCTGGCTCTGTTCCGGCTGG"	0	0	1	0
"ATGCTCTGGC-----TTCCGGCTGG"	"ATGCTCTGGCTCTTATTCCGGCTGG"	0	0	3	0
"ATGCTCTGGC------TTCCGGCTGG"	"ATGCTCTGGCTCTTTATTCCGGCTGG"	0	0	2	4
"ATGCTCTGGC----TTCCGGCTGG"	"ATGCTCTGGCTCTTTTCCGGCTGG"	0	0	1	5
"ATGCTCTGGC-----TTCCGGCTGG"	"ATGCTCTGGCTGAAATTCCGGCTGG"	0	0	5	0
"ATGCTCTGGC----TTCCGGCTGG"	"ATGCTCTGGCTGAATTCCGGCTGG"	0	1	3	0
"ATGCTCTGGC-----TTCCGGCTGG"	"ATGCTCTGGCTGAGATTCCGGCTGG"	0	0	1	0
"ATGCTCTGGC------TTCCGGCTGG"	"ATGCTCTGGCTGAGCATTCCGGCTGG"	0	1	0	0
"ATGCTCTGGC---TTCCGGCTGG"	"ATGCTCTGGCTGATTCCGGCTGG"	0	29	793	25
"ATGCTCTGGC----TTCCGGCTGG"	"ATGCTCTGGCTGCATTCCGGCTGG"	1	0	4	0
"ATGCTCTGGC----TTCCGGCTGG"	"ATGCTCTGGCTGCTTTCCGGCTGG"	0	0	1	0
"ATGCTCTGGC------TTCCGGCTGG"	"ATGCTCTGGCTGGAAATTCCGGCTGG"	0	0	0	1
"ATGCTCTGGC----TTCCGGCTGG"	"ATGCTCTGGCTGGATTCCGGCTGG"	0	2	10	3
"ATGCTCTGGC-----TTCCGGCTGG"	"ATGCTCTGGCTGGCATTCCGGCTGG"	0	1	0	1
"ATGCTCTGGC----TTCCGGCTGG"	"ATGCTCTGGCTGGGTTCCGGCTGG"	0	0	2	0
"ATGCTCTGGC---TTCCGGCTGG"	"ATGCTCTGGCTGGTTCCGGCTGG"	0	4	5	0
"ATGCTCTGGC------TTCCGGCTGG"	"ATGCTCTGGCTGTAAATTCCGGCTGG"	0	0	0	3
"ATGCTCTGGC-----TTCCGGCTGG"	"ATGCTCTGGCTGTCATTCCGGCTGG"	0	1	0	0
"ATGCTCTGGC-----TTCCGGCTGG"	"ATGCTCTGGCTGTGATTCCGGCTGG"	0	0	2	0
"ATGCTCTGGC----TTCCGGCTGG"	"ATGCTCTGGCTGTGTTCCGGCTGG"	0	0	744	1
"ATGCTCTGGC-----TTCCGGCTGG"	"ATGCTCTGGCTGTTATTCCGGCTGG"	3	7	25	0
"ATGCTCTGGC---------TTCCGGCTGG"	"ATGCTCTGGCTGTTCGGCTTTCCGGCTGG"	0	0	0	1
"ATGCTCTGGC------TTCCGGCTGG"	"ATGCTCTGGCTGTTGATTCCGGCTGG"	0	0	0	1
"ATGCTCTGGC-------------------TTCCGGCTGG"	"ATGCTCTGGCTGTTGGAAATAATACCATTTTCCGGCTGG"	0	1	0	0
"ATGCTCTGGC-------TTCCGGCTGG"	"ATGCTCTGGCTGTTGTATTCCGGCTGG"	0	1	0	0
"ATGCTCTGGC-----TTCCGGCTGG"	"ATGCTCTGGCTGTTGTTCCGGCTGG"	0	1	2	0
"ATGCTCTGGC------TTCCGGCTGG"	"ATGCTCTGGCTGTTTATTCCGGCTGG"	1	0	6	10
"ATGCTCTGGC-------TTCCGGCTGG"	"ATGCTCTGGCTGTTTTATTCCGGCTGG"	0	5	4	0
"ATGCTCTGGC-----TTCCGGCTGG"	"ATGCTCTGGCTGTTTTTCCGGCTGG"	0	6	6	0
"ATGCTCTGGC------TTCCGGCTGG"	"ATGCTCTGGCTGTTTTTTCCGGCTGG"	0	0	1	0
"ATGCTCTGGC------TTCCGGCTGG"	"ATGCTCTGGCTTAAAATTCCGGCTGG"	0	0	0	2
"ATGCTCTGGC-----TTCCGGCTGG"	"ATGCTCTGGCTTAAATTCCGGCTGG"	0	1	898	3
"ATGCTCTGGC-----TTCCGGCTGG"	"ATGCTCTGGCTTAAGTTCCGGCTGG"	0	0	6	0
"ATGCTCTGGC----TTCCGGCTGG"	"ATGCTCTGGCTTAATTCCGGCTGG"	0	796	3	4
"ATGCTCTGGC-----TTCCGGCTGG"	"ATGCTCTGGCTTACATTCCGGCTGG"	0	0	1	0
"ATGCTCTGGC-----------TTCCGGCTGG"	"ATGCTCTGGCTTACCCAAGCATTCCGGCTGG"	0	0	1	0
"ATGCTCTGGC-----TTCCGGCTGG"	"ATGCTCTGGCTTAGATTCCGGCTGG"	0	0	1	0
"ATGCTCTGGC----TTCCGGCTGG"	"ATGCTCTGGCTTAGTTCCGGCTGG"	0	1	0	0
"ATGCTCTGGC-----TTCCGGCTGG"	"ATGCTCTGGCTTATATTCCGGCTGG"	0	0	4	0
"ATGCTCTGGC------TTCCGGCTGG"	"ATGCTCTGGCTTATTATTCCGGCTGG"	0	0	1	0
"ATGCTCTGGC----TTCCGGCTGG"	"ATGCTCTGGCTTATTTCCGGCTGG"	0	2	0	0
"ATGCTCTGGC-----TTCCGGCTGG"	"ATGCTCTGGCTTATTTTCCGGCTGG"	0	1	1	0
"ATGCTCTGGC------TTCCGGCTGG"	"ATGCTCTGGCTTCAAATTCCGGCTGG"	0	0	0	1
"ATGCTCTGGC-----TTCCGGCTGG"	"ATGCTCTGGCTTCAATTCCGGCTGG"	0	0	3	0
"ATGCTCTGGC----TTCCGGCTGG"	"ATGCTCTGGCTTCATTCCGGCTGG"	0	2	810	0
"ATGCTCTGGC----TTCCGGCTGG"	"ATGCTCTGGCTTCGTTCCGGCTGG"	0	0	2	0
"ATGCTCTGGC----TTCCGGCTGG"	"ATGCTCTGGCTTCTTTCCGGCTGG"	0	0	3	3
"ATGCTCTGGC-----TTCCGGCTGG"	"ATGCTCTGGCTTCTTTTCCGGCTGG"	0	0	1	0
"ATGCTCTGGC------TTCCGGCTGG"	"ATGCTCTGGCTTGAAATTCCGGCTGG"	0	0	0	4
"ATGCTCTGGC----TTCCGGCTGG"	"ATGCTCTGGCTTGGTTCCGGCTGG"	0	0	1	0
"ATGCTCTGGC-----TTCCGGCTGG"	"ATGCTCTGGCTTGTATTCCGGCTGG"	3	3	2	0
"ATGCTCTGGC------TTCCGGCTGG"	"ATGCTCTGGCTTGTTATTCCGGCTGG"	2	0	0	0
"ATGCTCTGGC-------TTCCGGCTGG"	"ATGCTCTGGCTTGTTTATTCCGGCTGG"	0	2	0	0
"ATGCTCTGGC-----TTCCGGCTGG"	"ATGCTCTGGCTTGTTTTCCGGCTGG"	0	2	6	0
"ATGCTCTGGC-----------TTCCGGCTGG"	"ATGCTCTGGCTTGTTTTTTTTTTCCGGCTGG"	0	0	1	0
"ATGCTCTGGC------TTCCGGCTGG"	"ATGCTCTGGCTTTAAATTCCGGCTGG"	0	2	0	718
"ATGCTCTGGC------TTCCGGCTGG"	"ATGCTCTGGCTTTAAGTTCCGGCTGG"	0	0	0	3
"ATGCTCTGGC-----TTCCGGCTGG"	"ATGCTCTGGCTTTAATTCCGGCTGG"	0	0	3	0
"ATGCTCTGGC------TTCCGGCTGG"	"ATGCTCTGGCTTTAGATTCCGGCTGG"	0	0	0	3
"ATGCTCTGGC------TTCCGGCTGG"	"ATGCTCTGGCTTTATATTCCGGCTGG"	0	0	1	1
"ATGCTCTGGC-------TTCCGGCTGG"	"ATGCTCTGGCTTTATTATTCCGGCTGG"	0	1	0	0
"ATGCTCTGGC-----TTCCGGCTGG"	"ATGCTCTGGCTTTATTTCCGGCTGG"	0	0	2	0
"ATGCTCTGGC------TTCCGGCTGG"	"ATGCTCTGGCTTTCAATTCCGGCTGG"	0	0	0	1
"ATGCTCTGGC-----TTCCGGCTGG"	"ATGCTCTGGCTTTCATTCCGGCTGG"	0	0	1	0
"ATGCTCTGGC-----TTCCGGCTGG"	"ATGCTCTGGCTTTCTTTCCGGCTGG"	0	0	2	0
"ATGCTCTGGC------TTCCGGCTGG"	"ATGCTCTGGCTTTGAATTCCGGCTGG"	0	0	0	2
"ATGCTCTGGC-----TTCCGGCTGG"	"ATGCTCTGGCTTTGATTCCGGCTGG"	1	3	5	0
"ATGCTCTGGC------TTCCGGCTGG"	"ATGCTCTGGCTTTGTATTCCGGCTGG"	0	0	1	0
"ATGCTCTGGC-----TTCCGGCTGG"	"ATGCTCTGGCTTTGTTTCCGGCTGG"	0	2	2	0
"ATGCTCTGGC------TTCCGGCTGG"	"ATGCTCTGGCTTTTAATTCCGGCTGG"	0	0	0	2
"ATGCTCTGGC------TTCCGGCTGG"	"ATGCTCTGGCTTTTGATTCCGGCTGG"	5	0	2	0
"ATGCTCTGGC-------TTCCGGCTGG"	"ATGCTCTGGCTTTTGTATTCCGGCTGG"	0	13	0	0
"ATGCTCTGGC-----TTCCGGCTGG"	"ATGCTCTGGCTTTTGTTCCGGCTGG"	4	10	33	0
"ATGCTCTGGC-----------TTCCGGCTGG"	"ATGCTCTGGCTTTTGTTTTTTTTCCGGCTGG"	0	0	4	0
"ATGCTCTGGC-------TTCCGGCTGG"	"ATGCTCTGGCTTTTTGATTCCGGCTGG"	0	3	0	0
"ATGCTCTGGC------TTCCGGCTGG"	"ATGCTCTGGCTTTTTGTTCCGGCTGG"	1	0	1	0
"ATGCTCTGGC-----------TTCCGGCTGG"	"ATGCTCTGGCTTTTTGTTTTTTTCCGGCTGG"	0	0	1	0
"ATGCTCTGGC-------TTCCGGCTGG"	"ATGCTCTGGCTTTTTTATTCCGGCTGG"	0	969	3	3
"ATGCTCTGGC-----------TTCCGGCTGG"	"ATGCTCTGGCTTTTTTTTTGTTTCCGGCTGG"	0	0	1	0
"ATGCTCTGGC--------TTCCGGCTGG"	"ATGCTCTGGCTTTTTTTTTTCCGGCTGG"	0	0	1	0
"ATGCTCTGGC-----------TTCCGGCTGG"	"ATGCTCTGGCTTTTTTTTTTGTTCCGGCTGG"	0	0	1	0
"ATGCTCTGGC------------TTCCGGCTGG"	"ATGCTCTGGCTTTTTTTTTTGTTTCCGGCTGG"	0	0	1	0
"ATGCTCTGGC---------TTCCGGCTGG"	"ATGCTCTGGCTTTTTTTTTTTCCGGCTGG"	0	0	7	0
"ATGCTCTGGC----------TTCCGGCTGG"	"ATGCTCTGGCTTTTTTTTTTTTCCGGCTGG"	0	0	79	0
"ATGCTCTGGC-----------TTCCGGCTGG"	"ATGCTCTGGCTTTTTTTTTTTTTCCGGCTGG"	0	0	214	1
"ATGCTCTGGC------------TTCCGGCTGG"	"ATGCTCTGGCTTTTTTTTTTTTTTCCGGCTGG"	0	0	21	0
"ATGCTCTGGC-------------TTCCGGCTGG"	"ATGCTCTGGCTTTTTTTTTTTTTTTCCGGCTGG"	0	0	1	0
