"ref_align"	"read_align"	"count_yjl312"	"count_yjl313"	"count_yjl314"	"count_yjl315"
"AGCAGCCGTCCTGTGGATAA"	"AGCAGCCGTCCTGTGGATAA"	6180148	6050983	6838442	5965557
"AGCAGCCGTCCTGTGGATAA"	"AGCAGCCGT-CTGTGGATAA"	37879	16133	22126	27373
"AGCAGCCGTCCTGTGGATAA"	"AGCAGCCG--CTGTGGATAA"	11751	4455	6030	7614
"AGCAGCCGTCCTGTGGATAA"	"AGCAGCCGTC--GTGGATAA"	6263	2309	3233	4115
"AGCAGCCGTC--CTGTGGATAA"	"AGCAGCCGTCTCCTGTGGATAA"	5784	2298	3341	4201
"AGCAGCCGTCCTGTGGATAA"	"AGCAGCC---CTGTGGATAA"	6555	2253	3269	3897
"AGCAGCCGTC-CTGTGGATAA"	"AGCAGCCGTCCCTGTGGATAA"	5314	2194	3231	3980
"AGCAGCCGTCCTGTGGATAA"	"AGCAGC----CTGTGGATAA"	5507	2086	2697	3307
"AGCAGCCGTCCTGTGGATAA"	"AGCAGCCG---TGTGGATAA"	4971	1790	2531	3081
"AGCAGCCGTC-CTGTGGATAA"	"AGCAGCCGTCGCTGTGGATAA"	4469	1708	2459	3119
"AGCAGCCGTCCTGTGGATAA"	"AGCA------CTGTGGATAA"	4231	1350	1962	2375
"AGCAGCCGTCCTGTGGATAA"	"AGCAG-----CTGTGGATAA"	3572	1293	1815	2241
"AGCAGCCGTCCTGTGGATAA"	"AGCAGCC-----GTGGATAA"	3175	1173	1700	2067
"AGCAGCCGTCCTGTGGATAA"	"AGCAGCCGTC---TGGATAA"	3045	1107	1513	1906
"AGCAGCCGTC-CTGTGGATAA"	"AGCAGCCGTCACTGTGGATAA"	2445	991	1472	1864
"AGCAGCCGTCCTGTGGATAA"	"AGCAGCCGT--TGTGGATAA"	2456	989	1347	1605
"AGCAGCCGTCCTGTGGATAA"	"AGC-------CTGTGGATAA"	2214	788	980	1190
"AGCAGCCGTC-CTGTGGATAA"	"AGCAGCCGTCTCTGTGGATAA"	1865	783	1033	1434
"AGCAGCCGTCCTGTGGATAA"	"AGCAGCCGTC----GGATAA"	1928	724	1089	1267
"AGCAGCCGTCCTGTGGATAA"	"AG--------CTGTGGATAA"	2154	703	1094	1349
"AGCAGCCGTCCTGTGGATAA"	"A---------CTGTGGATAA"	1934	678	974	1130
"AGCAGCCGTCCTGTGGATAA"	"AGCAGCCG----GTGGATAA"	1411	499	739	875
"AGCAGCCGTC--CTGTGGATAA"	"AGCAGCCGTCCCCTGTGGATAA"	1123	474	626	870
"AGCAGCCGTCCTGTGGATAA"	"AGCAGCCGTC--------AA"	1247	459	689	845
"AGCAGCCGTC--CTGTGGATAA"	"AGCAGCCGTCGGCTGTGGATAA"	1223	454	638	799
"AGCAGCCGTCCTGTGGATAA"	"----------CTGTGGATAA"	1214	408	566	673
"AGCAGCCGTCCTGTGGATAA"	"AGCA--------GTGGATAA"	1081	327	480	539
"AGCAGCCGTCCTGTGGATAA"	"AGCA-------TGTGGATAA"	834	305	412	454
"AGCAGCCGTCCTGTGGATAA"	"AGCAG------TGTGGATAA"	732	278	342	401
"AGCAGCCGTCCTGTGGATAA"	"AGCAGCC------TGGATAA"	632	239	347	357
"AGCAGCCGTCCTGTGGATAA"	"AGCAGCCGTC-------TAA"	659	219	348	426
"AGCAGCCGTCCTGTGGATAA"	"AGCAGCCGTC-----GATAA"	636	219	347	375
"AGCAGCCGTCCTGTGGATAA"	"AGCAGCCGTC------ATAA"	534	199	289	398
"AGCAGCCGTC--CTGTGGATAA"	"AGCAGCCGTCAACTGTGGATAA"	495	199	262	383
"AGCAGCCGTC--CTGTGGATAA"	"AGCAGCCGTCAGCTGTGGATAA"	530	183	258	336
"AGCAGCCGTCCTGTGGATAA"	"AGCAGCCG---------TAA"	555	173	291	311
"AGCAGCCGTCCTGTGGATAA"	"AGCAGCCG----------AA"	525	170	240	267
"AGCAGCCGTCCTGTGGATAA"	"AGCAGCCGT----TGGATAA"	431	146	206	256
"AGCAGCCGTCCTGTGGATAA"	"AGCAG-------GTGGATAA"	415	144	210	256
"AGCAGCCGTCCTGTGGATAA"	"AGCAGCC-------GGATAA"	422	143	192	274
"AGCAGCCGTCCTGTGGATAA"	"AGCAGCC-----------AA"	406	131	202	190
"AGCAGCCGTCCTGTGGATAA"	"AGCAGCCGTC---------A"	326	149	126	225
"AGCAGCCGTCCTGTGGATAA"	"AGCAGCCGTC----------"	305	124	189	156
"AGCAGCCGTCCTGTGGATAA"	"AGCA---------TGGATAA"	295	122	117	160
"AGCAGCCGTC--CTGTGGATAA"	"AGCAGCCGTCCGCTGTGGATAA"	359	111	198	214
"AGCAGCCGTCCTGTGGATAA"	"A----------TGTGGATAA"	279	107	129	164
"AGCAGCCGTC--CTGTGGATAA"	"AGCAGCCGTCGACTGTGGATAA"	360	107	162	244
"AGCAGCCGTCCTGTGGATAA"	"A-----------GTGGATAA"	252	102	132	154
"AGCAGCCGTCCTGTGGATAA"	"AGCAGCCG------GGATAA"	323	94	143	170
"AGCAGCCGTC--CTGTGGATAA"	"AGCAGCCGTCCACTGTGGATAA"	253	89	135	198
"AGCAGCCGTCCTGTGGATAA"	"AGCAG-------------AA"	234	86	87	116
"AGCAGCCGTC--CTGTGGATAA"	"AGCAGCCGTCTTCTGTGGATAA"	206	82	119	184
"AGCAGCCGTCCTGTGGATAA"	"AGCA--------------AA"	248	80	112	138
"AGCAGCCGTCCTGTGGATAA"	"AGCAGCC--------GATAA"	221	77	114	122
"AGCAGCCGTC--CTGTGGATAA"	"AGCAGCCGTCTGCTGTGGATAA"	214	72	125	136
"AGCAGCCGTCCTGTGGATAA"	"AGC---------GTGGATAA"	160	66	87	86
"AGCAGCCGTC--CTGTGGATAA"	"AGCAGCCGTCTACTGTGGATAA"	147	65	77	112
"AGCAGCCGTCCTGTGGATAA"	"AGC-----------------"	171	59	73	103
"AGCAGCCGTCCTGTGGATAA"	"AGCA----------GGATAA"	224	59	96	135
"AGCAGCCGTCCTGTGGATAA"	"AG---------TGTGGATAA"	184	53	85	109
"AGCAGCCGTCCTGTGGATAA"	"AGCAGC------GTGGATAA"	142	63	49	61
"AGCAGCCGTC--CTGTGGATAA"	"AGCAGCCGTCATCTGTGGATAA"	150	49	54	86
"AGCAGCCGTC--CTGTGGATAA"	"AGCAGCCGTCGTCTGTGGATAA"	130	48	73	104
"AGCAGCCGTCCTGTGGATAA"	"AGC---------------AA"	138	46	59	64
"AGCAGCCGTCCTGTGGATAA"	"AGC----------TGGATAA"	103	46	49	53
"AGCAGCCGTCCTGTGGATAA"	"AGCAGCC----------TAA"	117	42	62	83
"AGCAGCCGTC---CTGTGGATAA"	"AGCAGCCGTCGGGCTGTGGATAA"	135	41	58	69
"AGCAGCCGTCCTGTGGATAA"	"AGCA-----------GATAA"	102	39	51	66
"AGCAGCCGTCCTGTGGATAA"	"-----------TGTGGATAA"	74	38	43	66
"AGCAGCCGTCCTGTGGATAA"	"AGCAGCC------------A"	86	36	43	42
"AGCAGCCGTCCTGTGGATAA"	"AGCAGCCG-----------A"	120	34	61	58
"AGCAGCCGTCCTGTGGATAA"	"AGCAGCCGT--------TAA"	76	34	39	53
"AGCAGCCGTCCTGTGGATAA"	"AG----------GTGGATAA"	105	33	44	58
"AGCAGCCGTC---CTGTGGATAA"	"AGCAGCCGTCGCGCTGTGGATAA"	77	32	55	44
"AGCAGCCGTCCTGTGGATAA"	"AGCAGCCGT-------ATAA"	81	31	46	68
"AGCAGCCGTCCTGTGGATAA"	"AGC-------------ATAA"	98	30	45	44
"AGCAGCCGTCCTGTGGATAA"	"A-----------------AA"	59	38	29	42
"AGCAGCCGTCCTGTGGATAA"	"AGCAGCC---------ATAA"	104	29	45	61
"AGCAGCCGTC---CTGTGGATAA"	"AGCAGCCGTCGAGCTGTGGATAA"	65	29	40	54
"AGCAGCCGTC-----CTGTGGATAA"	"AGCAGCCGTCGACGGCTGTGGATAA"	80	28	42	68
"AGCAGCCGTC---CTGTGGATAA"	"AGCAGCCGTCCCCCTGTGGATAA"	60	28	35	25
"AGCAGCCGTCCTGTGGATAA"	"AGCAG---------GGATAA"	144	24	54	104
"AGCAGCCGTC-----CTGTGGATAA"	"AGCAGCCGTCGGACGCTGTGGATAA"	81	24	32	50
"AGCAGCCGTCCTGTGGATAA"	"A-------------GGATAA"	83	22	35	32
"AGCAGCCGTCCTGTGGATAA"	"AGCAGC-------TGGATAA"	92	22	29	42
"AGCAGCCGTC--CTGTGGATAA"	"AGCAGCCGTCCTCTGTGGATAA"	35	21	24	51
"AGCAGCCGTCCTGTGGATAA"	"AG----------------AA"	52	33	20	40
"AGCAGCCGTC---CTGTGGATAA"	"AGCAGCCGTCAAACTGTGGATAA"	64	20	34	27
"AGCAGCCGTCCTGTGGATAA"	"AGCAGCCGT----------A"	69	19	35	30
"AGCAGCCGTC---CTGTGGATAA"	"AGCAGCCGTCGGACTGTGGATAA"	37	19	20	25
"AGCAGCCGTCCTGTGGATAA"	"AGCAG------------TAA"	55	18	28	24
"AGCAGCCGTCCTGTGGATAA"	"------------GTGGATAA"	75	16	17	29
"AGCAGCCGTCCTGTGGATAA"	"A------------TGGATAA"	68	16	50	33
"AGCAGCCGTCCTGTGGATAA"	"AGC-----------GGATAA"	74	16	33	35
"AGCAGCCGTCCTGTGGATAA"	"AGCA------------ATAA"	39	19	14	49
"AGCAGCCGTCCTGTGGATAA"	"AGCAGCCGT------GATAA"	79	14	29	33
"AGCAGCCGTCCTGTGGATAA"	"AGC----------------A"	58	17	24	13
"AGCAGCCGTCCTGTGGATAA"	"AGCAGC--------GGATAA"	61	12	26	29
"AGCAGCCGTCCTGTGGATAA"	"AGCAGCC-------------"	34	12	16	29
"AGCAGCCGTC---CTGTGGATAA"	"AGCAGCCGTCCAGCTGTGGATAA"	36	12	14	21
"AGCAGCCGTC---CTGTGGATAA"	"AGCAGCCGTCGAACTGTGGATAA"	28	12	25	36
"AGCAGCCGTC------CTGTGGATAA"	"AGCAGCCGTCCGGACGCTGTGGATAA"	34	11	11	31
"AGCAGCCGTC-----CTGTGGATAA"	"AGCAGCCGTCTGACGCTGTGGATAA"	29	11	15	18
"AGCAGCCGTCCTGTGGATAA"	"AGCAGCCG------------"	74	10	17	24
"AGCAGCCGTC----CTGTGGATAA"	"AGCAGCCGTCACAGCTGTGGATAA"	22	10	11	14
"AGCAGCCGTC----CTGTGGATAA"	"AGCAGCCGTCGAGACTGTGGATAA"	25	12	10	10
"AGCAGCCGTCCTGTGGATAA"	"AGCAG--------------A"	48	9	18	19
"AGCAGCCGTCCTGTGGATAA"	"AGCAGC------------AA"	42	11	9	38
"AGCAGCCGTCCTGTGGATAA"	"AG------------GGATAA"	46	8	14	24
"AGCAGCCGTCCTGTGGATAA"	"AGCAGC-----------TAA"	15	10	8	13
"AGCAGCCGTC----CTGTGGATAA"	"AGCAGCCGTCGGGACTGTGGATAA"	19	8	12	14
"AGCAGCCGTCCTGTGGATAA"	"AGCAGCCGT-----------"	32	13	7	30
"AGCAGCCGTC---CTGTGGATAA"	"AGCAGCCGTCAGGCTGTGGATAA"	48	7	15	23
"AGCAGCCGTC---CTGTGGATAA"	"AGCAGCCGTCGATCTGTGGATAA"	12	7	9	7
"AGCAGCCGTC---CTGTGGATAA"	"AGCAGCCGTCGTGCTGTGGATAA"	15	7	11	13
"AGCAGCCGTCCTGTGGATAA"	"----------------ATAA"	23	11	20	6
"AGCAGCCGTC----CTGTGGATAA"	"AGCAGCCGTCAAAACTGTGGATAA"	9	6	6	6
"AGCAGCCGTC----CTGTGGATAA"	"AGCAGCCGTCAAGACTGTGGATAA"	33	6	20	16
"AGCAGCCGTC----CTGTGGATAA"	"AGCAGCCGTCCTGTCTGTGGATAA"	36	6	16	13
"AGCAGCCGTC---CTGTGGATAA"	"AGCAGCCGTCGCTCTGTGGATAA"	18	8	9	6
"AGCAGCCGTC---CTGTGGATAA"	"AGCAGCCGTCGTTCTGTGGATAA"	21	6	8	14
"AGCAGCCGTC---CTGTGGATAA"	"AGCAGCCGTCTTTCTGTGGATAA"	33	9	6	17
"AGCAGCCGTCCTGTGGATAA"	"------------------AA"	30	5	21	15
"AGCAGCCGTCCTGTGGATAA"	"-------------TGGATAA"	43	5	12	23
"AGCAGCCGTCCTGTGGATAA"	"AG-----------------A"	8	5	6	5
"AGCAGCCGTCCTGTGGATAA"	"AGCAG---------------"	26	8	5	17
"AGCAGCCGTCCTGTGGATAA"	"AGCAGC-------------A"	21	6	6	5
"AGCAGCCGTC----CTGTGGATAA"	"AGCAGCCGTCCCAGCTGTGGATAA"	8	7	5	10
"AGCAGCCGTC---CTGTGGATAA"	"AGCAGCCGTCCGGCTGTGGATAA"	17	8	8	5
"AGCAGCCGTC----CTGTGGATAA"	"AGCAGCCGTCGACGCTGTGGATAA"	42	8	11	5
"AGCAGCCGTCCTGTGGATAA"	"--------------GGATAA"	14	4	12	13
"AGCAGCCGTCCTGTGGATAA"	"A---------------ATAA"	9	4	14	6
"AGCAGCCGTCCTGTGGATAA"	"A--------------GATAA"	51	4	12	15
"AGCAGCCGTC---CTGTGGATAA"	"AGCAGCCGTCACACTGTGGATAA"	17	4	8	11
"AGCAGCCGTC---CTGTGGATAA"	"AGCAGCCGTCCAACTGTGGATAA"	12	6	5	4
"AGCAGCCGTC-----CTGTGGATAA"	"AGCAGCCGTCCACAGCTGTGGATAA"	21	4	7	9
"AGCAGCCGTC---CTGTGGATAA"	"AGCAGCCGTCCCTCTGTGGATAA"	9	4	7	11
"AGCAGCCGTC----CTGTGGATAA"	"AGCAGCCGTCGCTGCTGTGGATAA"	4	5	12	6
"AGCAGCCGTC---CTGTGGATAA"	"AGCAGCCGTCTCTCTGTGGATAA"	18	8	4	9
"AGCAGCCGTC---CTGTGGATAA"	"AGCAGCCGTCTGACTGTGGATAA"	7	6	4	4
"AGCAGCCGTC---CTGTGGATAA"	"AGCAGCCGTCTGGCTGTGGATAA"	12	4	14	5
"AGCAGCCGTCCTGTGGATAA"	"AG---------------TAA"	12	3	4	5
"AGCAGCCGTCCTGTGGATAA"	"AGC------------GATAA"	7	3	3	4
"AGCAGCCGTC---CTGTGGATAA"	"AGCAGCCGTCAATCTGTGGATAA"	6	3	4	3
"AGCAGCCGTC---CTGTGGATAA"	"AGCAGCCGTCATGCTGTGGATAA"	11	5	4	3
"AGCAGCCGTC-----CTGTGGATAA"	"AGCAGCCGTCCCGTCCTGTGGATAA"	16	3	5	5
"AGCAGCCGTC------CTGTGGATAA"	"AGCAGCCGTCGAGACGCTGTGGATAA"	8	3	3	5
"AGCAGCCGTC---CTGTGGATAA"	"AGCAGCCGTCGCACTGTGGATAA"	19	3	9	4
"AGCAGCCGTC------CTGTGGATAA"	"AGCAGCCGTCGGGACGCTGTGGATAA"	11	4	3	11
"AGCAGCCGTC---CTGTGGATAA"	"AGCAGCCGTCGGTCTGTGGATAA"	11	3	5	17
"AGCAGCCGTC---CTGTGGATAA"	"AGCAGCCGTCTAGCTGTGGATAA"	11	3	6	12
"AGCAGCCGTC---CTGTGGATAA"	"AGCAGCCGTCTCACTGTGGATAA"	24	3	3	7
"AGCAGCCGTCCTGTGGATAA"	"AGC--------------TAA"	22	2	15	8
"AGCAGCCGTCCTGTGGATAA"	"AGCAGC----------ATAA"	19	2	10	13
"AGCAGCCGTCCTGTGGATAA"	"AGCAGC---------GATAA"	18	2	3	5
"AGCAGCCGTC------CTGTGGATAA"	"AGCAGCCGTCAAGACGCTGTGGATAA"	12	2	13	4
"AGCAGCCGTC---CTGTGGATAA"	"AGCAGCCGTCAAGCTGTGGATAA"	33	5	2	2
"AGCAGCCGTC---CTGTGGATAA"	"AGCAGCCGTCACGCTGTGGATAA"	4	2	3	2
"AGCAGCCGTC---CTGTGGATAA"	"AGCAGCCGTCAGACTGTGGATAA"	2	3	6	10
"AGCAGCCGTC---CTGTGGATAA"	"AGCAGCCGTCATACTGTGGATAA"	7	3	2	3
"AGCAGCCGTC---CTGTGGATAA"	"AGCAGCCGTCCATCTGTGGATAA"	11	4	3	2
"AGCAGCCGTC------CTGTGGATAA"	"AGCAGCCGTCCGTCCTCTGTGGATAA"	3	3	2	2
"AGCAGCCGTC---CTGTGGATAA"	"AGCAGCCGTCCGTCTGTGGATAA"	6	2	3	3
"AGCAGCCGTC---CTGTGGATAA"	"AGCAGCCGTCCTTCTGTGGATAA"	5	3	2	8
"AGCAGCCGTC----CTGTGGATAA"	"AGCAGCCGTCGCGACTGTGGATAA"	7	2	3	5
"AGCAGCCGTC----CTGTGGATAA"	"AGCAGCCGTCGTAACTGTGGATAA"	5	2	2	2
"AGCAGCCGTC---CTGTGGATAA"	"AGCAGCCGTCGTACTGTGGATAA"	10	3	2	8
"AGCAGCCGTC------CTGTGGATAA"	"AGCAGCCGTCTCGACGCTGTGGATAA"	3	2	4	2
"AGCAGCCGTC---CTGTGGATAA"	"AGCAGCCGTCTCGCTGTGGATAA"	13	9	2	7
"AGCAGCCGTC------CTGTGGATAA"	"AGCAGCCGTCTGGACGCTGTGGATAA"	2	2	2	2
"AGCAGCCGTC---CTGTGGATAA"	"AGCAGCCGTCTGTCTGTGGATAA"	5	2	2	8
"AGCAGCCGTC---CTGTGGATAA"	"AGCAGCCGTCTTACTGTGGATAA"	5	5	2	2
"AGCAGCCGTCCTGTGGATAA"	"AG------------------"	2	5	5	1
"AGCAGCCGTCCTGTGGATAA"	"AGCAGC--------------"	10	1	2	1
"AGCAGCCGTC----CTGTGGATAA"	"AGCAGCCGTCACCTCTGTGGATAA"	3	1	2	2
"AGCAGCCGTC---CTGTGGATAA"	"AGCAGCCGTCACTCTGTGGATAA"	4	1	3	5
"AGCAGCCGTC----CTGTGGATAA"	"AGCAGCCGTCAGAGCTGTGGATAA"	1	1	1	2
"AGCAGCCGTC----CTGTGGATAA"	"AGCAGCCGTCATGACTGTGGATAA"	9	1	1	3
"AGCAGCCGTC---CTGTGGATAA"	"AGCAGCCGTCATTCTGTGGATAA"	6	1	5	2
"AGCAGCCGTC--------CTGTGGATAA"	"AGCAGCCGTCCAGCCGTCCTGTGGATAA"	5	1	1	4
"AGCAGCCGTC---CTGTGGATAA"	"AGCAGCCGTCCCACTGTGGATAA"	3	1	3	1
"AGCAGCCGTC---CTGTGGATAA"	"AGCAGCCGTCCGACTGTGGATAA"	6	2	1	1
"AGCAGCCGTC----------CTGTGGATAA"	"AGCAGCCGTCCGTCCGGACGCTGTGGATAA"	1	1	1	1
"AGCAGCCGTC---CTGTGGATAA"	"AGCAGCCGTCCTGCTGTGGATAA"	3	4	5	1
"AGCAGCCGTC------------CTGTGGATAA"	"AGCAGCCGTCGAAGCAGCCGTCCTGTGGATAA"	1	2	2	1
"AGCAGCCGTC-----CTGTGGATAA"	"AGCAGCCGTCGACAGCTGTGGATAA"	7	3	1	5
"AGCAGCCGTC-------CTGTGGATAA"	"AGCAGCCGTCGACGGCTCTGTGGATAA"	4	7	2	1
"AGCAGCCGTC----CTGTGGATAA"	"AGCAGCCGTCGAGGCTGTGGATAA"	6	1	1	6
"AGCAGCCGTC----CTGTGGATAA"	"AGCAGCCGTCGCATCTGTGGATAA"	4	1	2	3
"AGCAGCCGTC--CTGTGGATAA"	"AGCAGCCGTCGCCTGTGGATAA"	4	1	1	4
"AGCAGCCGTC----CTGTGGATAA"	"AGCAGCCGTCGCGGCTGTGGATAA"	7	1	7	11
"AGCAGCCGTC-------CTGTGGATAA"	"AGCAGCCGTCGGACGAGCTGTGGATAA"	5	1	1	1
"AGCAGCCGTC----CTGTGGATAA"	"AGCAGCCGTCGGAGCTGTGGATAA"	3	2	1	5
"AGCAGCCGTC----CTGTGGATAA"	"AGCAGCCGTCGGCGCTGTGGATAA"	1	1	2	1
"AGCAGCCGTC----CTGTGGATAA"	"AGCAGCCGTCGGGGCTGTGGATAA"	7	3	1	9
"AGCAGCCGTC------CTGTGGATAA"	"AGCAGCCGTCGTGACGCTGTGGATAA"	13	4	2	1
"AGCAGCCGTC----CTGTGGATAA"	"AGCAGCCGTCGTGACTGTGGATAA"	7	1	7	8
"AGCAGCCGTC----CTGTGGATAA"	"AGCAGCCGTCGTTTCTGTGGATAA"	3	1	4	1
"AGCAGCCGTC---CTGTGGATAA"	"AGCAGCCGTCTAACTGTGGATAA"	8	1	10	9
"AGCAGCCGTC---CTGTGGATAA"	"AGCAGCCGTCTATCTGTGGATAA"	9	2	4	1
"AGCAGCCGTC----CTGTGGATAA"	"AGCAGCCGTCTCCACTGTGGATAA"	2	1	1	1
"AGCAGCCGTC----CTGTGGATAA"	"AGCAGCCGTCTCTCCTGTGGATAA"	6	7	4	1
"AGCAGCCGTC----CTGTGGATAA"	"AGCAGCCGTCTGTGCTGTGGATAA"	4	2	1	3
"AGCAGCCGTC----CTGTGGATAA"	"AGCAGCCGTCTTAACTGTGGATAA"	3	1	4	2
"AGCAGCCGTC----CTGTGGATAA"	"AGCAGCCGTCTTTTCTGTGGATAA"	5	4	1	6
"AGCAGCCGTCCTGTGGATAA"	"---------------GATAA"	11	0	0	4
"AGCAGCCGTC--------CTGTGGATAA"	"AGCAGCCGTCAAAAAAAACTGTGGATAA"	2	0	0	0
"AGCAGCCGTC-------CTGTGGATAA"	"AGCAGCCGTCAAAAAATCTGTGGATAA"	0	1	0	0
"AGCAGCCGTC----------CTGTGGATAA"	"AGCAGCCGTCAAAAACGCCACTGTGGATAA"	0	1	0	0
"AGCAGCCGTC-----CTGTGGATAA"	"AGCAGCCGTCAAAAACTGTGGATAA"	6	3	0	1
"AGCAGCCGTC-------CTGTGGATAA"	"AGCAGCCGTCAAAAATTCTGTGGATAA"	1	0	0	0
"AGCAGCCGTC-----CTGTGGATAA"	"AGCAGCCGTCAAAAGCTGTGGATAA"	1	0	3	0
"AGCAGCCGTC-----CTGTGGATAA"	"AGCAGCCGTCAAAATCTGTGGATAA"	0	1	0	0
"AGCAGCCGTC-------CTGTGGATAA"	"AGCAGCCGTCAAAATGGCTGTGGATAA"	0	1	0	0
"AGCAGCCGTC------CTGTGGATAA"	"AGCAGCCGTCAAAATTCTGTGGATAA"	0	0	1	0
"AGCAGCCGTC-----CTGTGGATAA"	"AGCAGCCGTCAAACACTGTGGATAA"	1	0	0	0
"AGCAGCCGTC--------CTGTGGATAA"	"AGCAGCCGTCAAACATCGCTGTGGATAA"	0	0	1	0
"AGCAGCCGTC-------------CTGTGGATAA"	"AGCAGCCGTCAAACTGTGAACAGCTGTGGATAA"	2	0	0	0
"AGCAGCCGTC----CTGTGGATAA"	"AGCAGCCGTCAAAGCTGTGGATAA"	2	0	0	1
"AGCAGCCGTC-------CTGTGGATAA"	"AGCAGCCGTCAAAGGAGCTGTGGATAA"	0	0	0	1
"AGCAGCCGTC-----CTGTGGATAA"	"AGCAGCCGTCAAAGTCTGTGGATAA"	0	0	1	0
"AGCAGCCGTC---------CTGTGGATAA"	"AGCAGCCGTCAAATAAACACTGTGGATAA"	3	0	0	0
"AGCAGCCGTC------CTGTGGATAA"	"AGCAGCCGTCAAATAGCTGTGGATAA"	1	0	0	0
"AGCAGCCGTC------CTGTGGATAA"	"AGCAGCCGTCAAATCTCTGTGGATAA"	0	0	1	0
"AGCAGCCGTC----CTGTGGATAA"	"AGCAGCCGTCAAATCTGTGGATAA"	1	1	0	0
"AGCAGCCGTC----------------CTGTGGATAA"	"AGCAGCCGTCAAATTGTAAATAAGTACTGTGGATAA"	2	0	0	0
"AGCAGCCGTC-------CTGTGGATAA"	"AGCAGCCGTCAACAACGCTGTGGATAA"	0	1	0	0
"AGCAGCCGTC------CTGTGGATAA"	"AGCAGCCGTCAACAAGCTGTGGATAA"	1	0	0	0
"AGCAGCCGTC--------------------------CTGTGGATAA"	"AGCAGCCGTCAACACCGTGAAGCTGAAGGTGACCAACTGTGGATAA"	0	0	0	1
"AGCAGCCGTC----CTGTGGATAA"	"AGCAGCCGTCAACACTGTGGATAA"	1	2	3	0
"AGCAGCCGTC-----CTGTGGATAA"	"AGCAGCCGTCAACAGCTGTGGATAA"	2	0	0	0
"AGCAGCCGTC------CTGTGGATAA"	"AGCAGCCGTCAACAGGCTGTGGATAA"	0	0	1	0
"AGCAGCCGTC-------CTGTGGATAA"	"AGCAGCCGTCAACCACACTGTGGATAA"	0	0	0	2
"AGCAGCCGTC-----CTGTGGATAA"	"AGCAGCCGTCAACCTCTGTGGATAA"	0	0	1	0
"AGCAGCCGTC------------------------CTGTGGATAA"	"AGCAGCCGTCAACGCCAGCAACGCGGCCTTTTTACTGTGGATAA"	2	0	0	0
"AGCAGCCGTC----CTGTGGATAA"	"AGCAGCCGTCAACGCTGTGGATAA"	0	1	1	1
"AGCAGCCGTC-----CTGTGGATAA"	"AGCAGCCGTCAACTGCTGTGGATAA"	0	0	0	2
"AGCAGCCGTC-----CTGTGGATAA"	"AGCAGCCGTCAAGAACTGTGGATAA"	0	0	1	0
"AGCAGCCGTC-----CTGTGGATAA"	"AGCAGCCGTCAAGAGCTGTGGATAA"	4	1	0	0
"AGCAGCCGTC-------CTGTGGATAA"	"AGCAGCCGTCAAGAGTGCTGTGGATAA"	0	0	0	1
"AGCAGCCGTC-----CTGTGGATAA"	"AGCAGCCGTCAAGATCTGTGGATAA"	0	0	1	1
"AGCAGCCGTC----------CTGTGGATAA"	"AGCAGCCGTCAAGATGATCTCTGTGGATAA"	1	0	0	0
"AGCAGCCGTC-----------CTGTGGATAA"	"AGCAGCCGTCAAGCAGCCGTCCTGTGGATAA"	0	1	0	0
"AGCAGCCGTC------CTGTGGATAA"	"AGCAGCCGTCAAGCCACTGTGGATAA"	0	1	0	0
"AGCAGCCGTC------CTGTGGATAA"	"AGCAGCCGTCAAGCCGCTGTGGATAA"	0	0	0	1
"AGCAGCCGTC-----CTGTGGATAA"	"AGCAGCCGTCAAGGACTGTGGATAA"	2	0	0	0
"AGCAGCCGTC------CTGTGGATAA"	"AGCAGCCGTCAAGGCGCTGTGGATAA"	0	1	0	0
"AGCAGCCGTC----CTGTGGATAA"	"AGCAGCCGTCAAGGCTGTGGATAA"	8	0	2	0
"AGCAGCCGTC-------CTGTGGATAA"	"AGCAGCCGTCAAGTAGGCTGTGGATAA"	2	0	0	0
"AGCAGCCGTC----CTGTGGATAA"	"AGCAGCCGTCAAGTCTGTGGATAA"	0	1	0	0
"AGCAGCCGTC------CTGTGGATAA"	"AGCAGCCGTCAATAAACTGTGGATAA"	1	0	0	0
"AGCAGCCGTC-----CTGTGGATAA"	"AGCAGCCGTCAATAACTGTGGATAA"	2	0	0	0
"AGCAGCCGTC----CTGTGGATAA"	"AGCAGCCGTCAATACTGTGGATAA"	0	4	2	1
"AGCAGCCGTC-----CTGTGGATAA"	"AGCAGCCGTCAATAGCTGTGGATAA"	1	0	0	1
"AGCAGCCGTC-----CTGTGGATAA"	"AGCAGCCGTCAATATCTGTGGATAA"	1	0	0	0
"AGCAGCCGTC-------CTGTGGATAA"	"AGCAGCCGTCAATCCAGCTGTGGATAA"	3	0	0	0
"AGCAGCCGTC------CTGTGGATAA"	"AGCAGCCGTCAATCTACTGTGGATAA"	0	0	1	0
"AGCAGCCGTC----CTGTGGATAA"	"AGCAGCCGTCAATGCTGTGGATAA"	2	0	0	1
"AGCAGCCGTC-----CTGTGGATAA"	"AGCAGCCGTCAATGGCTGTGGATAA"	1	0	0	0
"AGCAGCCGTC-------CTGTGGATAA"	"AGCAGCCGTCAATGTCACTGTGGATAA"	0	0	0	1
"AGCAGCCGTC------CTGTGGATAA"	"AGCAGCCGTCAATTAACTGTGGATAA"	0	1	0	0
"AGCAGCCGTC-------CTGTGGATAA"	"AGCAGCCGTCAATTACGCTGTGGATAA"	0	2	0	0
"AGCAGCCGTC----CTGTGGATAA"	"AGCAGCCGTCAATTCTGTGGATAA"	1	0	5	0
"AGCAGCCGTC-----CTGTGGATAA"	"AGCAGCCGTCAATTTCTGTGGATAA"	0	0	0	1
"AGCAGCCGTC------------------------CTGTGGATAA"	"AGCAGCCGTCACAAATGGTATTATTTATCCAAAGCTGTGGATAA"	0	0	0	1
"AGCAGCCGTC------------------------CTGTGGATAA"	"AGCAGCCGTCACAAATGGTATTATTTATCCACAGCTGTGGATAA"	0	0	0	2
"AGCAGCCGTC------------------------CTGTGGATAA"	"AGCAGCCGTCACAAATGGTATTATTTATCGACAGCTGTGGATAA"	0	0	0	1
"AGCAGCCGTC----CTGTGGATAA"	"AGCAGCCGTCACAACTGTGGATAA"	3	0	1	2
"AGCAGCCGTC---------------------------CTGTGGATAA"	"AGCAGCCGTCACAAGCTGATCGCACGCAAAAAAGATTCTGTGGATAA"	1	0	0	0
"AGCAGCCGTC------CTGTGGATAA"	"AGCAGCCGTCACAATTCTGTGGATAA"	0	0	1	0
"AGCAGCCGTC------CTGTGGATAA"	"AGCAGCCGTCACACAACTGTGGATAA"	1	0	0	0
"AGCAGCCGTC-----CTGTGGATAA"	"AGCAGCCGTCACACACTGTGGATAA"	0	0	1	0
"AGCAGCCGTC-------------------------CTGTGGATAA"	"AGCAGCCGTCACACAGAGTCGGACATGACTGAAGTCTGTGGATAA"	0	0	0	1
"AGCAGCCGTC------CTGTGGATAA"	"AGCAGCCGTCACACAGCTGTGGATAA"	0	0	0	1
"AGCAGCCGTC-------CTGTGGATAA"	"AGCAGCCGTCACACAGGCTGTGGATAA"	0	0	1	0
"AGCAGCCGTC-----CTGTGGATAA"	"AGCAGCCGTCACACGCTGTGGATAA"	1	0	0	0
"AGCAGCCGTC---------------------------CTGTGGATAA"	"AGCAGCCGTCACAGCAGGAGCTGCTGCTGCTCCTCCACTGTGGATAA"	0	0	1	0
"AGCAGCCGTC-----CTGTGGATAA"	"AGCAGCCGTCACAGGCTGTGGATAA"	1	0	0	0
"AGCAGCCGTC------CTGTGGATAA"	"AGCAGCCGTCACATCGCTGTGGATAA"	0	0	0	1
"AGCAGCCGTC----CTGTGGATAA"	"AGCAGCCGTCACATCTGTGGATAA"	3	3	0	2
"AGCAGCCGTC-----CTGTGGATAA"	"AGCAGCCGTCACATGCTGTGGATAA"	0	1	0	0
"AGCAGCCGTC-----CTGTGGATAA"	"AGCAGCCGTCACCAACTGTGGATAA"	2	0	0	0
"AGCAGCCGTC----CTGTGGATAA"	"AGCAGCCGTCACCACTGTGGATAA"	1	0	1	2
"AGCAGCCGTC------CTGTGGATAA"	"AGCAGCCGTCACCAGACTGTGGATAA"	0	0	0	1
"AGCAGCCGTC-----CTGTGGATAA"	"AGCAGCCGTCACCAGCTGTGGATAA"	2	0	1	0
"AGCAGCCGTC-----CTGTGGATAA"	"AGCAGCCGTCACCGACTGTGGATAA"	1	0	0	0
"AGCAGCCGTC----CTGTGGATAA"	"AGCAGCCGTCACCGCTGTGGATAA"	3	2	1	0
"AGCAGCCGTC---------------------CTGTGGATAA"	"AGCAGCCGTCACCTCGGAAAAAGAGTTGGTACTGTGGATAA"	0	1	0	0
"AGCAGCCGTC------CTGTGGATAA"	"AGCAGCCGTCACGAATCTGTGGATAA"	0	1	0	0
"AGCAGCCGTC------CTGTGGATAA"	"AGCAGCCGTCACGACGCTGTGGATAA"	1	0	0	0
"AGCAGCCGTC----CTGTGGATAA"	"AGCAGCCGTCACGACTGTGGATAA"	7	0	1	1
"AGCAGCCGTC--------CTGTGGATAA"	"AGCAGCCGTCACGCACAGCTGTGGATAA"	0	1	0	0
"AGCAGCCGTC-----CTGTGGATAA"	"AGCAGCCGTCACGCACTGTGGATAA"	0	0	1	0
"AGCAGCCGTC------CTGTGGATAA"	"AGCAGCCGTCACGCAGCTGTGGATAA"	1	0	0	0
"AGCAGCCGTC------CTGTGGATAA"	"AGCAGCCGTCACGCGTCTGTGGATAA"	1	0	0	0
"AGCAGCCGTC----CTGTGGATAA"	"AGCAGCCGTCACGGCTGTGGATAA"	0	1	0	0
"AGCAGCCGTC------CTGTGGATAA"	"AGCAGCCGTCACGGGGCTGTGGATAA"	0	1	0	0
"AGCAGCCGTC-------CTGTGGATAA"	"AGCAGCCGTCACGGTAACTGTGGATAA"	0	1	0	0
"AGCAGCCGTC----CTGTGGATAA"	"AGCAGCCGTCACGTCTGTGGATAA"	1	1	1	0
"AGCAGCCGTC----CTGTGGATAA"	"AGCAGCCGTCACTACTGTGGATAA"	0	1	0	1
"AGCAGCCGTC-------------------CTGTGGATAA"	"AGCAGCCGTCACTCAACAGCATAGGCCCACTGTGGATAA"	2	0	0	0
"AGCAGCCGTC-----CTGTGGATAA"	"AGCAGCCGTCACTCGCTGTGGATAA"	0	0	0	1
"AGCAGCCGTC-------CTGTGGATAA"	"AGCAGCCGTCACTTCTGCTGTGGATAA"	0	0	0	1
"AGCAGCCGTC----CTGTGGATAA"	"AGCAGCCGTCACTTCTGTGGATAA"	0	0	2	0
"AGCAGCCGTC-----CTGTGGATAA"	"AGCAGCCGTCACTTTCTGTGGATAA"	0	0	0	1
"AGCAGCCGTC--------CTGTGGATAA"	"AGCAGCCGTCAGAAAAAACTGTGGATAA"	1	0	0	0
"AGCAGCCGTC-------CTGTGGATAA"	"AGCAGCCGTCAGAAAATCTGTGGATAA"	1	0	0	0
"AGCAGCCGTC-----CTGTGGATAA"	"AGCAGCCGTCAGAAACTGTGGATAA"	0	0	1	0
"AGCAGCCGTC----CTGTGGATAA"	"AGCAGCCGTCAGAACTGTGGATAA"	1	0	0	0
"AGCAGCCGTC-----CTGTGGATAA"	"AGCAGCCGTCAGAAGCTGTGGATAA"	0	2	0	0
"AGCAGCCGTC-----CTGTGGATAA"	"AGCAGCCGTCAGACGCTGTGGATAA"	1	1	1	0
"AGCAGCCGTC-------CTGTGGATAA"	"AGCAGCCGTCAGAGAGACTGTGGATAA"	0	0	0	1
"AGCAGCCGTC------CTGTGGATAA"	"AGCAGCCGTCAGAGCACTGTGGATAA"	0	1	0	0
"AGCAGCCGTC--------------------CTGTGGATAA"	"AGCAGCCGTCAGATAGGGGGTGAGGGAGCTCTGTGGATAA"	1	0	0	0
"AGCAGCCGTC----CTGTGGATAA"	"AGCAGCCGTCAGATCTGTGGATAA"	3	0	0	4
"AGCAGCCGTC----------------CTGTGGATAA"	"AGCAGCCGTCAGATGAAGCAGCCGTCCTGTGGATAA"	0	1	0	0
"AGCAGCCGTC------CTGTGGATAA"	"AGCAGCCGTCAGATGACTGTGGATAA"	0	0	0	2
"AGCAGCCGTC-------------------CTGTGGATAA"	"AGCAGCCGTCAGCAGAGCGCAGATACCAACTGTGGATAA"	1	0	0	0
"AGCAGCCGTC----------CTGTGGATAA"	"AGCAGCCGTCAGCAGCCGTCCTGTGGATAA"	1	0	0	0
"AGCAGCCGTC-----CTGTGGATAA"	"AGCAGCCGTCAGCAGCTGTGGATAA"	0	0	0	1
"AGCAGCCGTC-----CTGTGGATAA"	"AGCAGCCGTCAGCCACTGTGGATAA"	0	0	0	1
"AGCAGCCGTC-------------CTGTGGATAA"	"AGCAGCCGTCAGCCTATGTGTATCTGTGGATAA"	3	0	0	0
"AGCAGCCGTC-------CTGTGGATAA"	"AGCAGCCGTCAGCGCAACTGTGGATAA"	1	0	0	0
"AGCAGCCGTC----CTGTGGATAA"	"AGCAGCCGTCAGCGCTGTGGATAA"	0	1	0	2
"AGCAGCCGTC-----CTGTGGATAA"	"AGCAGCCGTCAGCGGCTGTGGATAA"	0	1	0	0
"AGCAGCCGTC-------CTGTGGATAA"	"AGCAGCCGTCAGCTACTCTGTGGATAA"	0	0	0	1
"AGCAGCCGTC----CTGTGGATAA"	"AGCAGCCGTCAGCTCTGTGGATAA"	0	0	1	0
"AGCAGCCGTC-------------------------CTGTGGATAA"	"AGCAGCCGTCAGCTGAGCTGCGTGATTCCTGTCGGCTGTGGATAA"	0	0	0	1
"AGCAGCCGTC-----------------CTGTGGATAA"	"AGCAGCCGTCAGCTGCTTCATCTACAACTGTGGATAA"	0	1	0	0
"AGCAGCCGTC------CTGTGGATAA"	"AGCAGCCGTCAGCTGTCTGTGGATAA"	2	0	0	0
"AGCAGCCGTC------CTGTGGATAA"	"AGCAGCCGTCAGGACGCTGTGGATAA"	0	0	0	1
"AGCAGCCGTC-------------------CTGTGGATAA"	"AGCAGCCGTCAGGCTGCAATGAGCTATGACTGTGGATAA"	2	0	0	0
"AGCAGCCGTC--------CTGTGGATAA"	"AGCAGCCGTCAGGGACGGCTGTGGATAA"	1	0	0	0
"AGCAGCCGTC-----CTGTGGATAA"	"AGCAGCCGTCAGGGACTGTGGATAA"	2	0	0	0
"AGCAGCCGTC----CTGTGGATAA"	"AGCAGCCGTCAGGGCTGTGGATAA"	2	0	1	2
"AGCAGCCGTC-----CTGTGGATAA"	"AGCAGCCGTCAGGGGCTGTGGATAA"	1	0	0	0
"AGCAGCCGTC-----CTGTGGATAA"	"AGCAGCCGTCAGGTACTGTGGATAA"	0	0	2	0
"AGCAGCCGTC----CTGTGGATAA"	"AGCAGCCGTCAGGTCTGTGGATAA"	0	0	0	1
"AGCAGCCGTC-----CTGTGGATAA"	"AGCAGCCGTCAGGTGCTGTGGATAA"	2	0	0	0
"AGCAGCCGTC------CTGTGGATAA"	"AGCAGCCGTCAGTAATCTGTGGATAA"	1	0	0	0
"AGCAGCCGTC----CTGTGGATAA"	"AGCAGCCGTCAGTACTGTGGATAA"	3	0	0	0
"AGCAGCCGTC---CTGTGGATAA"	"AGCAGCCGTCAGTCTGTGGATAA"	1	0	2	2
"AGCAGCCGTC----CTGTGGATAA"	"AGCAGCCGTCAGTGCTGTGGATAA"	1	0	2	0
"AGCAGCCGTC-----CTGTGGATAA"	"AGCAGCCGTCAGTGTCTGTGGATAA"	0	0	0	1
"AGCAGCCGTC-----------------CTGTGGATAA"	"AGCAGCCGTCAGTTACTAGCATCCAGACTGTGGATAA"	0	0	0	1
"AGCAGCCGTC----CTGTGGATAA"	"AGCAGCCGTCAGTTCTGTGGATAA"	0	1	0	0
"AGCAGCCGTC----CTGTGGATAA"	"AGCAGCCGTCATAACTGTGGATAA"	6	0	1	0
"AGCAGCCGTC-----CTGTGGATAA"	"AGCAGCCGTCATAATCTGTGGATAA"	1	0	0	0
"AGCAGCCGTC------CTGTGGATAA"	"AGCAGCCGTCATACATCTGTGGATAA"	0	1	0	0
"AGCAGCCGTC------CTGTGGATAA"	"AGCAGCCGTCATAGCACTGTGGATAA"	0	0	1	0
"AGCAGCCGTC------CTGTGGATAA"	"AGCAGCCGTCATAGCGCTGTGGATAA"	1	0	0	0
"AGCAGCCGTC------------------CTGTGGATAA"	"AGCAGCCGTCATAGCTCTTAAACCAGGACTGTGGATAA"	0	0	0	2
"AGCAGCCGTC----CTGTGGATAA"	"AGCAGCCGTCATAGCTGTGGATAA"	5	2	1	0
"AGCAGCCGTC-----CTGTGGATAA"	"AGCAGCCGTCATATACTGTGGATAA"	1	0	0	0
"AGCAGCCGTC----------------CTGTGGATAA"	"AGCAGCCGTCATATATATATAAATTTCTGTGGATAA"	0	1	0	0
"AGCAGCCGTC-----------CTGTGGATAA"	"AGCAGCCGTCATATATGAATACTGTGGATAA"	0	0	0	1
"AGCAGCCGTC----CTGTGGATAA"	"AGCAGCCGTCATATCTGTGGATAA"	0	1	0	2
"AGCAGCCGTC-----CTGTGGATAA"	"AGCAGCCGTCATATGCTGTGGATAA"	0	2	0	0
"AGCAGCCGTC--------CTGTGGATAA"	"AGCAGCCGTCATATTTATCTGTGGATAA"	0	0	0	2
"AGCAGCCGTC--------CTGTGGATAA"	"AGCAGCCGTCATATTTTTCTGTGGATAA"	0	1	0	0
"AGCAGCCGTC----CTGTGGATAA"	"AGCAGCCGTCATCACTGTGGATAA"	1	2	0	0
"AGCAGCCGTC--------CTGTGGATAA"	"AGCAGCCGTCATCCACAGCTGTGGATAA"	5	0	1	2
"AGCAGCCGTC---------CTGTGGATAA"	"AGCAGCCGTCATCCACAGGCTGTGGATAA"	0	0	0	1
"AGCAGCCGTC-----CTGTGGATAA"	"AGCAGCCGTCATCCACTGTGGATAA"	0	0	0	1
"AGCAGCCGTC-----------CTGTGGATAA"	"AGCAGCCGTCATCTACATTATCTGTGGATAA"	0	0	0	4
"AGCAGCCGTC-----CTGTGGATAA"	"AGCAGCCGTCATCTACTGTGGATAA"	0	1	0	0
"AGCAGCCGTC----CTGTGGATAA"	"AGCAGCCGTCATCTCTGTGGATAA"	0	0	0	3
"AGCAGCCGTC-------CTGTGGATAA"	"AGCAGCCGTCATGAACTCTGTGGATAA"	0	0	1	0
"AGCAGCCGTC-----CTGTGGATAA"	"AGCAGCCGTCATGAACTGTGGATAA"	1	0	0	0
"AGCAGCCGTC------CTGTGGATAA"	"AGCAGCCGTCATGACGCTGTGGATAA"	3	0	2	1
"AGCAGCCGTC---------------CTGTGGATAA"	"AGCAGCCGTCATGAGATTCTAACTTCTGTGGATAA"	0	0	0	1
"AGCAGCCGTC------CTGTGGATAA"	"AGCAGCCGTCATGAGGCTGTGGATAA"	0	0	1	0
"AGCAGCCGTC--------CTGTGGATAA"	"AGCAGCCGTCATGCACAGCTGTGGATAA"	1	0	0	0
"AGCAGCCGTC----CTGTGGATAA"	"AGCAGCCGTCATGGCTGTGGATAA"	3	1	0	3
"AGCAGCCGTC-----CTGTGGATAA"	"AGCAGCCGTCATGGGCTGTGGATAA"	2	0	0	0
"AGCAGCCGTC----CTGTGGATAA"	"AGCAGCCGTCATGTCTGTGGATAA"	0	0	1	0
"AGCAGCCGTC----CTGTGGATAA"	"AGCAGCCGTCATTACTGTGGATAA"	4	0	2	1
"AGCAGCCGTC------CTGTGGATAA"	"AGCAGCCGTCATTGCTCTGTGGATAA"	0	0	0	2
"AGCAGCCGTC----CTGTGGATAA"	"AGCAGCCGTCATTGCTGTGGATAA"	1	0	0	0
"AGCAGCCGTC-------------CTGTGGATAA"	"AGCAGCCGTCATTTACAAAAAGTCTGTGGATAA"	0	0	1	0
"AGCAGCCGTC-----CTGTGGATAA"	"AGCAGCCGTCATTTACTGTGGATAA"	2	0	0	0
"AGCAGCCGTC-------------CTGTGGATAA"	"AGCAGCCGTCATTTATCCACAGGCTGTGGATAA"	1	0	0	0
"AGCAGCCGTC------CTGTGGATAA"	"AGCAGCCGTCATTTATCTGTGGATAA"	0	1	0	0
"AGCAGCCGTC----CTGTGGATAA"	"AGCAGCCGTCATTTCTGTGGATAA"	2	0	3	2
"AGCAGCCGTC-------CTGTGGATAA"	"AGCAGCCGTCATTTGTGCTGTGGATAA"	0	0	2	0
"AGCAGCCGTC-----CTGTGGATAA"	"AGCAGCCGTCATTTTCTGTGGATAA"	0	1	0	0
"AGCAGCCGTC---------CTGTGGATAA"	"AGCAGCCGTCCAACCTGCACTGTGGATAA"	2	0	0	0
"AGCAGCCGTC---------------------------CTGTGGATAA"	"AGCAGCCGTCCAACTCTTGAGACTTCAGAAATCATTTCTGTGGATAA"	0	0	1	0
"AGCAGCCGTC----CTGTGGATAA"	"AGCAGCCGTCCAAGCTGTGGATAA"	2	1	3	0
"AGCAGCCGTC-----CTGTGGATAA"	"AGCAGCCGTCCAAGTCTGTGGATAA"	0	0	0	3
"AGCAGCCGTC-----------CTGTGGATAA"	"AGCAGCCGTCCAATACCACAGCTGTGGATAA"	1	0	0	0
"AGCAGCCGTC--------CTGTGGATAA"	"AGCAGCCGTCCAATAGTGCTGTGGATAA"	1	0	0	0
"AGCAGCCGTC--------------------------CTGTGGATAA"	"AGCAGCCGTCCAATCCATCTTGTTCAATCATGCGAACTGTGGATAA"	0	1	0	0
"AGCAGCCGTC----CTGTGGATAA"	"AGCAGCCGTCCAATCTGTGGATAA"	1	0	0	2
"AGCAGCCGTC------CTGTGGATAA"	"AGCAGCCGTCCACAAACTGTGGATAA"	0	0	0	1
"AGCAGCCGTC------CTGTGGATAA"	"AGCAGCCGTCCACACACTGTGGATAA"	0	0	1	0
"AGCAGCCGTC---------CTGTGGATAA"	"AGCAGCCGTCCACACAGGACTGTGGATAA"	0	0	1	0
"AGCAGCCGTC----CTGTGGATAA"	"AGCAGCCGTCCACACTGTGGATAA"	4	0	3	0
"AGCAGCCGTC-----CTGTGGATAA"	"AGCAGCCGTCCACCACTGTGGATAA"	0	1	0	0
"AGCAGCCGTC------CTGTGGATAA"	"AGCAGCCGTCCACCATCTGTGGATAA"	1	0	0	0
"AGCAGCCGTC--------CTGTGGATAA"	"AGCAGCCGTCCACCCTAACTGTGGATAA"	0	0	1	0
"AGCAGCCGTC-----CTGTGGATAA"	"AGCAGCCGTCCACGGCTGTGGATAA"	2	0	0	0
"AGCAGCCGTC-----CTGTGGATAA"	"AGCAGCCGTCCACGTCTGTGGATAA"	0	0	0	1
"AGCAGCCGTC----CTGTGGATAA"	"AGCAGCCGTCCACTCTGTGGATAA"	2	0	0	0
"AGCAGCCGTC-----CTGTGGATAA"	"AGCAGCCGTCCACTGCTGTGGATAA"	1	0	0	0
"AGCAGCCGTC----CTGTGGATAA"	"AGCAGCCGTCCAGACTGTGGATAA"	1	0	0	1
"AGCAGCCGTC-----CTGTGGATAA"	"AGCAGCCGTCCAGAGCTGTGGATAA"	1	0	0	0
"AGCAGCCGTC------CTGTGGATAA"	"AGCAGCCGTCCAGCAGCTGTGGATAA"	0	0	1	0
"AGCAGCCGTC-----CTGTGGATAA"	"AGCAGCCGTCCAGGACTGTGGATAA"	4	2	3	0
"AGCAGCCGTC----CTGTGGATAA"	"AGCAGCCGTCCAGGCTGTGGATAA"	5	1	0	0
"AGCAGCCGTC-----CTGTGGATAA"	"AGCAGCCGTCCAGGGCTGTGGATAA"	1	0	0	0
"AGCAGCCGTC-------CTGTGGATAA"	"AGCAGCCGTCCAGTATGCTGTGGATAA"	1	0	0	0
"AGCAGCCGTC----CTGTGGATAA"	"AGCAGCCGTCCAGTCTGTGGATAA"	0	1	1	0
"AGCAGCCGTC-------------------------CTGTGGATAA"	"AGCAGCCGTCCAGTGTTTTGAAACACAGTTATATACTGTGGATAA"	0	0	1	0
"AGCAGCCGTC-----CTGTGGATAA"	"AGCAGCCGTCCAGTTCTGTGGATAA"	0	0	2	0
"AGCAGCCGTC----CTGTGGATAA"	"AGCAGCCGTCCATACTGTGGATAA"	1	0	0	0
"AGCAGCCGTC-----CTGTGGATAA"	"AGCAGCCGTCCATATCTGTGGATAA"	0	2	0	0
"AGCAGCCGTC------CTGTGGATAA"	"AGCAGCCGTCCATCAGCTGTGGATAA"	0	0	1	0
"AGCAGCCGTC------CTGTGGATAA"	"AGCAGCCGTCCATCCGCTGTGGATAA"	0	0	0	1
"AGCAGCCGTC----CTGTGGATAA"	"AGCAGCCGTCCATGCTGTGGATAA"	2	0	0	0
"AGCAGCCGTC-------CTGTGGATAA"	"AGCAGCCGTCCATTACACTGTGGATAA"	0	0	1	0
"AGCAGCCGTC------CTGTGGATAA"	"AGCAGCCGTCCATTATCTGTGGATAA"	0	0	0	1
"AGCAGCCGTC----CTGTGGATAA"	"AGCAGCCGTCCATTCTGTGGATAA"	1	0	3	0
"AGCAGCCGTC-----CTGTGGATAA"	"AGCAGCCGTCCATTTCTGTGGATAA"	0	0	0	1
"AGCAGCCGTC--------CTGTGGATAA"	"AGCAGCCGTCCATTTTGGCTGTGGATAA"	0	0	0	2
"AGCAGCCGTC-----CTGTGGATAA"	"AGCAGCCGTCCCAAACTGTGGATAA"	0	0	2	0
"AGCAGCCGTC----CTGTGGATAA"	"AGCAGCCGTCCCAACTGTGGATAA"	1	2	0	2
"AGCAGCCGTC------CTGTGGATAA"	"AGCAGCCGTCCCACAACTGTGGATAA"	0	0	0	1
"AGCAGCCGTC------CTGTGGATAA"	"AGCAGCCGTCCCACAGCTGTGGATAA"	3	0	0	0
"AGCAGCCGTC---------------------------CTGTGGATAA"	"AGCAGCCGTCCCACTAAATTTATTTTAAAAATATATGCTGTGGATAA"	1	0	0	0
"AGCAGCCGTC---------------------------CTGTGGATAA"	"AGCAGCCGTCCCACTCGGGTTGATTCCATTCTATTAGCTGTGGATAA"	0	1	0	0
"AGCAGCCGTC-----CTGTGGATAA"	"AGCAGCCGTCCCAGACTGTGGATAA"	0	0	0	1
"AGCAGCCGTC-----CTGTGGATAA"	"AGCAGCCGTCCCAGTCTGTGGATAA"	0	1	0	0
"AGCAGCCGTC--------------------------CTGTGGATAA"	"AGCAGCCGTCCCAGTGTTTTGGTTTTTACTGCTGCTCTGTGGATAA"	0	1	0	0
"AGCAGCCGTC----CTGTGGATAA"	"AGCAGCCGTCCCATCTGTGGATAA"	1	0	1	0
"AGCAGCCGTC-------CTGTGGATAA"	"AGCAGCCGTCCCCACAGCTGTGGATAA"	1	0	0	0
"AGCAGCCGTC------CTGTGGATAA"	"AGCAGCCGTCCCCAGTCTGTGGATAA"	1	0	0	0
"AGCAGCCGTC-----CTGTGGATAA"	"AGCAGCCGTCCCCATCTGTGGATAA"	2	0	0	0
"AGCAGCCGTC------CTGTGGATAA"	"AGCAGCCGTCCCCATTCTGTGGATAA"	0	1	0	0
"AGCAGCCGTC------CTGTGGATAA"	"AGCAGCCGTCCCCCCCCTGTGGATAA"	2	0	0	0
"AGCAGCCGTC----CTGTGGATAA"	"AGCAGCCGTCCCCCCTGTGGATAA"	8	4	0	7
"AGCAGCCGTC-----------------------CTGTGGATAA"	"AGCAGCCGTCCCCCTTCGTGTTGACTGCATTCACTGTGGATAA"	0	0	4	0
"AGCAGCCGTC-----CTGTGGATAA"	"AGCAGCCGTCCCCGGCTGTGGATAA"	0	1	0	0
"AGCAGCCGTC--------CTGTGGATAA"	"AGCAGCCGTCCCCGTCCTCTGTGGATAA"	0	0	1	0
"AGCAGCCGTC---------CTGTGGATAA"	"AGCAGCCGTCCCCTCCATGCTGTGGATAA"	0	0	0	1
"AGCAGCCGTC----CTGTGGATAA"	"AGCAGCCGTCCCCTCTGTGGATAA"	1	2	0	3
"AGCAGCCGTC------CTGTGGATAA"	"AGCAGCCGTCCCCTTGCTGTGGATAA"	0	2	0	0
"AGCAGCCGTC--------------------------CTGTGGATAA"	"AGCAGCCGTCCCGAATTTGTGTACTGTGAGATGGGGCTGTGGATAA"	1	0	0	0
"AGCAGCCGTC---CTGTGGATAA"	"AGCAGCCGTCCCGCTGTGGATAA"	4	2	1	0
"AGCAGCCGTC----CTGTGGATAA"	"AGCAGCCGTCCCGGCTGTGGATAA"	2	1	3	0
"AGCAGCCGTC--------CTGTGGATAA"	"AGCAGCCGTCCCGTCCCACTGTGGATAA"	2	0	0	0
"AGCAGCCGTC-------CTGTGGATAA"	"AGCAGCCGTCCCGTCCGCTGTGGATAA"	0	1	0	0
"AGCAGCCGTC-----------CTGTGGATAA"	"AGCAGCCGTCCCGTCCGGACGCTGTGGATAA"	5	0	0	0
"AGCAGCCGTC-------CTGTGGATAA"	"AGCAGCCGTCCCGTCCTCTGTGGATAA"	3	0	0	4
"AGCAGCCGTC------CTGTGGATAA"	"AGCAGCCGTCCCGTCGCTGTGGATAA"	0	0	0	2
"AGCAGCCGTC----CTGTGGATAA"	"AGCAGCCGTCCCGTCTGTGGATAA"	1	1	0	1
"AGCAGCCGTC-------------------------CTGTGGATAA"	"AGCAGCCGTCCCGTTTACACAGCAACTACTGGATACTGTGGATAA"	0	1	0	0
"AGCAGCCGTC------------------------CTGTGGATAA"	"AGCAGCCGTCCCTCAGTCTCCTTGAACCTGAATTCTGTGGATAA"	2	0	0	0
"AGCAGCCGTC------CTGTGGATAA"	"AGCAGCCGTCCCTCCACTGTGGATAA"	1	0	0	0
"AGCAGCCGTC----CTGTGGATAA"	"AGCAGCCGTCCCTGCTGTGGATAA"	3	0	0	2
"AGCAGCCGTC-------CTGTGGATAA"	"AGCAGCCGTCCCTGCTTCTGTGGATAA"	0	0	1	0
"AGCAGCCGTC-------------------CTGTGGATAA"	"AGCAGCCGTCCCTGGCCTTTTGCTGGCCTCTGTGGATAA"	1	0	0	0
"AGCAGCCGTC-------CTGTGGATAA"	"AGCAGCCGTCCCTTACACTGTGGATAA"	0	1	0	0
"AGCAGCCGTC-----CTGTGGATAA"	"AGCAGCCGTCCCTTACTGTGGATAA"	0	1	0	0
"AGCAGCCGTC------CTGTGGATAA"	"AGCAGCCGTCCCTTCTCTGTGGATAA"	2	0	0	0
"AGCAGCCGTC----CTGTGGATAA"	"AGCAGCCGTCCCTTCTGTGGATAA"	2	0	1	3
"AGCAGCCGTC-----------------------CTGTGGATAA"	"AGCAGCCGTCCGAACCCCGCGTTTATGAACAAACTGTGGATAA"	1	0	0	0
"AGCAGCCGTC----CTGTGGATAA"	"AGCAGCCGTCCGAACTGTGGATAA"	2	0	0	0
"AGCAGCCGTC------CTGTGGATAA"	"AGCAGCCGTCCGAATTCTGTGGATAA"	1	0	0	0
"AGCAGCCGTC------CTGTGGATAA"	"AGCAGCCGTCCGACAGCTGTGGATAA"	1	0	0	0
"AGCAGCCGTC------------------------CTGTGGATAA"	"AGCAGCCGTCCGACAGGGCCCCAGATCCGCCATTCTGTGGATAA"	1	0	0	0
"AGCAGCCGTC--------------------------CTGTGGATAA"	"AGCAGCCGTCCGACGTGACCCTGTTCATCAGCGCGGCTGTGGATAA"	2	0	0	0
"AGCAGCCGTC------CTGTGGATAA"	"AGCAGCCGTCCGAGCTCTGTGGATAA"	2	0	0	0
"AGCAGCCGTC----CTGTGGATAA"	"AGCAGCCGTCCGAGCTGTGGATAA"	1	0	0	4
"AGCAGCCGTC-----------------------CTGTGGATAA"	"AGCAGCCGTCCGATGAACTTCCCCTTGTAGATGCTGTGGATAA"	1	0	0	0
"AGCAGCCGTC-----CTGTGGATAA"	"AGCAGCCGTCCGCAGCTGTGGATAA"	0	1	0	0
"AGCAGCCGTC------CTGTGGATAA"	"AGCAGCCGTCCGCCCTCTGTGGATAA"	3	0	0	0
"AGCAGCCGTC------CTGTGGATAA"	"AGCAGCCGTCCGCCGTCTGTGGATAA"	0	0	1	0
"AGCAGCCGTC----CTGTGGATAA"	"AGCAGCCGTCCGCGCTGTGGATAA"	2	0	0	2
"AGCAGCCGTC------CTGTGGATAA"	"AGCAGCCGTCCGCGGTCTGTGGATAA"	1	0	0	0
"AGCAGCCGTC-----CTGTGGATAA"	"AGCAGCCGTCCGCGTCTGTGGATAA"	1	0	0	0
"AGCAGCCGTC-----CTGTGGATAA"	"AGCAGCCGTCCGCTGCTGTGGATAA"	0	0	1	0
"AGCAGCCGTC-------CTGTGGATAA"	"AGCAGCCGTCCGCTTTACTGTGGATAA"	0	0	1	0
"AGCAGCCGTC--------CTGTGGATAA"	"AGCAGCCGTCCGGACGAGCTGTGGATAA"	1	0	2	0
"AGCAGCCGTC--------CTGTGGATAA"	"AGCAGCCGTCCGGACGCTCTGTGGATAA"	0	1	0	0
"AGCAGCCGTC-------CTGTGGATAA"	"AGCAGCCGTCCGGACGGCTGTGGATAA"	1	0	0	1
"AGCAGCCGTC--------CTGTGGATAA"	"AGCAGCCGTCCGGACGTGCTGTGGATAA"	0	0	2	3
"AGCAGCCGTC----CTGTGGATAA"	"AGCAGCCGTCCGGACTGTGGATAA"	3	1	0	5
"AGCAGCCGTC------CTGTGGATAA"	"AGCAGCCGTCCGGCCGCTGTGGATAA"	0	0	0	1
"AGCAGCCGTC------CTGTGGATAA"	"AGCAGCCGTCCGGCCTCTGTGGATAA"	0	0	2	0
"AGCAGCCGTC-----------------CTGTGGATAA"	"AGCAGCCGTCCGGCGCATTAAGCGCGGCTGTGGATAA"	0	0	0	1
"AGCAGCCGTC-------CTGTGGATAA"	"AGCAGCCGTCCGGGACGCTGTGGATAA"	1	0	0	0
"AGCAGCCGTC-----CTGTGGATAA"	"AGCAGCCGTCCGGGACTGTGGATAA"	1	0	1	0
"AGCAGCCGTC----CTGTGGATAA"	"AGCAGCCGTCCGGGCTGTGGATAA"	0	0	1	3
"AGCAGCCGTC----CTGTGGATAA"	"AGCAGCCGTCCGGTCTGTGGATAA"	1	1	0	0
"AGCAGCCGTC-----CTGTGGATAA"	"AGCAGCCGTCCGTATCTGTGGATAA"	0	0	0	1
"AGCAGCCGTC------CTGTGGATAA"	"AGCAGCCGTCCGTATTCTGTGGATAA"	1	0	0	0
"AGCAGCCGTC--------------------------CTGTGGATAA"	"AGCAGCCGTCCGTATTGGCCCCAATGGGGTCTCGGTCTGTGGATAA"	0	0	0	1
"AGCAGCCGTC-----CTGTGGATAA"	"AGCAGCCGTCCGTCACTGTGGATAA"	2	1	0	1
"AGCAGCCGTC-------CTGTGGATAA"	"AGCAGCCGTCCGTCCCGCTGTGGATAA"	0	1	0	0
"AGCAGCCGTC---------CTGTGGATAA"	"AGCAGCCGTCCGTCCGACGCTGTGGATAA"	0	0	1	0
"AGCAGCCGTC-------CTGTGGATAA"	"AGCAGCCGTCCGTCCGACTGTGGATAA"	1	0	0	0
"AGCAGCCGTC------CTGTGGATAA"	"AGCAGCCGTCCGTCCGCTGTGGATAA"	3	0	1	0
"AGCAGCCGTC------------CTGTGGATAA"	"AGCAGCCGTCCGTCCGGACGAGCTGTGGATAA"	1	0	2	0
"AGCAGCCGTC------------------------CTGTGGATAA"	"AGCAGCCGTCCGTCCTGGTTTAAGAGCTATGCTGCTGTGGATAA"	0	1	0	0
"AGCAGCCGTC--------CTGTGGATAA"	"AGCAGCCGTCCGTCGAGACTGTGGATAA"	0	0	0	3
"AGCAGCCGTC-----CTGTGGATAA"	"AGCAGCCGTCCGTCGCTGTGGATAA"	0	1	0	0
"AGCAGCCGTC------CTGTGGATAA"	"AGCAGCCGTCCGTCTTCTGTGGATAA"	1	0	0	0
"AGCAGCCGTC----CTGTGGATAA"	"AGCAGCCGTCCGTGCTGTGGATAA"	2	0	1	1
"AGCAGCCGTC-------CTGTGGATAA"	"AGCAGCCGTCCGTTAGACTGTGGATAA"	0	0	2	0
"AGCAGCCGTC----CTGTGGATAA"	"AGCAGCCGTCCGTTCTGTGGATAA"	5	0	0	2
"AGCAGCCGTC----CTGTGGATAA"	"AGCAGCCGTCCTAACTGTGGATAA"	2	0	0	0
"AGCAGCCGTC-----CTGTGGATAA"	"AGCAGCCGTCCTAATCTGTGGATAA"	1	0	0	0
"AGCAGCCGTC---CTGTGGATAA"	"AGCAGCCGTCCTACTGTGGATAA"	3	0	1	1
"AGCAGCCGTC----CTGTGGATAA"	"AGCAGCCGTCCTAGCTGTGGATAA"	1	0	0	1
"AGCAGCCGTC-----CTGTGGATAA"	"AGCAGCCGTCCTATACTGTGGATAA"	0	0	0	3
"AGCAGCCGTC---------CTGTGGATAA"	"AGCAGCCGTCCTATCACAGCTGTGGATAA"	0	1	0	0
"AGCAGCCGTC--------CTGTGGATAA"	"AGCAGCCGTCCTATCCAGCTGTGGATAA"	0	0	1	0
"AGCAGCCGTC----CTGTGGATAA"	"AGCAGCCGTCCTATCTGTGGATAA"	0	0	0	1
"AGCAGCCGTC-------CTGTGGATAA"	"AGCAGCCGTCCTATTCGCTGTGGATAA"	1	0	0	0
"AGCAGCCGTC-----CTGTGGATAA"	"AGCAGCCGTCCTCCTCTGTGGATAA"	0	0	0	2
"AGCAGCCGTC-------CTGTGGATAA"	"AGCAGCCGTCCTCGAAGCTGTGGATAA"	0	1	0	0
"AGCAGCCGTC----CTGTGGATAA"	"AGCAGCCGTCCTCGCTGTGGATAA"	2	1	0	0
"AGCAGCCGTC-----CTGTGGATAA"	"AGCAGCCGTCCTCGTCTGTGGATAA"	0	1	0	0
"AGCAGCCGTC------CTGTGGATAA"	"AGCAGCCGTCCTCTCTCTGTGGATAA"	1	0	0	0
"AGCAGCCGTC----CTGTGGATAA"	"AGCAGCCGTCCTCTCTGTGGATAA"	1	0	2	0
"AGCAGCCGTC-------------------------CTGTGGATAA"	"AGCAGCCGTCCTCTGATTTCAGACTCCGATCGCAGCTGTGGATAA"	0	0	0	1
"AGCAGCCGTC-----CTGTGGATAA"	"AGCAGCCGTCCTCTTCTGTGGATAA"	0	0	0	2
"AGCAGCCGTC------CTGTGGATAA"	"AGCAGCCGTCCTGACGCTGTGGATAA"	0	0	0	1
"AGCAGCCGTC------CTGTGGATAA"	"AGCAGCCGTCCTGATTCTGTGGATAA"	2	0	0	0
"AGCAGCCGTC--------------------------CTGTGGATAA"	"AGCAGCCGTCCTGCCCCCAATCCCTCCCAGCATCAGCTGTGGATAA"	1	0	0	0
"AGCAGCCGTC-----CTGTGGATAA"	"AGCAGCCGTCCTGCTCTGTGGATAA"	0	0	0	1
"AGCAGCCGTC-----CTGTGGATAA"	"AGCAGCCGTCCTGGACTGTGGATAA"	1	1	0	0
"AGCAGCCGTC----CTGTGGATAA"	"AGCAGCCGTCCTGGCTGTGGATAA"	3	1	2	0
"AGCAGCCGTC-----CTGTGGATAA"	"AGCAGCCGTCCTGGTCTGTGGATAA"	0	1	2	1
"AGCAGCCGTC---------------CTGTGGATAA"	"AGCAGCCGTCCTGGTTTAAGAGCTACTGTGGATAA"	0	1	0	0
"AGCAGCCGTC--------------------------CTGTGGATAA"	"AGCAGCCGTCCTGGTTTAAGAGCTATGCTGGAAACACTGTGGATAA"	1	0	0	0
"AGCAGCCGTC-----------------------CTGTGGATAA"	"AGCAGCCGTCCTGGTTTAAGAGCTATGCTGGAACTGTGGATAA"	0	1	0	0
"AGCAGCCGTC----------------------CTGTGGATAA"	"AGCAGCCGTCCTGGTTTAAGAGCTATGCTGTTCTGTGGATAA"	1	0	0	0
"AGCAGCCGTC-------CTGTGGATAA"	"AGCAGCCGTCCTGGTTTCTGTGGATAA"	0	0	1	0
"AGCAGCCGTC------------CTGTGGATAA"	"AGCAGCCGTCCTGTAAACAGGACTGTGGATAA"	0	0	0	1
"AGCAGCCGTC-----CTGTGGATAA"	"AGCAGCCGTCCTGTACTGTGGATAA"	1	0	0	0
"AGCAGCCGTC------CTGTGGATAA"	"AGCAGCCGTCCTGTCTCTGTGGATAA"	1	0	0	0
"AGCAGCCGTC-----CTGTGGATAA"	"AGCAGCCGTCCTGTGCTGTGGATAA"	0	0	1	0
"AGCAGCCGTC----------------CTGTGGATAA"	"AGCAGCCGTCCTGTGGATAAATAATACTGTGGATAA"	0	0	0	1
"AGCAGCCGTC-------CTGTGGATAA"	"AGCAGCCGTCCTGTGTACTGTGGATAA"	0	0	0	2
"AGCAGCCGTC-----CTGTGGATAA"	"AGCAGCCGTCCTTAACTGTGGATAA"	0	0	1	0
"AGCAGCCGTC-------------------------CTGTGGATAA"	"AGCAGCCGTCCTTACTCAACAAGATGGAAGTTGAGCTGTGGATAA"	2	0	0	0
"AGCAGCCGTC------CTGTGGATAA"	"AGCAGCCGTCCTTACTCTGTGGATAA"	2	0	0	0
"AGCAGCCGTC-----CTGTGGATAA"	"AGCAGCCGTCCTTAGCTGTGGATAA"	0	0	0	1
"AGCAGCCGTC-----------------------CTGTGGATAA"	"AGCAGCCGTCCTTATCAAAACTATCTACCTATTCTGTGGATAA"	0	0	0	1
"AGCAGCCGTC------CTGTGGATAA"	"AGCAGCCGTCCTTCGTCTGTGGATAA"	0	0	0	3
"AGCAGCCGTC-----CTGTGGATAA"	"AGCAGCCGTCCTTCTCTGTGGATAA"	0	0	0	1
"AGCAGCCGTC------CTGTGGATAA"	"AGCAGCCGTCCTTGAGCTGTGGATAA"	0	1	0	0
"AGCAGCCGTC----CTGTGGATAA"	"AGCAGCCGTCCTTGCTGTGGATAA"	1	1	0	1
"AGCAGCCGTC--------------------------CTGTGGATAA"	"AGCAGCCGTCCTTGTATTACAGGTAGGAAGAAAAATCTGTGGATAA"	0	0	1	0
"AGCAGCCGTC------CTGTGGATAA"	"AGCAGCCGTCCTTTAGCTGTGGATAA"	0	1	0	0
"AGCAGCCGTC----CTGTGGATAA"	"AGCAGCCGTCCTTTCTGTGGATAA"	0	0	2	1
"AGCAGCCGTC-----CTGTGGATAA"	"AGCAGCCGTCCTTTTCTGTGGATAA"	2	0	0	0
"AGCAGCCGTC-------CTGTGGATAA"	"AGCAGCCGTCCTTTTTACTGTGGATAA"	0	0	1	0
"AGCAGCCGTC--------CTGTGGATAA"	"AGCAGCCGTCCTTTTTTTCTGTGGATAA"	0	3	0	0
"AGCAGCCGTC------CTGTGGATAA"	"AGCAGCCGTCGAAAAACTGTGGATAA"	0	0	0	1
"AGCAGCCGTC-----CTGTGGATAA"	"AGCAGCCGTCGAAAACTGTGGATAA"	1	0	0	0
"AGCAGCCGTC----CTGTGGATAA"	"AGCAGCCGTCGAAACTGTGGATAA"	2	1	0	1
"AGCAGCCGTC----------CTGTGGATAA"	"AGCAGCCGTCGAAAGAAGAGCTGTGGATAA"	0	0	1	0
"AGCAGCCGTC-----CTGTGGATAA"	"AGCAGCCGTCGAAAGCTGTGGATAA"	0	0	1	0
"AGCAGCCGTC-----CTGTGGATAA"	"AGCAGCCGTCGAAATCTGTGGATAA"	0	0	1	0
"AGCAGCCGTC-------------------------CTGTGGATAA"	"AGCAGCCGTCGAAGAAAAAACCAATAAAATTACTGCTGTGGATAA"	0	0	2	0
"AGCAGCCGTC-----CTGTGGATAA"	"AGCAGCCGTCGAAGACTGTGGATAA"	1	0	0	0
"AGCAGCCGTC------CTGTGGATAA"	"AGCAGCCGTCGAAGAGCTGTGGATAA"	0	1	0	0
"AGCAGCCGTC----CTGTGGATAA"	"AGCAGCCGTCGAAGCTGTGGATAA"	5	2	1	0
"AGCAGCCGTC------CTGTGGATAA"	"AGCAGCCGTCGAATAACTGTGGATAA"	0	0	0	4
"AGCAGCCGTC----CTGTGGATAA"	"AGCAGCCGTCGAATCTGTGGATAA"	2	0	1	1
"AGCAGCCGTC-----CTGTGGATAA"	"AGCAGCCGTCGAATTCTGTGGATAA"	1	0	0	0
"AGCAGCCGTC-----CTGTGGATAA"	"AGCAGCCGTCGACAACTGTGGATAA"	1	0	0	0
"AGCAGCCGTC----CTGTGGATAA"	"AGCAGCCGTCGACACTGTGGATAA"	1	2	0	2
"AGCAGCCGTC-----------CTGTGGATAA"	"AGCAGCCGTCGACAGGAATCACTGTGGATAA"	0	1	0	0
"AGCAGCCGTC--------CTGTGGATAA"	"AGCAGCCGTCGACCACAGCTGTGGATAA"	0	0	1	0
"AGCAGCCGTC------CTGTGGATAA"	"AGCAGCCGTCGACCAGCTGTGGATAA"	0	0	0	2
"AGCAGCCGTC---------------------CTGTGGATAA"	"AGCAGCCGTCGACCGCCAATTTCGAACGAGGCTGTGGATAA"	1	0	0	0
"AGCAGCCGTC---------------------CTGTGGATAA"	"AGCAGCCGTCGACCTCCAATTCCTAACGTGGCTGTGGATAA"	1	0	0	0
"AGCAGCCGTC-----CTGTGGATAA"	"AGCAGCCGTCGACCTCTGTGGATAA"	3	0	1	0
"AGCAGCCGTC----------CTGTGGATAA"	"AGCAGCCGTCGACCTGGGCGCTGTGGATAA"	3	0	0	0
"AGCAGCCGTC-----CTGTGGATAA"	"AGCAGCCGTCGACGACTGTGGATAA"	0	1	0	0
"AGCAGCCGTC------CTGTGGATAA"	"AGCAGCCGTCGACGAGCTGTGGATAA"	2	0	0	0
"AGCAGCCGTC------------CTGTGGATAA"	"AGCAGCCGTCGACGCGCCGCAGCTGTGGATAA"	0	0	1	0
"AGCAGCCGTC------CTGTGGATAA"	"AGCAGCCGTCGACGCTCTGTGGATAA"	0	0	0	2
"AGCAGCCGTC--------CTGTGGATAA"	"AGCAGCCGTCGACGGACGCTGTGGATAA"	0	0	1	0
"AGCAGCCGTC--------------------CTGTGGATAA"	"AGCAGCCGTCGACGGATAAATAATACCGAGCTGTGGATAA"	1	0	0	0
"AGCAGCCGTC--------------------CTGTGGATAA"	"AGCAGCCGTCGACGGATATATTTATCACAGCTGTGGATAA"	1	0	0	0
"AGCAGCCGTC----------CTGTGGATAA"	"AGCAGCCGTCGACGGATATTCTGTGGATAA"	1	0	0	0
"AGCAGCCGTC-------CTGTGGATAA"	"AGCAGCCGTCGACGGCACTGTGGATAA"	0	0	2	0
"AGCAGCCGTC---------------CTGTGGATAA"	"AGCAGCCGTCGACGGCGTGATATCACTGTGGATAA"	0	1	0	0
"AGCAGCCGTC---------CTGTGGATAA"	"AGCAGCCGTCGACGGCTAGCTGTGGATAA"	0	0	1	0
"AGCAGCCGTC------------CTGTGGATAA"	"AGCAGCCGTCGACGGCTATGTACTGTGGATAA"	0	0	1	0
"AGCAGCCGTC-------------------CTGTGGATAA"	"AGCAGCCGTCGACGGCTCGGTCACCTTGTCTGTGGATAA"	0	0	0	1
"AGCAGCCGTC------------------CTGTGGATAA"	"AGCAGCCGTCGACGGCTGCCTTCAGTTGCTGTGGATAA"	1	0	0	0
"AGCAGCCGTC----------CTGTGGATAA"	"AGCAGCCGTCGACGGCTGCTCTGTGGATAA"	0	0	0	1
"AGCAGCCGTC--------CTGTGGATAA"	"AGCAGCCGTCGACGGCTGCTGTGGATAA"	1	0	1	2
"AGCAGCCGTC-----------------CTGTGGATAA"	"AGCAGCCGTCGACGGCTGCTTCATCTACTGTGGATAA"	1	0	0	0
"AGCAGCCGTC----------------CTGTGGATAA"	"AGCAGCCGTCGACGGCTGCTTCATCTCTGTGGATAA"	0	0	1	0
"AGCAGCCGTC--------------CTGTGGATAA"	"AGCAGCCGTCGACGGCTGCTTCATCTGTGGATAA"	1	0	0	0
"AGCAGCCGTC------------CTGTGGATAA"	"AGCAGCCGTCGACGGCTGCTTTCTGTGGATAA"	0	1	0	0
"AGCAGCCGTC-----------CTGTGGATAA"	"AGCAGCCGTCGACGGCTGGAACTGTGGATAA"	0	0	4	2
"AGCAGCCGTC-----------------CTGTGGATAA"	"AGCAGCCGTCGACGGCTGTAGATGAAGCTGTGGATAA"	0	0	1	0
"AGCAGCCGTC------------CTGTGGATAA"	"AGCAGCCGTCGACGGCTTAATGCTGTGGATAA"	0	1	0	0
"AGCAGCCGTC------------------------CTGTGGATAA"	"AGCAGCCGTCGACGGCTTCACCTTGTAGATGAAGCTGTGGATAA"	1	0	0	0
"AGCAGCCGTC-------CTGTGGATAA"	"AGCAGCCGTCGACGGGGCTGTGGATAA"	2	0	0	0
"AGCAGCCGTC-----CTGTGGATAA"	"AGCAGCCGTCGACGTCTGTGGATAA"	3	0	0	0
"AGCAGCCGTC------------------CTGTGGATAA"	"AGCAGCCGTCGACGTGATGAACTCACAGCTGTGGATAA"	0	0	0	1
"AGCAGCCGTC------CTGTGGATAA"	"AGCAGCCGTCGACGTTCTGTGGATAA"	0	0	2	1
"AGCAGCCGTC----CTGTGGATAA"	"AGCAGCCGTCGACTCTGTGGATAA"	1	0	0	0
"AGCAGCCGTC-----CTGTGGATAA"	"AGCAGCCGTCGACTGCTGTGGATAA"	3	1	0	1
"AGCAGCCGTC----------------------CTGTGGATAA"	"AGCAGCCGTCGACTGTGCCGAGCAGACGGCGACTGTGGATAA"	0	0	1	0
"AGCAGCCGTC----------------------CTGTGGATAA"	"AGCAGCCGTCGACTGTGCCGAGCAGACGTCGACTGTGGATAA"	0	0	1	0
"AGCAGCCGTC----------CTGTGGATAA"	"AGCAGCCGTCGAGAATTTTGCTGTGGATAA"	0	0	0	1
"AGCAGCCGTC-------CTGTGGATAA"	"AGCAGCCGTCGAGACGACTGTGGATAA"	1	0	0	0
"AGCAGCCGTC------------CTGTGGATAA"	"AGCAGCCGTCGAGACGGGTAGGCTGTGGATAA"	1	0	0	0
"AGCAGCCGTC------CTGTGGATAA"	"AGCAGCCGTCGAGACTCTGTGGATAA"	1	0	0	1
"AGCAGCCGTC-----CTGTGGATAA"	"AGCAGCCGTCGAGAGCTGTGGATAA"	1	1	0	2
"AGCAGCCGTC-----------CTGTGGATAA"	"AGCAGCCGTCGAGAGGATTTGCTGTGGATAA"	1	0	0	0
"AGCAGCCGTC-----CTGTGGATAA"	"AGCAGCCGTCGAGATCTGTGGATAA"	1	1	0	0
"AGCAGCCGTC----------CTGTGGATAA"	"AGCAGCCGTCGAGCAATGCACTGTGGATAA"	0	1	0	0
"AGCAGCCGTC-----CTGTGGATAA"	"AGCAGCCGTCGAGCACTGTGGATAA"	1	0	0	0
"AGCAGCCGTC------CTGTGGATAA"	"AGCAGCCGTCGAGCAGCTGTGGATAA"	1	0	0	0
"AGCAGCCGTC-----CTGTGGATAA"	"AGCAGCCGTCGAGCGCTGTGGATAA"	0	0	0	1
"AGCAGCCGTC-------CTGTGGATAA"	"AGCAGCCGTCGAGCTCACTGTGGATAA"	1	0	0	0
"AGCAGCCGTC-----CTGTGGATAA"	"AGCAGCCGTCGAGCTCTGTGGATAA"	0	2	0	0
"AGCAGCCGTC------CTGTGGATAA"	"AGCAGCCGTCGAGCTTCTGTGGATAA"	0	1	0	0
"AGCAGCCGTC------CTGTGGATAA"	"AGCAGCCGTCGAGGAACTGTGGATAA"	1	0	0	0
"AGCAGCCGTC-----CTGTGGATAA"	"AGCAGCCGTCGAGGACTGTGGATAA"	1	1	0	1
"AGCAGCCGTC------CTGTGGATAA"	"AGCAGCCGTCGAGGCTCTGTGGATAA"	0	0	1	0
"AGCAGCCGTC--------------CTGTGGATAA"	"AGCAGCCGTCGAGGGCTACACGGGCTGTGGATAA"	1	0	0	0
"AGCAGCCGTC-----CTGTGGATAA"	"AGCAGCCGTCGAGGGCTGTGGATAA"	0	0	1	0
"AGCAGCCGTC------CTGTGGATAA"	"AGCAGCCGTCGAGGTGCTGTGGATAA"	1	0	0	0
"AGCAGCCGTC--------CTGTGGATAA"	"AGCAGCCGTCGAGTCCAGCTGTGGATAA"	4	0	0	0
"AGCAGCCGTC----CTGTGGATAA"	"AGCAGCCGTCGAGTCTGTGGATAA"	1	1	0	0
"AGCAGCCGTC------CTGTGGATAA"	"AGCAGCCGTCGATAAACTGTGGATAA"	1	0	0	0
"AGCAGCCGTC-------------CTGTGGATAA"	"AGCAGCCGTCGATAAATACCCAGCTGTGGATAA"	1	0	0	0
"AGCAGCCGTC-----CTGTGGATAA"	"AGCAGCCGTCGATAACTGTGGATAA"	1	0	0	0
"AGCAGCCGTC------CTGTGGATAA"	"AGCAGCCGTCGATCCTCTGTGGATAA"	0	0	2	0
"AGCAGCCGTC-----CTGTGGATAA"	"AGCAGCCGTCGATCGCTGTGGATAA"	1	0	0	0
"AGCAGCCGTC-----CTGTGGATAA"	"AGCAGCCGTCGATGACTGTGGATAA"	2	0	0	0
"AGCAGCCGTC----CTGTGGATAA"	"AGCAGCCGTCGATGCTGTGGATAA"	0	2	0	2
"AGCAGCCGTC-------------------------CTGTGGATAA"	"AGCAGCCGTCGATGGATTGCACGCAGGTTCTCCGGCTGTGGATAA"	2	0	0	0
"AGCAGCCGTC------CTGTGGATAA"	"AGCAGCCGTCGATGTGCTGTGGATAA"	0	1	2	0
"AGCAGCCGTC----CTGTGGATAA"	"AGCAGCCGTCGATTCTGTGGATAA"	1	0	0	2
"AGCAGCCGTC--------------------------CTGTGGATAA"	"AGCAGCCGTCGATTGAAGAACGCTTGAAAACTTACGCTGTGGATAA"	0	1	0	0
"AGCAGCCGTC-------CTGTGGATAA"	"AGCAGCCGTCGATTTATCTGTGGATAA"	2	0	0	0
"AGCAGCCGTC-----CTGTGGATAA"	"AGCAGCCGTCGATTTCTGTGGATAA"	2	0	0	1
"AGCAGCCGTC--------CTGTGGATAA"	"AGCAGCCGTCGATTTTTGCTGTGGATAA"	1	0	0	0
"AGCAGCCGTC-----CTGTGGATAA"	"AGCAGCCGTCGCAAACTGTGGATAA"	2	0	0	0
"AGCAGCCGTC--------------------------CTGTGGATAA"	"AGCAGCCGTCGCAAAGCATGCATCTCAATTAGTCAGCTGTGGATAA"	1	0	0	0
"AGCAGCCGTC----CTGTGGATAA"	"AGCAGCCGTCGCAACTGTGGATAA"	2	0	1	5
"AGCAGCCGTC-----CTGTGGATAA"	"AGCAGCCGTCGCAAGCTGTGGATAA"	0	0	0	1
"AGCAGCCGTC-----CTGTGGATAA"	"AGCAGCCGTCGCAATCTGTGGATAA"	0	0	0	1
"AGCAGCCGTC------CTGTGGATAA"	"AGCAGCCGTCGCAATGCTGTGGATAA"	0	0	1	0
"AGCAGCCGTC------CTGTGGATAA"	"AGCAGCCGTCGCACAACTGTGGATAA"	0	0	0	2
"AGCAGCCGTC-----CTGTGGATAA"	"AGCAGCCGTCGCAGACTGTGGATAA"	0	1	0	0
"AGCAGCCGTC------CTGTGGATAA"	"AGCAGCCGTCGCAGAGCTGTGGATAA"	0	0	0	1
"AGCAGCCGTC-------CTGTGGATAA"	"AGCAGCCGTCGCAGCAGCTGTGGATAA"	0	1	0	0
"AGCAGCCGTC---------CTGTGGATAA"	"AGCAGCCGTCGCAGCCGTCCTGTGGATAA"	4	1	4	0
"AGCAGCCGTC----CTGTGGATAA"	"AGCAGCCGTCGCAGCTGTGGATAA"	6	0	3	2
"AGCAGCCGTC------CTGTGGATAA"	"AGCAGCCGTCGCAGGACTGTGGATAA"	0	2	0	0
"AGCAGCCGTC------CTGTGGATAA"	"AGCAGCCGTCGCATAACTGTGGATAA"	0	1	0	0
"AGCAGCCGTC-------CTGTGGATAA"	"AGCAGCCGTCGCATACGCTGTGGATAA"	0	0	2	0
"AGCAGCCGTC-----CTGTGGATAA"	"AGCAGCCGTCGCATGCTGTGGATAA"	2	0	2	0
"AGCAGCCGTC------CTGTGGATAA"	"AGCAGCCGTCGCATGGCTGTGGATAA"	0	1	0	0
"AGCAGCCGTC-------CTGTGGATAA"	"AGCAGCCGTCGCCACAACTGTGGATAA"	0	0	1	0
"AGCAGCCGTC-------CTGTGGATAA"	"AGCAGCCGTCGCCACAGCTGTGGATAA"	2	0	0	1
"AGCAGCCGTC----CTGTGGATAA"	"AGCAGCCGTCGCCACTGTGGATAA"	2	0	0	1
"AGCAGCCGTC-------------------------CTGTGGATAA"	"AGCAGCCGTCGCCAGCAAAAGGCCAGGAACCGTAACTGTGGATAA"	0	1	0	0
"AGCAGCCGTC-----CTGTGGATAA"	"AGCAGCCGTCGCCAGCTGTGGATAA"	0	0	3	0
"AGCAGCCGTC-----CTGTGGATAA"	"AGCAGCCGTCGCCATCTGTGGATAA"	1	0	0	0
"AGCAGCCGTC-------------------------CTGTGGATAA"	"AGCAGCCGTCGCCATGCAGGAGACGAAGGCCCTCACTGTGGATAA"	1	0	0	0
"AGCAGCCGTC-------CTGTGGATAA"	"AGCAGCCGTCGCCCAATCTGTGGATAA"	0	0	0	1
"AGCAGCCGTC-----CTGTGGATAA"	"AGCAGCCGTCGCCCGCTGTGGATAA"	0	1	0	1
"AGCAGCCGTC----CTGTGGATAA"	"AGCAGCCGTCGCCGCTGTGGATAA"	1	1	0	2
"AGCAGCCGTC-----CTGTGGATAA"	"AGCAGCCGTCGCCGGCTGTGGATAA"	1	0	1	1
"AGCAGCCGTC------CTGTGGATAA"	"AGCAGCCGTCGCCGTCCTGTGGATAA"	3	2	0	12
"AGCAGCCGTC-----CTGTGGATAA"	"AGCAGCCGTCGCCGTCTGTGGATAA"	1	1	0	0
"AGCAGCCGTC----CTGTGGATAA"	"AGCAGCCGTCGCCTCTGTGGATAA"	2	0	1	0
"AGCAGCCGTC-----CTGTGGATAA"	"AGCAGCCGTCGCCTGCTGTGGATAA"	4	0	0	1
"AGCAGCCGTC------CTGTGGATAA"	"AGCAGCCGTCGCCTGGCTGTGGATAA"	1	0	0	0
"AGCAGCCGTC--------------------------CTGTGGATAA"	"AGCAGCCGTCGCCTGGGACATCCTGTCCCCCCAGTTCTGTGGATAA"	0	0	1	0
"AGCAGCCGTC-----CTGTGGATAA"	"AGCAGCCGTCGCCTTCTGTGGATAA"	1	0	0	0
"AGCAGCCGTC---------------------------CTGTGGATAA"	"AGCAGCCGTCGCCTTTTCCTCTTCTCTTCTCTTCTCTCTGTGGATAA"	0	0	0	1
"AGCAGCCGTC-------CTGTGGATAA"	"AGCAGCCGTCGCGAAAACTGTGGATAA"	1	0	0	0
"AGCAGCCGTC--------CTGTGGATAA"	"AGCAGCCGTCGCGACCAGCTGTGGATAA"	0	1	0	0
"AGCAGCCGTC------CTGTGGATAA"	"AGCAGCCGTCGCGACGCTGTGGATAA"	1	0	0	0
"AGCAGCCGTC--------CTGTGGATAA"	"AGCAGCCGTCGCGACGTACTGTGGATAA"	0	0	1	0
"AGCAGCCGTC------CTGTGGATAA"	"AGCAGCCGTCGCGCGACTGTGGATAA"	0	0	1	0
"AGCAGCCGTC-----CTGTGGATAA"	"AGCAGCCGTCGCGCGCTGTGGATAA"	2	0	1	3
"AGCAGCCGTC-----------------------CTGTGGATAA"	"AGCAGCCGTCGCGCTTGCGTTTTCCCTTGTCCACTGTGGATAA"	0	0	1	0
"AGCAGCCGTC-------CTGTGGATAA"	"AGCAGCCGTCGCGGACGCTGTGGATAA"	2	0	0	0
"AGCAGCCGTC---------------CTGTGGATAA"	"AGCAGCCGTCGCGGCCGCGACTCTACTGTGGATAA"	0	0	1	0
"AGCAGCCGTC----------CTGTGGATAA"	"AGCAGCCGTCGCGGCTATCGCTGTGGATAA"	0	0	0	1
"AGCAGCCGTC----------CTGTGGATAA"	"AGCAGCCGTCGCGGGCCAGGCTGTGGATAA"	0	0	1	0
"AGCAGCCGTC--------------------------CTGTGGATAA"	"AGCAGCCGTCGCGGGGGAGCCACGTGGTTTTTCTCGCTGTGGATAA"	0	0	0	1
"AGCAGCCGTC-----CTGTGGATAA"	"AGCAGCCGTCGCGGTCTGTGGATAA"	0	0	1	0
"AGCAGCCGTC---------------------------CTGTGGATAA"	"AGCAGCCGTCGCGGTTTGCGTATTGGGCGCTCTTCCGCTGTGGATAA"	1	0	0	0
"AGCAGCCGTC-------CTGTGGATAA"	"AGCAGCCGTCGCGTCCTCTGTGGATAA"	4	0	0	1
"AGCAGCCGTC-----------CTGTGGATAA"	"AGCAGCCGTCGCGTCTGACGGCTGTGGATAA"	2	0	0	0
"AGCAGCCGTC----CTGTGGATAA"	"AGCAGCCGTCGCGTCTGTGGATAA"	0	0	1	4
"AGCAGCCGTC-----CTGTGGATAA"	"AGCAGCCGTCGCGTGCTGTGGATAA"	2	0	0	0
"AGCAGCCGTC-------------------------CTGTGGATAA"	"AGCAGCCGTCGCGTTTACGTAATGTCTTTTCTGTGCTGTGGATAA"	0	1	0	0
"AGCAGCCGTC--------------------------CTGTGGATAA"	"AGCAGCCGTCGCTAAATGAAAGCTCTAGGGCCACTTCTGTGGATAA"	0	0	0	1
"AGCAGCCGTC-----CTGTGGATAA"	"AGCAGCCGTCGCTAACTGTGGATAA"	0	0	0	1
"AGCAGCCGTC----CTGTGGATAA"	"AGCAGCCGTCGCTACTGTGGATAA"	0	0	0	1
"AGCAGCCGTC-------------------------CTGTGGATAA"	"AGCAGCCGTCGCTCGCCGATCTCGGTCATGGCCGGCTGTGGATAA"	0	0	2	0
"AGCAGCCGTC--------------------CTGTGGATAA"	"AGCAGCCGTCGCTCTTAAACCAGATGATCACTGTGGATAA"	1	0	0	0
"AGCAGCCGTC------CTGTGGATAA"	"AGCAGCCGTCGCTGAACTGTGGATAA"	0	0	0	1
"AGCAGCCGTC---------------------------CTGTGGATAA"	"AGCAGCCGTCGCTGACAGCCGGAACACGGCGGCATCACTGTGGATAA"	0	1	0	0
"AGCAGCCGTC-----CTGTGGATAA"	"AGCAGCCGTCGCTGGCTGTGGATAA"	0	0	2	0
"AGCAGCCGTC------CTGTGGATAA"	"AGCAGCCGTCGCTGTGCTGTGGATAA"	0	0	1	1
"AGCAGCCGTC----CTGTGGATAA"	"AGCAGCCGTCGCTTCTGTGGATAA"	0	0	1	1
"AGCAGCCGTC-----CTGTGGATAA"	"AGCAGCCGTCGCTTGCTGTGGATAA"	0	1	0	0
"AGCAGCCGTC--------------------------CTGTGGATAA"	"AGCAGCCGTCGCTTTATTTGTAACCATTATAAGCTGCTGTGGATAA"	2	0	0	0
"AGCAGCCGTC-----CTGTGGATAA"	"AGCAGCCGTCGCTTTCTGTGGATAA"	0	0	2	1
"AGCAGCCGTC-------CTGTGGATAA"	"AGCAGCCGTCGCTTTTTCTGTGGATAA"	1	0	0	0
"AGCAGCCGTC----CTGTGGATAA"	"AGCAGCCGTCGGAACTGTGGATAA"	3	2	0	0
"AGCAGCCGTC-------CTGTGGATAA"	"AGCAGCCGTCGGAAGAGCTGTGGATAA"	0	1	0	0
"AGCAGCCGTC-----CTGTGGATAA"	"AGCAGCCGTCGGAAGCTGTGGATAA"	0	0	0	1
"AGCAGCCGTC------CTGTGGATAA"	"AGCAGCCGTCGGAATTCTGTGGATAA"	0	0	1	0
"AGCAGCCGTC-------CTGTGGATAA"	"AGCAGCCGTCGGACAGGCTGTGGATAA"	1	0	0	0
"AGCAGCCGTC------CTGTGGATAA"	"AGCAGCCGTCGGACGACTGTGGATAA"	0	0	0	3
"AGCAGCCGTC-------CTGTGGATAA"	"AGCAGCCGTCGGACGCACTGTGGATAA"	0	0	1	0
"AGCAGCCGTC------CTGTGGATAA"	"AGCAGCCGTCGGACGGCTGTGGATAA"	0	0	2	2
"AGCAGCCGTC------CTGTGGATAA"	"AGCAGCCGTCGGACGTCTGTGGATAA"	1	0	0	1
"AGCAGCCGTC-------CTGTGGATAA"	"AGCAGCCGTCGGACTATCTGTGGATAA"	2	0	0	0
"AGCAGCCGTC-----CTGTGGATAA"	"AGCAGCCGTCGGACTCTGTGGATAA"	1	0	0	0
"AGCAGCCGTC---------------------------CTGTGGATAA"	"AGCAGCCGTCGGAGCCGTACTGGAACTGGGGGGACAGCTGTGGATAA"	0	0	1	0
"AGCAGCCGTC-----CTGTGGATAA"	"AGCAGCCGTCGGAGGCTGTGGATAA"	0	0	1	1
"AGCAGCCGTC---------------CTGTGGATAA"	"AGCAGCCGTCGGAGGGCACCGTGAACTGTGGATAA"	0	0	0	1
"AGCAGCCGTC--------------CTGTGGATAA"	"AGCAGCCGTCGGAGGGGAAGTTCACTGTGGATAA"	0	1	0	0
"AGCAGCCGTC------CTGTGGATAA"	"AGCAGCCGTCGGAGTGCTGTGGATAA"	0	0	0	1
"AGCAGCCGTC------CTGTGGATAA"	"AGCAGCCGTCGGATAACTGTGGATAA"	2	0	2	0
"AGCAGCCGTC-----CTGTGGATAA"	"AGCAGCCGTCGGATACTGTGGATAA"	1	0	1	0
"AGCAGCCGTC----CTGTGGATAA"	"AGCAGCCGTCGGATCTGTGGATAA"	4	0	0	0
"AGCAGCCGTC-----------------------CTGTGGATAA"	"AGCAGCCGTCGGCACCTCGACCCCAAAAAACTTCTGTGGATAA"	0	0	1	0
"AGCAGCCGTC----CTGTGGATAA"	"AGCAGCCGTCGGCACTGTGGATAA"	0	0	0	1
"AGCAGCCGTC-----CTGTGGATAA"	"AGCAGCCGTCGGCAGCTGTGGATAA"	1	0	0	1
"AGCAGCCGTC-----CTGTGGATAA"	"AGCAGCCGTCGGCCTCTGTGGATAA"	0	0	1	3
"AGCAGCCGTC------CTGTGGATAA"	"AGCAGCCGTCGGCCTGCTGTGGATAA"	1	0	0	0
"AGCAGCCGTC-----CTGTGGATAA"	"AGCAGCCGTCGGCGACTGTGGATAA"	1	0	0	0
"AGCAGCCGTC-----CTGTGGATAA"	"AGCAGCCGTCGGCGGCTGTGGATAA"	0	0	0	1
"AGCAGCCGTC-------------CTGTGGATAA"	"AGCAGCCGTCGGCGTGAAAGCCTCTGTGGATAA"	0	0	1	0
"AGCAGCCGTC-----------------CTGTGGATAA"	"AGCAGCCGTCGGCTAACAAAGCCATCACTGTGGATAA"	1	0	0	0
"AGCAGCCGTC-----CTGTGGATAA"	"AGCAGCCGTCGGCTACTGTGGATAA"	0	0	0	2
"AGCAGCCGTC------CTGTGGATAA"	"AGCAGCCGTCGGCTCACTGTGGATAA"	2	0	0	0
"AGCAGCCGTC----CTGTGGATAA"	"AGCAGCCGTCGGCTCTGTGGATAA"	1	1	0	0
"AGCAGCCGTC-----CTGTGGATAA"	"AGCAGCCGTCGGCTGCTGTGGATAA"	1	0	0	0
"AGCAGCCGTC--------CTGTGGATAA"	"AGCAGCCGTCGGGAACCTCTGTGGATAA"	2	0	0	0
"AGCAGCCGTC-----CTGTGGATAA"	"AGCAGCCGTCGGGAACTGTGGATAA"	1	0	0	1
"AGCAGCCGTC---------CTGTGGATAA"	"AGCAGCCGTCGGGACACAGCTGTGGATAA"	0	0	0	1
"AGCAGCCGTC-------CTGTGGATAA"	"AGCAGCCGTCGGGACGACTGTGGATAA"	0	2	0	0
"AGCAGCCGTC-------CTGTGGATAA"	"AGCAGCCGTCGGGACGGCTGTGGATAA"	0	0	1	0
"AGCAGCCGTC-----CTGTGGATAA"	"AGCAGCCGTCGGGAGCTGTGGATAA"	1	0	0	0
"AGCAGCCGTC------CTGTGGATAA"	"AGCAGCCGTCGGGATGCTGTGGATAA"	1	0	0	0
"AGCAGCCGTC--------------CTGTGGATAA"	"AGCAGCCGTCGGGCAAACAATAAACTGTGGATAA"	1	0	0	0
"AGCAGCCGTC-----CTGTGGATAA"	"AGCAGCCGTCGGGCACTGTGGATAA"	0	0	0	1
"AGCAGCCGTC------------CTGTGGATAA"	"AGCAGCCGTCGGGCGCCTGTCACTGTGGATAA"	1	0	0	0
"AGCAGCCGTC------------------------CTGTGGATAA"	"AGCAGCCGTCGGGCGCCTGTGGCCTACGTAAGTGCTGTGGATAA"	0	0	1	0
"AGCAGCCGTC-----CTGTGGATAA"	"AGCAGCCGTCGGGCGCTGTGGATAA"	1	0	0	0
"AGCAGCCGTC------CTGTGGATAA"	"AGCAGCCGTCGGGTATCTGTGGATAA"	0	0	1	0
"AGCAGCCGTC----CTGTGGATAA"	"AGCAGCCGTCGGGTCTGTGGATAA"	0	0	1	1
"AGCAGCCGTC-----CTGTGGATAA"	"AGCAGCCGTCGGGTGCTGTGGATAA"	1	0	0	0
"AGCAGCCGTC----------CTGTGGATAA"	"AGCAGCCGTCGGGTTCATCACTGTGGATAA"	2	0	0	0
"AGCAGCCGTC----CTGTGGATAA"	"AGCAGCCGTCGGTACTGTGGATAA"	0	1	0	2
"AGCAGCCGTC------------------CTGTGGATAA"	"AGCAGCCGTCGGTATTATTTATCCACAGCTGTGGATAA"	0	0	0	1
"AGCAGCCGTC--------------CTGTGGATAA"	"AGCAGCCGTCGGTCCAGGGGCCCACTGTGGATAA"	1	0	0	0
"AGCAGCCGTC------CTGTGGATAA"	"AGCAGCCGTCGGTCGTCTGTGGATAA"	0	0	1	0
"AGCAGCCGTC------CTGTGGATAA"	"AGCAGCCGTCGGTGATCTGTGGATAA"	0	0	1	0
"AGCAGCCGTC----CTGTGGATAA"	"AGCAGCCGTCGGTGCTGTGGATAA"	6	0	0	0
"AGCAGCCGTC-----CTGTGGATAA"	"AGCAGCCGTCGGTGGCTGTGGATAA"	1	0	0	0
"AGCAGCCGTC-----CTGTGGATAA"	"AGCAGCCGTCGGTGTCTGTGGATAA"	0	0	0	1
"AGCAGCCGTC------CTGTGGATAA"	"AGCAGCCGTCGGTTCGCTGTGGATAA"	0	1	0	0
"AGCAGCCGTC----CTGTGGATAA"	"AGCAGCCGTCGGTTCTGTGGATAA"	3	1	1	0
"AGCAGCCGTC------CTGTGGATAA"	"AGCAGCCGTCGGTTTGCTGTGGATAA"	1	0	0	0
"AGCAGCCGTC-----CTGTGGATAA"	"AGCAGCCGTCGTAAACTGTGGATAA"	0	0	1	0
"AGCAGCCGTC-----CTGTGGATAA"	"AGCAGCCGTCGTAATCTGTGGATAA"	0	1	0	0
"AGCAGCCGTC-----CTGTGGATAA"	"AGCAGCCGTCGTACGCTGTGGATAA"	0	1	0	1
"AGCAGCCGTC----CTGTGGATAA"	"AGCAGCCGTCGTAGCTGTGGATAA"	3	0	7	2
"AGCAGCCGTC-----CTGTGGATAA"	"AGCAGCCGTCGTAGTCTGTGGATAA"	0	1	0	0
"AGCAGCCGTC-----CTGTGGATAA"	"AGCAGCCGTCGTATACTGTGGATAA"	0	0	1	0
"AGCAGCCGTC------CTGTGGATAA"	"AGCAGCCGTCGTATATCTGTGGATAA"	0	0	2	0
"AGCAGCCGTC--------------------------CTGTGGATAA"	"AGCAGCCGTCGTATCAAGAGAGAGCTCTAACCTGAGCTGTGGATAA"	0	2	0	0
"AGCAGCCGTC---------CTGTGGATAA"	"AGCAGCCGTCGTATCACAGCTGTGGATAA"	0	1	0	0
"AGCAGCCGTC----CTGTGGATAA"	"AGCAGCCGTCGTATCTGTGGATAA"	1	1	0	1
"AGCAGCCGTC-----------------CTGTGGATAA"	"AGCAGCCGTCGTATTATTTATCCACAGCTGTGGATAA"	1	0	0	0
"AGCAGCCGTC-------CTGTGGATAA"	"AGCAGCCGTCGTCAACGCTGTGGATAA"	0	0	2	0
"AGCAGCCGTC-----CTGTGGATAA"	"AGCAGCCGTCGTCAACTGTGGATAA"	1	0	0	0
"AGCAGCCGTC----CTGTGGATAA"	"AGCAGCCGTCGTCACTGTGGATAA"	0	0	0	1
"AGCAGCCGTC-----CTGTGGATAA"	"AGCAGCCGTCGTCAGCTGTGGATAA"	1	0	0	0
"AGCAGCCGTC----------CTGTGGATAA"	"AGCAGCCGTCGTCATGACGGCTGTGGATAA"	0	0	0	4
"AGCAGCCGTC------CTGTGGATAA"	"AGCAGCCGTCGTCCAGCTGTGGATAA"	0	0	2	1
"AGCAGCCGTC-----CTGTGGATAA"	"AGCAGCCGTCGTCCTCTGTGGATAA"	1	0	0	0
"AGCAGCCGTC---------------CTGTGGATAA"	"AGCAGCCGTCGTCCTTTATCCACAGCTGTGGATAA"	1	0	0	0
"AGCAGCCGTC----CTGTGGATAA"	"AGCAGCCGTCGTCGCTGTGGATAA"	1	0	1	0
"AGCAGCCGTC------CTGTGGATAA"	"AGCAGCCGTCGTCGGACTGTGGATAA"	0	0	0	1
"AGCAGCCGTC-----CTGTGGATAA"	"AGCAGCCGTCGTCGGCTGTGGATAA"	0	0	1	0
"AGCAGCCGTC----CTGTGGATAA"	"AGCAGCCGTCGTCTCTGTGGATAA"	1	0	1	0
"AGCAGCCGTC-----CTGTGGATAA"	"AGCAGCCGTCGTGAACTGTGGATAA"	1	1	0	1
"AGCAGCCGTC----------------CTGTGGATAA"	"AGCAGCCGTCGTGACAGGGTCACAGGCTGTGGATAA"	0	0	0	1
"AGCAGCCGTC--------CTGTGGATAA"	"AGCAGCCGTCGTGACGTACTGTGGATAA"	0	0	1	0
"AGCAGCCGTC------CTGTGGATAA"	"AGCAGCCGTCGTGATGCTGTGGATAA"	2	0	0	0
"AGCAGCCGTC--------CTGTGGATAA"	"AGCAGCCGTCGTGGAATTCTGTGGATAA"	0	0	1	0
"AGCAGCCGTC-----CTGTGGATAA"	"AGCAGCCGTCGTGGACTGTGGATAA"	0	0	0	1
"AGCAGCCGTC------CTGTGGATAA"	"AGCAGCCGTCGTGGCGCTGTGGATAA"	2	0	0	0
"AGCAGCCGTC----CTGTGGATAA"	"AGCAGCCGTCGTGGCTGTGGATAA"	5	1	0	2
"AGCAGCCGTC--------CTGTGGATAA"	"AGCAGCCGTCGTGGGACGCTGTGGATAA"	0	0	0	1
"AGCAGCCGTC-----CTGTGGATAA"	"AGCAGCCGTCGTGGGCTGTGGATAA"	0	0	1	0
"AGCAGCCGTC-----CTGTGGATAA"	"AGCAGCCGTCGTGGTCTGTGGATAA"	0	0	0	3
"AGCAGCCGTC-----CTGTGGATAA"	"AGCAGCCGTCGTGTACTGTGGATAA"	0	0	0	1
"AGCAGCCGTC----CTGTGGATAA"	"AGCAGCCGTCGTGTCTGTGGATAA"	2	0	0	0
"AGCAGCCGTC-----CTGTGGATAA"	"AGCAGCCGTCGTGTGCTGTGGATAA"	0	0	0	3
"AGCAGCCGTC----CTGTGGATAA"	"AGCAGCCGTCGTTACTGTGGATAA"	0	0	1	0
"AGCAGCCGTC-----CTGTGGATAA"	"AGCAGCCGTCGTTAGCTGTGGATAA"	1	0	0	0
"AGCAGCCGTC-----CTGTGGATAA"	"AGCAGCCGTCGTTCACTGTGGATAA"	0	0	0	1
"AGCAGCCGTC----CTGTGGATAA"	"AGCAGCCGTCGTTGCTGTGGATAA"	1	0	0	0
"AGCAGCCGTC------CTGTGGATAA"	"AGCAGCCGTCGTTGTACTGTGGATAA"	1	0	0	0
"AGCAGCCGTC-----CTGTGGATAA"	"AGCAGCCGTCGTTGTCTGTGGATAA"	0	0	0	2
"AGCAGCCGTC-------CTGTGGATAA"	"AGCAGCCGTCGTTTAGTCTGTGGATAA"	0	0	0	1
"AGCAGCCGTC-----CTGTGGATAA"	"AGCAGCCGTCGTTTGCTGTGGATAA"	0	1	0	0
"AGCAGCCGTC-----CTGTGGATAA"	"AGCAGCCGTCGTTTTCTGTGGATAA"	0	2	0	1
"AGCAGCCGTC---------------------------CTGTGGATAA"	"AGCAGCCGTCTAAAAATAAATCTACCATATGATCCAGCTGTGGATAA"	1	0	0	0
"AGCAGCCGTC----CTGTGGATAA"	"AGCAGCCGTCTAAACTGTGGATAA"	1	0	0	4
"AGCAGCCGTC-----CTGTGGATAA"	"AGCAGCCGTCTAACACTGTGGATAA"	0	0	0	1
"AGCAGCCGTC------CTGTGGATAA"	"AGCAGCCGTCTAACCACTGTGGATAA"	0	1	0	0
"AGCAGCCGTC--------------------------CTGTGGATAA"	"AGCAGCCGTCTAAGAAATCAGGAAGAGTTGTTTTAGCTGTGGATAA"	1	0	0	0
"AGCAGCCGTC----CTGTGGATAA"	"AGCAGCCGTCTAAGCTGTGGATAA"	2	0	0	0
"AGCAGCCGTC-----CTGTGGATAA"	"AGCAGCCGTCTAAGGCTGTGGATAA"	0	1	0	0
"AGCAGCCGTC-------CTGTGGATAA"	"AGCAGCCGTCTAAGGTGCTGTGGATAA"	0	0	0	2
"AGCAGCCGTC----CTGTGGATAA"	"AGCAGCCGTCTAATCTGTGGATAA"	1	0	0	0
"AGCAGCCGTC-----CTGTGGATAA"	"AGCAGCCGTCTACAACTGTGGATAA"	1	0	0	0
"AGCAGCCGTC----CTGTGGATAA"	"AGCAGCCGTCTACACTGTGGATAA"	1	0	0	3
"AGCAGCCGTC-----CTGTGGATAA"	"AGCAGCCGTCTACATCTGTGGATAA"	0	1	0	0
"AGCAGCCGTC-------CTGTGGATAA"	"AGCAGCCGTCTACCCGGCTGTGGATAA"	2	0	0	0
"AGCAGCCGTC------CTGTGGATAA"	"AGCAGCCGTCTACGTGCTGTGGATAA"	0	1	0	0
"AGCAGCCGTC----CTGTGGATAA"	"AGCAGCCGTCTACTCTGTGGATAA"	0	0	0	1
"AGCAGCCGTC--------------CTGTGGATAA"	"AGCAGCCGTCTACTGTTATCCAGTCTGTGGATAA"	0	0	0	17
"AGCAGCCGTC--------------CTGTGGATAA"	"AGCAGCCGTCTACTGTTATTCAGTCTGTGGATAA"	0	0	0	1
"AGCAGCCGTC--------CTGTGGATAA"	"AGCAGCCGTCTACTTCATCTGTGGATAA"	1	0	0	0
"AGCAGCCGTC------CTGTGGATAA"	"AGCAGCCGTCTAGACGCTGTGGATAA"	1	0	0	0
"AGCAGCCGTC-------CTGTGGATAA"	"AGCAGCCGTCTAGACGGCTGTGGATAA"	3	0	0	0
"AGCAGCCGTC----CTGTGGATAA"	"AGCAGCCGTCTAGACTGTGGATAA"	14	0	2	2
"AGCAGCCGTC--------------------------CTGTGGATAA"	"AGCAGCCGTCTAGAGCTTCTCATTCTGAAGCTGGGTCTGTGGATAA"	1	0	0	0
"AGCAGCCGTC-----CTGTGGATAA"	"AGCAGCCGTCTAGGACTGTGGATAA"	3	0	0	0
"AGCAGCCGTC----CTGTGGATAA"	"AGCAGCCGTCTAGGCTGTGGATAA"	2	0	0	0
"AGCAGCCGTC-------CTGTGGATAA"	"AGCAGCCGTCTAGTCAGCTGTGGATAA"	2	0	0	0
"AGCAGCCGTC----CTGTGGATAA"	"AGCAGCCGTCTAGTCTGTGGATAA"	0	0	0	1
"AGCAGCCGTC----------CTGTGGATAA"	"AGCAGCCGTCTATAAAGTTTCTGTGGATAA"	2	0	0	0
"AGCAGCCGTC----CTGTGGATAA"	"AGCAGCCGTCTATACTGTGGATAA"	2	0	0	0
"AGCAGCCGTC------CTGTGGATAA"	"AGCAGCCGTCTATATACTGTGGATAA"	0	1	0	0
"AGCAGCCGTC----------CTGTGGATAA"	"AGCAGCCGTCTATATATATACTGTGGATAA"	0	0	1	0
"AGCAGCCGTC---------CTGTGGATAA"	"AGCAGCCGTCTATCCACAGCTGTGGATAA"	4	0	0	0
"AGCAGCCGTC---------CTGTGGATAA"	"AGCAGCCGTCTATCCATAGCTGTGGATAA"	0	1	0	0
"AGCAGCCGTC-------CTGTGGATAA"	"AGCAGCCGTCTATGAAACTGTGGATAA"	0	0	0	1
"AGCAGCCGTC----CTGTGGATAA"	"AGCAGCCGTCTATGCTGTGGATAA"	5	0	0	1
"AGCAGCCGTC-----CTGTGGATAA"	"AGCAGCCGTCTATGGCTGTGGATAA"	2	0	0	1
"AGCAGCCGTC------CTGTGGATAA"	"AGCAGCCGTCTATTATCTGTGGATAA"	1	0	0	0
"AGCAGCCGTC----------------CTGTGGATAA"	"AGCAGCCGTCTATTATTTATCCACAGCTGTGGATAA"	1	0	0	0
"AGCAGCCGTC----CTGTGGATAA"	"AGCAGCCGTCTATTCTGTGGATAA"	3	0	0	0
"AGCAGCCGTC-------------CTGTGGATAA"	"AGCAGCCGTCTATTTATCCACAGCTGTGGATAA"	6	0	0	0
"AGCAGCCGTC----------CTGTGGATAA"	"AGCAGCCGTCTATTTATCCACTGTGGATAA"	1	0	0	0
"AGCAGCCGTC-----CTGTGGATAA"	"AGCAGCCGTCTATTTCTGTGGATAA"	0	0	1	0
"AGCAGCCGTC------CTGTGGATAA"	"AGCAGCCGTCTATTTGCTGTGGATAA"	1	0	0	0
"AGCAGCCGTC-----CTGTGGATAA"	"AGCAGCCGTCTCAAACTGTGGATAA"	1	0	0	0
"AGCAGCCGTC------CTGTGGATAA"	"AGCAGCCGTCTCAACACTGTGGATAA"	1	0	0	0
"AGCAGCCGTC----CTGTGGATAA"	"AGCAGCCGTCTCAACTGTGGATAA"	1	0	1	1
"AGCAGCCGTC------CTGTGGATAA"	"AGCAGCCGTCTCAAGACTGTGGATAA"	0	0	1	0
"AGCAGCCGTC-----CTGTGGATAA"	"AGCAGCCGTCTCAATCTGTGGATAA"	0	0	1	4
"AGCAGCCGTC-----------CTGTGGATAA"	"AGCAGCCGTCTCAATGATCCACTGTGGATAA"	1	0	0	0
"AGCAGCCGTC-----CTGTGGATAA"	"AGCAGCCGTCTCACACTGTGGATAA"	0	1	0	0
"AGCAGCCGTC------CTGTGGATAA"	"AGCAGCCGTCTCACGTCTGTGGATAA"	1	0	0	0
"AGCAGCCGTC-----CTGTGGATAA"	"AGCAGCCGTCTCAGACTGTGGATAA"	1	0	0	0
"AGCAGCCGTC----CTGTGGATAA"	"AGCAGCCGTCTCAGCTGTGGATAA"	7	0	4	5
"AGCAGCCGTC------CTGTGGATAA"	"AGCAGCCGTCTCAGGACTGTGGATAA"	1	0	0	0
"AGCAGCCGTC-----CTGTGGATAA"	"AGCAGCCGTCTCAGGCTGTGGATAA"	1	0	1	0
"AGCAGCCGTC------CTGTGGATAA"	"AGCAGCCGTCTCAGGGCTGTGGATAA"	0	0	1	0
"AGCAGCCGTC--------------------------CTGTGGATAA"	"AGCAGCCGTCTCAGGGGGGCGGAGCCTATGGAAAAACTGTGGATAA"	0	1	0	0
"AGCAGCCGTC-----CTGTGGATAA"	"AGCAGCCGTCTCATACTGTGGATAA"	0	0	0	1
"AGCAGCCGTC---------CTGTGGATAA"	"AGCAGCCGTCTCATATTCGCTGTGGATAA"	0	0	4	0
"AGCAGCCGTC----CTGTGGATAA"	"AGCAGCCGTCTCATCTGTGGATAA"	2	1	0	0
"AGCAGCCGTC-------CTGTGGATAA"	"AGCAGCCGTCTCATTATCTGTGGATAA"	0	0	0	1
"AGCAGCCGTC-------CTGTGGATAA"	"AGCAGCCGTCTCCACAGCTGTGGATAA"	1	2	0	0
"AGCAGCCGTC--------CTGTGGATAA"	"AGCAGCCGTCTCCACAGGCTGTGGATAA"	0	0	1	0
"AGCAGCCGTC------CTGTGGATAA"	"AGCAGCCGTCTCCAGACTGTGGATAA"	2	0	0	0
"AGCAGCCGTC------CTGTGGATAA"	"AGCAGCCGTCTCCCGTCTGTGGATAA"	0	0	0	1
"AGCAGCCGTC---------------------------CTGTGGATAA"	"AGCAGCCGTCTCCCTCCCTTCCTCCCACAAACCCTTACTGTGGATAA"	0	0	0	1
"AGCAGCCGTC--------CTGTGGATAA"	"AGCAGCCGTCTCCCTTGTCTGTGGATAA"	1	0	0	0
"AGCAGCCGTC---------------------------CTGTGGATAA"	"AGCAGCCGTCTCCGAAAAGGGGATCGATCGGTCAGGACTGTGGATAA"	0	0	0	2
"AGCAGCCGTC----CTGTGGATAA"	"AGCAGCCGTCTCCGCTGTGGATAA"	0	1	0	3
"AGCAGCCGTC------------CTGTGGATAA"	"AGCAGCCGTCTCCGTCCGGCCGCTGTGGATAA"	0	1	0	0
"AGCAGCCGTC----CTGTGGATAA"	"AGCAGCCGTCTCCTCTGTGGATAA"	1	0	0	3
"AGCAGCCGTC------CTGTGGATAA"	"AGCAGCCGTCTCCTGACTGTGGATAA"	0	2	0	0
"AGCAGCCGTC-----CTGTGGATAA"	"AGCAGCCGTCTCCTGCTGTGGATAA"	2	0	1	0
"AGCAGCCGTC------------CTGTGGATAA"	"AGCAGCCGTCTCCTGTGGATAACTGTGGATAA"	4	0	0	0
"AGCAGCCGTC------CTGTGGATAA"	"AGCAGCCGTCTCGAAACTGTGGATAA"	1	0	0	0
"AGCAGCCGTC-----CTGTGGATAA"	"AGCAGCCGTCTCGAACTGTGGATAA"	1	0	0	0
"AGCAGCCGTC-------CTGTGGATAA"	"AGCAGCCGTCTCGAGATCTGTGGATAA"	1	0	0	0
"AGCAGCCGTC--------CTGTGGATAA"	"AGCAGCCGTCTCGCGAAACTGTGGATAA"	1	0	0	0
"AGCAGCCGTC-----CTGTGGATAA"	"AGCAGCCGTCTCGCGCTGTGGATAA"	1	0	0	0
"AGCAGCCGTC-----CTGTGGATAA"	"AGCAGCCGTCTCGGACTGTGGATAA"	1	1	0	0
"AGCAGCCGTC-------------------------CTGTGGATAA"	"AGCAGCCGTCTCGGATAAATTTCATTAGAGGTCAGCTGTGGATAA"	0	2	0	0
"AGCAGCCGTC----CTGTGGATAA"	"AGCAGCCGTCTCGGCTGTGGATAA"	5	0	1	2
"AGCAGCCGTC------CTGTGGATAA"	"AGCAGCCGTCTCGGGACTGTGGATAA"	1	0	0	0
"AGCAGCCGTC----CTGTGGATAA"	"AGCAGCCGTCTCGTCTGTGGATAA"	2	1	0	0
"AGCAGCCGTC-----CTGTGGATAA"	"AGCAGCCGTCTCGTGCTGTGGATAA"	0	0	0	2
"AGCAGCCGTC------CTGTGGATAA"	"AGCAGCCGTCTCGTGGCTGTGGATAA"	1	0	0	0
"AGCAGCCGTC----------CTGTGGATAA"	"AGCAGCCGTCTCTAAAACAGCTGTGGATAA"	0	1	0	0
"AGCAGCCGTC----CTGTGGATAA"	"AGCAGCCGTCTCTACTGTGGATAA"	1	0	0	0
"AGCAGCCGTC-----CTGTGGATAA"	"AGCAGCCGTCTCTAGCTGTGGATAA"	2	0	0	0
"AGCAGCCGTC------CTGTGGATAA"	"AGCAGCCGTCTCTATTCTGTGGATAA"	1	0	0	0
"AGCAGCCGTC---------CTGTGGATAA"	"AGCAGCCGTCTCTCCTCATCTGTGGATAA"	2	0	0	0
"AGCAGCCGTC--------------CTGTGGATAA"	"AGCAGCCGTCTCTGAAGGGAAGCACTGTGGATAA"	0	0	0	1
"AGCAGCCGTC-----CTGTGGATAA"	"AGCAGCCGTCTCTGACTGTGGATAA"	0	0	0	1
"AGCAGCCGTC----CTGTGGATAA"	"AGCAGCCGTCTCTGCTGTGGATAA"	0	1	1	0
"AGCAGCCGTC-----CTGTGGATAA"	"AGCAGCCGTCTCTGTCTGTGGATAA"	2	0	0	0
"AGCAGCCGTC------------CTGTGGATAA"	"AGCAGCCGTCTCTTAAACCAGGCTGTGGATAA"	0	0	0	1
"AGCAGCCGTC------CTGTGGATAA"	"AGCAGCCGTCTCTTCACTGTGGATAA"	0	0	0	1
"AGCAGCCGTC----CTGTGGATAA"	"AGCAGCCGTCTCTTCTGTGGATAA"	1	1	0	3
"AGCAGCCGTC---------CTGTGGATAA"	"AGCAGCCGTCTGAAACGCTCTGTGGATAA"	0	0	0	1
"AGCAGCCGTC------CTGTGGATAA"	"AGCAGCCGTCTGAAATCTGTGGATAA"	0	0	1	0
"AGCAGCCGTC----CTGTGGATAA"	"AGCAGCCGTCTGAACTGTGGATAA"	0	2	0	0
"AGCAGCCGTC-------------CTGTGGATAA"	"AGCAGCCGTCTGAAGCAGCCGTCCTGTGGATAA"	1	0	2	0
"AGCAGCCGTC-----CTGTGGATAA"	"AGCAGCCGTCTGAAGCTGTGGATAA"	0	0	1	0
"AGCAGCCGTC--------CTGTGGATAA"	"AGCAGCCGTCTGACGAAGCTGTGGATAA"	1	0	0	0
"AGCAGCCGTC-------------CTGTGGATAA"	"AGCAGCCGTCTGACGCGTCCGGACTGTGGATAA"	0	1	0	0
"AGCAGCCGTC------CTGTGGATAA"	"AGCAGCCGTCTGACGGCTGTGGATAA"	2	0	0	0
"AGCAGCCGTC-------CTGTGGATAA"	"AGCAGCCGTCTGACGGGCTGTGGATAA"	2	0	0	0
"AGCAGCCGTC---------CTGTGGATAA"	"AGCAGCCGTCTGACGTCCTCTGTGGATAA"	0	0	1	0
"AGCAGCCGTC------CTGTGGATAA"	"AGCAGCCGTCTGACGTCTGTGGATAA"	0	1	0	0
"AGCAGCCGTC-----CTGTGGATAA"	"AGCAGCCGTCTGACTCTGTGGATAA"	3	0	1	0
"AGCAGCCGTC----------------------CTGTGGATAA"	"AGCAGCCGTCTGAGACCAGCCTGGGCAACATACTGTGGATAA"	1	0	0	0
"AGCAGCCGTC------CTGTGGATAA"	"AGCAGCCGTCTGAGCTCTGTGGATAA"	1	0	0	0
"AGCAGCCGTC----CTGTGGATAA"	"AGCAGCCGTCTGAGCTGTGGATAA"	4	0	3	0
"AGCAGCCGTC--------CTGTGGATAA"	"AGCAGCCGTCTGATCTGACTGTGGATAA"	0	1	0	0
"AGCAGCCGTC-----------------CTGTGGATAA"	"AGCAGCCGTCTGATGAAGCAGCCGTCACTGTGGATAA"	1	0	0	0
"AGCAGCCGTC-----CTGTGGATAA"	"AGCAGCCGTCTGATGCTGTGGATAA"	0	0	0	1
"AGCAGCCGTC------CTGTGGATAA"	"AGCAGCCGTCTGCAATCTGTGGATAA"	2	0	0	0
"AGCAGCCGTC-----------------CTGTGGATAA"	"AGCAGCCGTCTGCATGACGAAATCTCACTGTGGATAA"	0	0	0	1
"AGCAGCCGTC-----------------CTGTGGATAA"	"AGCAGCCGTCTGCATGACGCAATCTCACTGTGGATAA"	0	0	0	1
"AGCAGCCGTC--------------CTGTGGATAA"	"AGCAGCCGTCTGCATTGAAGTGATCTGTGGATAA"	1	0	0	0
"AGCAGCCGTC--------------------------CTGTGGATAA"	"AGCAGCCGTCTGCCATTGCCTTCTCCAACTCCACCTCTGTGGATAA"	0	1	0	0
"AGCAGCCGTC----CTGTGGATAA"	"AGCAGCCGTCTGCGCTGTGGATAA"	4	0	0	0
"AGCAGCCGTC---------CTGTGGATAA"	"AGCAGCCGTCTGCTTTATACTGTGGATAA"	1	0	0	0
"AGCAGCCGTC----CTGTGGATAA"	"AGCAGCCGTCTGGACTGTGGATAA"	2	0	0	0
"AGCAGCCGTC-----CTGTGGATAA"	"AGCAGCCGTCTGGAGCTGTGGATAA"	0	0	1	0
"AGCAGCCGTC-----------------------CTGTGGATAA"	"AGCAGCCGTCTGGATTTTCCAGGCAAGAGTACGCTGTGGATAA"	0	0	1	0
"AGCAGCCGTC----------CTGTGGATAA"	"AGCAGCCGTCTGGGACACAGCTGTGGATAA"	0	0	0	1
"AGCAGCCGTC-----CTGTGGATAA"	"AGCAGCCGTCTGGGACTGTGGATAA"	1	0	0	1
"AGCAGCCGTC----CTGTGGATAA"	"AGCAGCCGTCTGGGCTGTGGATAA"	6	0	0	0
"AGCAGCCGTC--------------------CTGTGGATAA"	"AGCAGCCGTCTGGTATTATTTATCCACAGGCTGTGGATAA"	0	2	0	0
"AGCAGCCGTC----CTGTGGATAA"	"AGCAGCCGTCTGGTCTGTGGATAA"	1	0	0	0
"AGCAGCCGTC----CTGTGGATAA"	"AGCAGCCGTCTGTACTGTGGATAA"	1	0	1	0
"AGCAGCCGTC-------------------CTGTGGATAA"	"AGCAGCCGTCTGTAGATGAAGCAGCCGTCCTGTGGATAA"	0	0	1	0
"AGCAGCCGTC-----CTGTGGATAA"	"AGCAGCCGTCTGTAGCTGTGGATAA"	0	0	0	1
"AGCAGCCGTC-----CTGTGGATAA"	"AGCAGCCGTCTGTCACTGTGGATAA"	0	0	0	1
"AGCAGCCGTC-----CTGTGGATAA"	"AGCAGCCGTCTGTCGCTGTGGATAA"	2	0	0	0
"AGCAGCCGTC--------CTGTGGATAA"	"AGCAGCCGTCTGTCTCCACTGTGGATAA"	1	0	0	0
"AGCAGCCGTC-----------------CTGTGGATAA"	"AGCAGCCGTCTGTGAACTTGTATTTATCTGTGGATAA"	0	0	0	1
"AGCAGCCGTC----------------CTGTGGATAA"	"AGCAGCCGTCTGTGGATAAATATAAACTGTGGATAA"	2	0	0	0
"AGCAGCCGTC-------CTGTGGATAA"	"AGCAGCCGTCTGTGGATCTGTGGATAA"	0	0	0	1
"AGCAGCCGTC----CTGTGGATAA"	"AGCAGCCGTCTGTTCTGTGGATAA"	2	1	0	0
"AGCAGCCGTC-----CTGTGGATAA"	"AGCAGCCGTCTGTTGCTGTGGATAA"	2	0	0	0
"AGCAGCCGTC-----------------------CTGTGGATAA"	"AGCAGCCGTCTTAAGTTCCTGTCTTGATTTCAACTGTGGATAA"	0	1	0	0
"AGCAGCCGTC-------CTGTGGATAA"	"AGCAGCCGTCTTACACACTGTGGATAA"	1	0	0	0
"AGCAGCCGTC----CTGTGGATAA"	"AGCAGCCGTCTTAGCTGTGGATAA"	1	2	0	0
"AGCAGCCGTC-----CTGTGGATAA"	"AGCAGCCGTCTTATACTGTGGATAA"	0	0	1	0
"AGCAGCCGTC----CTGTGGATAA"	"AGCAGCCGTCTTATCTGTGGATAA"	0	0	0	2
"AGCAGCCGTC-------CTGTGGATAA"	"AGCAGCCGTCTTATTTACTGTGGATAA"	1	0	0	0
"AGCAGCCGTC--------------CTGTGGATAA"	"AGCAGCCGTCTTATTTATCCACAGCTGTGGATAA"	1	0	0	5
"AGCAGCCGTC----------------CTGTGGATAA"	"AGCAGCCGTCTTCAACTACACATGAACTGTGGATAA"	1	0	0	0
"AGCAGCCGTC----CTGTGGATAA"	"AGCAGCCGTCTTCACTGTGGATAA"	2	0	0	0
"AGCAGCCGTC-----CTGTGGATAA"	"AGCAGCCGTCTTCATCTGTGGATAA"	16	0	0	0
"AGCAGCCGTC------------------CTGTGGATAA"	"AGCAGCCGTCTTCATTACATTATATTATCTGTGGATAA"	14	0	0	0
"AGCAGCCGTC-----CTGTGGATAA"	"AGCAGCCGTCTTCCTCTGTGGATAA"	0	0	0	1
"AGCAGCCGTC---------CTGTGGATAA"	"AGCAGCCGTCTTCGAGCAGCTGTGGATAA"	0	0	4	0
"AGCAGCCGTC----CTGTGGATAA"	"AGCAGCCGTCTTCGCTGTGGATAA"	0	1	0	1
"AGCAGCCGTC-----CTGTGGATAA"	"AGCAGCCGTCTTCGGCTGTGGATAA"	0	0	0	1
"AGCAGCCGTC----------------CTGTGGATAA"	"AGCAGCCGTCTTCTACGAATTATCCACTGTGGATAA"	0	0	1	0
"AGCAGCCGTC--------CTGTGGATAA"	"AGCAGCCGTCTTCTCCTGCTGTGGATAA"	0	0	0	1
"AGCAGCCGTC----CTGTGGATAA"	"AGCAGCCGTCTTCTCTGTGGATAA"	3	0	1	0
"AGCAGCCGTC-----CTGTGGATAA"	"AGCAGCCGTCTTCTGCTGTGGATAA"	4	0	0	0
"AGCAGCCGTC--------------CTGTGGATAA"	"AGCAGCCGTCTTCTGTTATCCAGTCTGTGGATAA"	0	0	0	1
"AGCAGCCGTC----CTGTGGATAA"	"AGCAGCCGTCTTGACTGTGGATAA"	0	0	0	2
"AGCAGCCGTC-----CTGTGGATAA"	"AGCAGCCGTCTTGAGCTGTGGATAA"	0	0	1	0
"AGCAGCCGTC-----CTGTGGATAA"	"AGCAGCCGTCTTGATCTGTGGATAA"	0	1	0	0
"AGCAGCCGTC-----CTGTGGATAA"	"AGCAGCCGTCTTGCACTGTGGATAA"	0	1	0	0
"AGCAGCCGTC--------------------------CTGTGGATAA"	"AGCAGCCGTCTTGCAGAAGGACTTGTTGTCCTGGGTCTGTGGATAA"	0	0	0	1
"AGCAGCCGTC----------------------CTGTGGATAA"	"AGCAGCCGTCTTGCAGTCCAAGGGACTCTCAACTGTGGATAA"	1	0	0	0
"AGCAGCCGTC---CTGTGGATAA"	"AGCAGCCGTCTTGCTGTGGATAA"	0	2	2	2
"AGCAGCCGTC----CTGTGGATAA"	"AGCAGCCGTCTTGGCTGTGGATAA"	0	0	0	1
"AGCAGCCGTC-----CTGTGGATAA"	"AGCAGCCGTCTTGTACTGTGGATAA"	0	0	0	1
"AGCAGCCGTC----CTGTGGATAA"	"AGCAGCCGTCTTGTCTGTGGATAA"	0	1	0	1
"AGCAGCCGTC-----CTGTGGATAA"	"AGCAGCCGTCTTGTGCTGTGGATAA"	1	0	0	0
"AGCAGCCGTC-----CTGTGGATAA"	"AGCAGCCGTCTTTAACTGTGGATAA"	0	0	0	1
"AGCAGCCGTC-----CTGTGGATAA"	"AGCAGCCGTCTTTAGCTGTGGATAA"	0	1	3	0
"AGCAGCCGTC-----CTGTGGATAA"	"AGCAGCCGTCTTTCACTGTGGATAA"	1	0	0	0
"AGCAGCCGTC-------CTGTGGATAA"	"AGCAGCCGTCTTTCCAACTGTGGATAA"	0	0	0	1
"AGCAGCCGTC------CTGTGGATAA"	"AGCAGCCGTCTTTGAGCTGTGGATAA"	0	0	1	0
"AGCAGCCGTC----CTGTGGATAA"	"AGCAGCCGTCTTTGCTGTGGATAA"	1	0	0	1
"AGCAGCCGTC-------CTGTGGATAA"	"AGCAGCCGTCTTTGGAGCTGTGGATAA"	1	0	0	0
"AGCAGCCGTC-----CTGTGGATAA"	"AGCAGCCGTCTTTGGCTGTGGATAA"	0	1	0	0
"AGCAGCCGTC-----CTGTGGATAA"	"AGCAGCCGTCTTTTTCTGTGGATAA"	1	1	0	0
"AGCAGCCGTC--------CTGTGGATAA"	"AGCAGCCGTCTTTTTGATCTGTGGATAA"	0	0	0	1
"AGCAGCCGTC------CTGTGGATAA"	"AGCAGCCGTCTTTTTTCTGTGGATAA"	2	0	1	0
