"ref_align"	"read_align"	"count_yll023"	"count_yll024"	"count_yll025"	"count_yll026"
"ATGCTCTGGC-TTCCGGCTGG"	"ATGCTCTGGCATTCCGGCTGG"	877486	731643	1170221	1424564
"ATGCTCTGGCTTCCGGCTGG"	"ATGCTCTGGCTTCCGGCTGG"	271215	157067	364102	382509
"ATGCTCTGGC--TTCCGGCTGG"	"ATGCTCTGGCCATTCCGGCTGG"	45991	27999	61290	72403
"ATGCTCTGGC--TTCCGGCTGG"	"ATGCTCTGGCAATTCCGGCTGG"	20310	18125	27370	23178
"ATGCTCTGGC-TTCCGGCTGG"	"ATGCTCTGGCTTTCCGGCTGG"	12585	12088	19961	12529
"ATGCTCTGGC--TTCCGGCTGG"	"ATGCTCTGGCTATTCCGGCTGG"	16528	9294	29496	26361
"ATGCTCTGGCTTCCGGCTGG"	"ATGCT-----------CTGG"	11030	23613	9224	15730
"ATGCTCTGGCTTCCGGCTGG"	"ATGCTCT-------GGCTGG"	10940	14781	8084	13249
"ATGCTCTGGC--TTCCGGCTGG"	"ATGCTCTGGCTTTTCCGGCTGG"	13749	6176	21249	14830
"ATGCTCTGGCTTCCGGCTGG"	"ATGC-------TCCGGCTGG"	5876	7573	5735	8358
"ATGCTCTGGCTTCCGGCTGG"	"ATG-------TTCCGGCTGG"	4489	5054	5324	10328
"ATGCTCTGGC-TTCCGGCTGG"	"ATGCTCTGGCCTTCCGGCTGG"	5603	4088	9920	7320
"ATGCTCTGGC--TTCCGGCTGG"	"ATGCTCTGGCCCTTCCGGCTGG"	4992	3746	12073	10252
"ATGCTCTGGC---TTCCGGCTGG"	"ATGCTCTGGCTTTTTCCGGCTGG"	6049	3389	10074	9121
"ATGCTCTGGC-TTCCGGCTGG"	"ATGCTCTGGCGTTCCGGCTGG"	5405	3377	6362	5000
"ATGCTCTGGC---TTCCGGCTGG"	"ATGCTCTGGCAAATTCCGGCTGG"	7099	3144	11576	12161
"ATGCTCTGGC---TTCCGGCTGG"	"ATGCTCTGGCCCATTCCGGCTGG"	3886	3262	6419	2669
"ATGCTCTGGC--TTCCGGCTGG"	"ATGCTCTGGCGGTTCCGGCTGG"	1805	2350	6004	2365
"ATGCTCTGGC---TTCCGGCTGG"	"ATGCTCTGGCATATTCCGGCTGG"	1879	1354	3195	3218
"ATGCTCTGGC----TTCCGGCTGG"	"ATGCTCTGGCTTTATTCCGGCTGG"	2825	3527	1284	2945
"ATGCTCTGGCTTCCGGCTGG"	"A---------TTCCGGCTGG"	1788	3584	1235	3577
"ATGCTCTGGC----TTCCGGCTGG"	"ATGCTCTGGCAAAATTCCGGCTGG"	5559	1195	14737	8326
"ATGCTCTGGCTTCCGGCTGG"	"A----------------TGG"	1178	13950	1467	2881
"ATGCTCTGGCTTCCGGCTGG"	"ATGCTCTGG-TTCCGGCTGG"	1072	2439	1561	1687
"ATGCTCTGGCTTCCGGCTGG"	"ATGCT-----TTCCGGCTGG"	1764	964	1926	3569
"ATGCTCTGGC----TTCCGGCTGG"	"ATGCTCTGGCTATATTCCGGCTGG"	2148	1351	916	1367
"ATGCTCTGGCTTCCGGCTGG"	"AT-------------GCTGG"	3553	7124	633	10180
"ATGCTCTGGC-----TTCCGGCTGG"	"ATGCTCTGGCAAGCATTCCGGCTGG"	1336	626	802	1261
"ATGCTCTGGCTTCCGGCTGG"	"ATG----------CGGCTGG"	571	1478	1860	1900
"ATGCTCTGGC--TTCCGGCTGG"	"ATGCTCTGGCCTTTCCGGCTGG"	496	856	1039	741
"ATGCTCTGGC---TTCCGGCTGG"	"ATGCTCTGGCTATTTCCGGCTGG"	584	1172	469	1288
"ATGCTCTGGC-----TTCCGGCTGG"	"ATGCTCTGGCTTTTTTTCCGGCTGG"	794	926	399	1626
"ATGCTCTGGC------TTCCGGCTGG"	"ATGCTCTGGCCAAGCATTCCGGCTGG"	355	710	2514	555
"ATGCTCTGGC---TTCCGGCTGG"	"ATGCTCTGGCTTATTCCGGCTGG"	2960	298	5451	4842
"ATGCTCTGGC--TTCCGGCTGG"	"ATGCTCTGGCCGTTCCGGCTGG"	211	141	289	297
"ATGCTCTGGC--TTCCGGCTGG"	"ATGCTCTGGCTGTTCCGGCTGG"	5962	130	8608	6416
"ATGCTCTGGC--TTCCGGCTGG"	"ATGCTCTGGCGATTCCGGCTGG"	3401	125	3638	1477
"ATGCTCTGGC--TTCCGGCTGG"	"ATGCTCTGGCAGTTCCGGCTGG"	748	96	187	787
"ATGCTCTGGC----TTCCGGCTGG"	"ATGCTCTGGCCCCATTCCGGCTGG"	661	70	1636	1370
"ATGCTCTGGC---TTCCGGCTGG"	"ATGCTCTGGCTGTTTCCGGCTGG"	553	37	274	64
"ATGCTCTGGCTTCCGGCTGG"	"ATGCTCTGG----CGGCTGG"	473	34	431	2727
"ATGCTCTGGCTTCCGGCTGG"	"ATGC-----------GCTGG"	313	98	33	62
"ATGCTCTGGC---TTCCGGCTGG"	"ATGCTCTGGCCCCTTCCGGCTGG"	28	1625	4485	2832
"ATGCTCTGGC---TTCCGGCTGG"	"ATGCTCTGGCAGATTCCGGCTGG"	38	27	76	61
"ATGCTCTGGCTTCCGGCTGG"	"ATGCTCTGG---CCGGCTGG"	1519	25	32	1208
"ATGCTCTGGC----TTCCGGCTGG"	"ATGCTCTGGCTTTTTTCCGGCTGG"	7749	25	3614	2781
"ATGCTCTGGC--TTCCGGCTGG"	"ATGCTCTGGCATTTCCGGCTGG"	1113	22	2830	1314
"ATGCTCTGGC-----TTCCGGCTGG"	"ATGCTCTGGCAAAAATTCCGGCTGG"	2176	21	5888	3894
"ATGCTCTGGC--TTCCGGCTGG"	"ATGCTCTGGCGTTTCCGGCTGG"	36	21	707	33
"ATGCTCTGGC---TTCCGGCTGG"	"ATGCTCTGGCACATTCCGGCTGG"	2301	19	2354	2711
"ATGCTCTGGCTTCCGGCTGG"	"AT------------GGCTGG"	2952	3989	18	2370
"ATGCTCTGGC----TTCCGGCTGG"	"ATGCTCTGGCTGTATTCCGGCTGG"	18	26	806	1289
"ATGCTCTGGCTTCCGGCTGG"	"ATG---------CCGGCTGG"	19	16	302	3067
"ATGCTCTGGC--TTCCGGCTGG"	"ATGCTCTGGCGCTTCCGGCTGG"	14	15	28	15
"ATGCTCTGGC----TTCCGGCTGG"	"ATGCTCTGGCAACATTCCGGCTGG"	13	957	51	25
"ATGCTCTGGC---TTCCGGCTGG"	"ATGCTCTGGCGCATTCCGGCTGG"	1708	11	469	1993
"ATGCTCTGGC---TTCCGGCTGG"	"ATGCTCTGGCTTGTTCCGGCTGG"	15	11	34	23
"ATGCTCTGGC---TTCCGGCTGG"	"ATGCTCTGGCAAGTTCCGGCTGG"	22	10	46	43
"ATGCTCTGGC---TTCCGGCTGG"	"ATGCTCTGGCCCGTTCCGGCTGG"	10	11	24	11
"ATGCTCTGGC---TTCCGGCTGG"	"ATGCTCTGGCTCATTCCGGCTGG"	13	42	743	10
"ATGCTCTGGC---TTCCGGCTGG"	"ATGCTCTGGCTGATTCCGGCTGG"	435	9	2764	1726
"ATGCTCTGGC----TTCCGGCTGG"	"ATGCTCTGGCTTTGTTCCGGCTGG"	25	9	14	13
"ATGCTCTGGCTTCCGGCTGG"	"ATGC------TTCCGGCTGG"	1523	8	1215	9
"ATGCTCTGGCTTCCGGCTGG"	"ATGCTCTGGC-TCCGGCTGG"	8	20	1360	735
"ATGCTCTGGC---TTCCGGCTGG"	"ATGCTCTGGCAATTTCCGGCTGG"	423	8	285	16
"ATGCTCTGGC---TTCCGGCTGG"	"ATGCTCTGGCATTTTCCGGCTGG"	8	8	955	851
"ATGCTCTGGC---TTCCGGCTGG"	"ATGCTCTGGCTAATTCCGGCTGG"	15	8	1497	568
"ATGCTCTGGC-----TTCCGGCTGG"	"ATGCTCTGGCTTTTATTCCGGCTGG"	2298	8	1212	769
"ATGCTCTGGC----TTCCGGCTGG"	"ATGCTCTGGCAGAATTCCGGCTGG"	25	7	52	24
"ATGCTCTGGCTTCCGGCTGG"	"ATGC------------CTGG"	6	9	489	9
"ATGCTCTGGC------TTCCGGCTGG"	"ATGCTCTGGCAAAAAATTCCGGCTGG"	6	440	1785	320
"ATGCTCTGGC---TTCCGGCTGG"	"ATGCTCTGGCGAATTCCGGCTGG"	16	6	26	23
"ATGCTCTGGC-----TTCCGGCTGG"	"ATGCTCTGGCTTTTGTTCCGGCTGG"	24	6	10	8
"ATGCTCTGGC---TTCCGGCTGG"	"ATGCTCTGGCGTATTCCGGCTGG"	5	6	15	26
"ATGCTCTGGC----TTCCGGCTGG"	"ATGCTCTGGCGTTATTCCGGCTGG"	8	9	477	5
"ATGCTCTGGC----TTCCGGCTGG"	"ATGCTCTGGCTAAATTCCGGCTGG"	436	5	1288	774
"ATGCTCTGGC---TTCCGGCTGG"	"ATGCTCTGGCTCTTTCCGGCTGG"	7	5	11	9
"ATGCTCTGGC----TTCCGGCTGG"	"ATGCTCTGGCTGTTTTCCGGCTGG"	56	5	38	14
"ATGCTCTGGC------TTCCGGCTGG"	"ATGCTCTGGCTTTTTATTCCGGCTGG"	906	624	437	5
"ATGCTCTGGCTTCCGGCTGG"	"ATGCTCTGGC--CCGGCTGG"	427	7	4	1519
"ATGCTCTGGC----TTCCGGCTGG"	"ATGCTCTGGCAATATTCCGGCTGG"	18	4	447	474
"ATGCTCTGGC---TTCCGGCTGG"	"ATGCTCTGGCGTTTTCCGGCTGG"	19	4	23	648
"ATGCTCTGGCTTCCGGCTGG"	"A-------------GGCTGG"	676	3	418	8
"ATGCTCTGGCTTCCGGCTGG"	"A----------TCCGGCTGG"	3	7	380	848
"ATGCTCTGGC----TTCCGGCTGG"	"ATGCTCTGGCAAAGTTCCGGCTGG"	18	3	50	21
"ATGCTCTGGC----TTCCGGCTGG"	"ATGCTCTGGCAAGATTCCGGCTGG"	21	3	42	24
"ATGCTCTGGC---TTCCGGCTGG"	"ATGCTCTGGCAGTTTCCGGCTGG"	7	3	11	784
"ATGCTCTGGC---TTCCGGCTGG"	"ATGCTCTGGCCAATTCCGGCTGG"	747	3	479	14
"ATGCTCTGGC----TTCCGGCTGG"	"ATGCTCTGGCCACATTCCGGCTGG"	5	3	458	1194
"ATGCTCTGGC---TTCCGGCTGG"	"ATGCTCTGGCCGATTCCGGCTGG"	10	5	14	3
"ATGCTCTGGC----TTCCGGCTGG"	"ATGCTCTGGCGAAATTCCGGCTGG"	13	3	30	14
"ATGCTCTGGC---TTCCGGCTGG"	"ATGCTCTGGCGGATTCCGGCTGG"	274	3	452	3558
"ATGCTCTGGC-TTCCGGCTGG"	"ATGCTCTGGCNTTCCGGCTGG"	7	3	4	5
"ATGCTCTGGC-----TTCCGGCTGG"	"ATGCTCTGGCTAAAATTCCGGCTGG"	6	3	433	489
"ATGCTCTGGC----TTCCGGCTGG"	"ATGCTCTGGCTGTGTTCCGGCTGG"	6	1043	847	3
"ATGCTCTGGCTTCCGGCTGG"	"ATGCTC-------------G"	3	10	2	9
"ATGCTCTGGCTTCCGGCTGG"	"ATGCTCT--------GCTGG"	734	2	940	3
"ATGCTCTGGC-------TTCCGGCTGG"	"ATGCTCTGGCAAAAAAATTCCGGCTGG"	2	3	717	3
"ATGCTCTGGC-----TTCCGGCTGG"	"ATGCTCTGGCAAGCGTTCCGGCTGG"	10	2	4	6
"ATGCTCTGGC---TTCCGGCTGG"	"ATGCTCTGGCATGTTCCGGCTGG"	2	2	15	10
"ATGCTCTGGC----TTCCGGCTGG"	"ATGCTCTGGCATTATTCCGGCTGG"	3	3	3	2
"ATGCTCTGGC----TTCCGGCTGG"	"ATGCTCTGGCCAAATTCCGGCTGG"	4	2	3	3
"ATGCTCTGGC------TTCCGGCTGG"	"ATGCTCTGGCCAAGGATTCCGGCTGG"	2	5	4	2
"ATGCTCTGGC----TTCCGGCTGG"	"ATGCTCTGGCCCGATTCCGGCTGG"	615	3	2	316
"ATGCTCTGGC---TTCCGGCTGG"	"ATGCTCTGGCCCTTTCCGGCTGG"	8	7	18	2
"ATGCTCTGGC-----TTCCGGCTGG"	"ATGCTCTGGCGAGCATTCCGGCTGG"	6	2	4	2
"ATGCTCTGGC---TTCCGGCTGG"	"ATGCTCTGGCGATTTCCGGCTGG"	2	2	2	5
"ATGCTCTGGC----TTCCGGCTGG"	"ATGCTCTGGCGGCATTCCGGCTGG"	3	2	442	2
"ATGCTCTGGC----TTCCGGCTGG"	"ATGCTCTGGCTAGATTCCGGCTGG"	4	2	3	2
"ATGCTCTGGC---TTCCGGCTGG"	"ATGCTCTGGCTAGTTCCGGCTGG"	2	7	5	822
"ATGCTCTGGC-----TTCCGGCTGG"	"ATGCTCTGGCTATTATTCCGGCTGG"	2	4	798	3
"ATGCTCTGGC------TTCCGGCTGG"	"ATGCTCTGGCTATTTATTCCGGCTGG"	3	993	2	3
"ATGCTCTGGC----TTCCGGCTGG"	"ATGCTCTGGCTATTTTCCGGCTGG"	603	2	522	6
"ATGCTCTGGC-------TTCCGGCTGG"	"ATGCTCTGGCTCAAGCATTCCGGCTGG"	3	2	463	3
"ATGCTCTGGC-----TTCCGGCTGG"	"ATGCTCTGGCTGTTTTTCCGGCTGG"	4	5	2	4
"ATGCTCTGGCTTCCGGCTGG"	"ATG--------TCCGGCTGG"	529	1	1	3
"ATGCTCTGGCTTCCGGCTGG"	"ATGC----------------"	3	21	1	5
"ATGCTCTGGCTTCCGGCTGG"	"ATGCTCT---TTCCGGCTGG"	373	1	5	2
"ATGCTCTGGCTTCCGGCTGG"	"ATGCTCTG---------TGG"	732	2	1	1
"ATGCTCTGGCTTCCGGCTGG"	"ATGCTCTG--TTCCGGCTGG"	289	1	2	941
"ATGCTCTGGC-----TTCCGGCTGG"	"ATGCTCTGGCAAGGATTCCGGCTGG"	2	1	1	5
"ATGCTCTGGC----TTCCGGCTGG"	"ATGCTCTGGCAGCATTCCGGCTGG"	1212	6	1	3
"ATGCTCTGGC----TTCCGGCTGG"	"ATGCTCTGGCAGGATTCCGGCTGG"	3	1	5	551
"ATGCTCTGGC-----TTCCGGCTGG"	"ATGCTCTGGCAGGCATTCCGGCTGG"	10	2	1	3
"ATGCTCTGGC----TTCCGGCTGG"	"ATGCTCTGGCATAATTCCGGCTGG"	342	1	419	5
"ATGCTCTGGC-----TTCCGGCTGG"	"ATGCTCTGGCATATATTCCGGCTGG"	2	1	456	318
"ATGCTCTGGC----TTCCGGCTGG"	"ATGCTCTGGCATATTTCCGGCTGG"	1	1	432	1
"ATGCTCTGGC----TTCCGGCTGG"	"ATGCTCTGGCATTTTTCCGGCTGG"	4	1	440	5
"ATGCTCTGGC-----TTCCGGCTGG"	"ATGCTCTGGCCAAAATTCCGGCTGG"	2	1	456	3
"ATGCTCTGGC----TTCCGGCTGG"	"ATGCTCTGGCCGGGTTCCGGCTGG"	5	1	531	1
"ATGCTCTGGC---TTCCGGCTGG"	"ATGCTCTGGCGGGTTCCGGCTGG"	2	1	239	506
"ATGCTCTGGC-----TTCCGGCTGG"	"ATGCTCTGGCGTTTTTTCCGGCTGG"	3	3	1	1
"ATGCTCTGGC-----TTCCGGCTGG"	"ATGCTCTGGCTAGCATTCCGGCTGG"	1	2	1	1
"ATGCTCTGGC----TTCCGGCTGG"	"ATGCTCTGGCTATGTTCCGGCTGG"	7	4	8	1
"ATGCTCTGGC----TTCCGGCTGG"	"ATGCTCTGGCTCTATTCCGGCTGG"	4	1	3	5
"ATGCTCTGGC------TTCCGGCTGG"	"ATGCTCTGGCTGTAAATTCCGGCTGG"	700	2	2	1
"ATGCTCTGGC----TTCCGGCTGG"	"ATGCTCTGGCTTAATTCCGGCTGG"	6	1	1	1
"ATGCTCTGGC----TTCCGGCTGG"	"ATGCTCTGGCTTGATTCCGGCTGG"	5	2	1	2
"ATGCTCTGGC------TTCCGGCTGG"	"ATGCTCTGGCTTTTTTTTCCGGCTGG"	361	1	431	1
"ATGCTCTGGCTTCCGGCTGG"	"--------------------"	0	1	0	0
"ATGCTCTGGCTTCCGGCTGG"	"----------------CTGG"	0	13	1	4
"ATGCTCTGGCTTCCGGCTGG"	"-----------TCCGGCTGG"	0	0	0	1
"ATGCTCTGGCTTCCGGCTGG"	"----------TTCCGGCTGG"	0	0	1	27
"ATGCTCTGGCTTCCGGCTGG"	"A---------------CTGG"	2	1	0	1
"ATGCTCTGGCTTCCGGCTGG"	"A--------------GCTGG"	0	0	0	5
"ATGCTCTGGCTTCCGGCTGG"	"A------------CGGCTGG"	0	2	0	1
"ATGCTCTGGCTTCCGGCTGG"	"AT---------------TGG"	1	0	0	0
"ATGCTCTGGCTTCCGGCTGG"	"AT--------TTCCGGCTGG"	2	0	0	0
"ATGCTCTGGCTTCCGGCTGG"	"ATG-----------GGCTGG"	0	2	1	4
"ATGCTCTGGCTTCCGGCTGG"	"ATGC--------CCGGCTGG"	3	0	2	0
"ATGCTCTGGCTTCCGGCTGG"	"ATGCT--------------G"	1	2	0	0
"ATGCTCTGGCTTCCGGCTGG"	"ATGCT----------GCTGG"	0	7	8	6
"ATGCTCTGGCTTCCGGCTGG"	"ATGCT---------GGCTGG"	1	0	0	11
"ATGCTCTGGCTTCCGGCTGG"	"ATGCTC--------------"	0	0	0	1
"ATGCTCTGGCTTCCGGCTGG"	"ATGCTC----------CTGG"	0	2	0	1
"ATGCTCTGGCTTCCGGCTGG"	"ATGCTC------CCGGCTGG"	5	0	7	0
"ATGCTCTGGCTTCCGGCTGG"	"ATGCTC-----TCCGGCTGG"	1	0	1	2
"ATGCTCTGGCTTCCGGCTGG"	"ATGCTC----TTCCGGCTGG"	1	1	0	1
"ATGCTCTGGCTTCCGGCTGG"	"ATGCTCT-------------"	1	0	0	0
"ATGCTCTGGCTTCCGGCTGG"	"ATGCTCT------------G"	0	3	461	3
"ATGCTCTGGCTTCCGGCTGG"	"ATGCTCT------CGGCTGG"	1	0	0	2
"ATGCTCTGGCTTCCGGCTGG"	"ATGCTCTG----------GG"	9	0	6	1464
"ATGCTCTGGCTTCCGGCTGG"	"ATGCTCTG------GGCTGG"	0	0	0	4
"ATGCTCTGGCTTCCGGCTGG"	"ATGCTCTG-----CGGCTGG"	0	0	0	3
"ATGCTCTGGCTTCCGGCTGG"	"ATGCTCTG----CCGGCTGG"	1	0	0	7
"ATGCTCTGGCTTCCGGCTGG"	"ATGCTCTG---TCCGGCTGG"	2	0	0	3
"ATGCTCTGGCTTCCGGCTGG"	"ATGCTCTGG---------GG"	3	0	0	0
"ATGCTCTGGCTTCCGGCTGG"	"ATGCTCTGG--------TGG"	0	0	0	1
"ATGCTCTGGCTTCCGGCTGG"	"ATGCTCTGG-----GGCTGG"	0	1	1	7
"ATGCTCTGGCTTCCGGCTGG"	"ATGCTCTGG--TCCGGCTGG"	5	1	0	10
"ATGCTCTGGCTTCCGGCTGG"	"ATGCTCTGGC----------"	0	0	0	2
"ATGCTCTGGCTTCCGGCTGG"	"ATGCTCTGGC-----GCTGG"	0	48	0	0
"ATGCTCTGGC----------TTCCGGCTGG"	"ATGCTCTGGCAAAAAAAAAATTCCGGCTGG"	0	0	1	0
"ATGCTCTGGC---------TTCCGGCTGG"	"ATGCTCTGGCAAAAAAAAATTCCGGCTGG"	0	0	323	0
"ATGCTCTGGC--------TTCCGGCTGG"	"ATGCTCTGGCAAAAAAAATTCCGGCTGG"	1	0	385	1
"ATGCTCTGGC---------TTCCGGCTGG"	"ATGCTCTGGCAAAAACAAATTCCGGCTGG"	0	0	2	0
"ATGCTCTGGC--------TTCCGGCTGG"	"ATGCTCTGGCAAAAACAATTCCGGCTGG"	0	0	1	0
"ATGCTCTGGC-------TTCCGGCTGG"	"ATGCTCTGGCAAAAACATTCCGGCTGG"	0	0	4	0
"ATGCTCTGGC---------TTCCGGCTGG"	"ATGCTCTGGCAAAAAGAAATTCCGGCTGG"	0	0	1	0
"ATGCTCTGGC--------TTCCGGCTGG"	"ATGCTCTGGCAAAAAGAATTCCGGCTGG"	0	0	1	0
"ATGCTCTGGC-------TTCCGGCTGG"	"ATGCTCTGGCAAAAAGATTCCGGCTGG"	0	0	2	0
"ATGCTCTGGC------TTCCGGCTGG"	"ATGCTCTGGCAAAAAGTTCCGGCTGG"	0	2	10	2
"ATGCTCTGGC-------TTCCGGCTGG"	"ATGCTCTGGCAAAAATATTCCGGCTGG"	0	0	1	0
"ATGCTCTGGC---------TTCCGGCTGG"	"ATGCTCTGGCAAAACAAAATTCCGGCTGG"	0	0	1	0
"ATGCTCTGGC--------TTCCGGCTGG"	"ATGCTCTGGCAAAACAAATTCCGGCTGG"	0	0	2	0
"ATGCTCTGGC-------TTCCGGCTGG"	"ATGCTCTGGCAAAACAATTCCGGCTGG"	0	0	2	0
"ATGCTCTGGC------TTCCGGCTGG"	"ATGCTCTGGCAAAACATTCCGGCTGG"	0	0	2	0
"ATGCTCTGGC---------TTCCGGCTGG"	"ATGCTCTGGCAAAAGAAAATTCCGGCTGG"	0	0	4	0
"ATGCTCTGGC-------TTCCGGCTGG"	"ATGCTCTGGCAAAAGAATTCCGGCTGG"	0	0	2	0
"ATGCTCTGGC------TTCCGGCTGG"	"ATGCTCTGGCAAAAGATTCCGGCTGG"	0	4	12	1
"ATGCTCTGGC-------TTCCGGCTGG"	"ATGCTCTGGCAAAAGCATTCCGGCTGG"	0	0	179	0
"ATGCTCTGGC-----TTCCGGCTGG"	"ATGCTCTGGCAAAAGTTCCGGCTGG"	15	0	42	29
"ATGCTCTGGC------TTCCGGCTGG"	"ATGCTCTGGCAAAATATTCCGGCTGG"	0	0	4	0
"ATGCTCTGGC-----TTCCGGCTGG"	"ATGCTCTGGCAAAATTTCCGGCTGG"	0	0	6	1
"ATGCTCTGGC---------TTCCGGCTGG"	"ATGCTCTGGCAAACAAAAATTCCGGCTGG"	0	0	1	0
"ATGCTCTGGC-------TTCCGGCTGG"	"ATGCTCTGGCAAACAAATTCCGGCTGG"	0	0	1	0
"ATGCTCTGGC------TTCCGGCTGG"	"ATGCTCTGGCAAACAATTCCGGCTGG"	0	0	4	1
"ATGCTCTGGC---------------TTCCGGCTGG"	"ATGCTCTGGCAAACATACCCAAGCATTCCGGCTGG"	0	0	0	1
"ATGCTCTGGC-----TTCCGGCTGG"	"ATGCTCTGGCAAACATTCCGGCTGG"	3	0	4	10
"ATGCTCTGGC---------TTCCGGCTGG"	"ATGCTCTGGCAAAGAAAAATTCCGGCTGG"	0	0	2	0
"ATGCTCTGGC--------TTCCGGCTGG"	"ATGCTCTGGCAAAGAAAATTCCGGCTGG"	0	0	1	0
"ATGCTCTGGC------TTCCGGCTGG"	"ATGCTCTGGCAAAGAATTCCGGCTGG"	0	5	12	0
"ATGCTCTGGC-----TTCCGGCTGG"	"ATGCTCTGGCAAAGATTCCGGCTGG"	7	0	13	13
"ATGCTCTGGC------TTCCGGCTGG"	"ATGCTCTGGCAAAGCATTCCGGCTGG"	1	1	2	0
"ATGCTCTGGC-----TTCCGGCTGG"	"ATGCTCTGGCAAAGGTTCCGGCTGG"	1	0	1	0
"ATGCTCTGGC--------TTCCGGCTGG"	"ATGCTCTGGCAAATAAAATTCCGGCTGG"	0	0	1	0
"ATGCTCTGGC-------TTCCGGCTGG"	"ATGCTCTGGCAAATAAATTCCGGCTGG"	0	0	1	0
"ATGCTCTGGC------TTCCGGCTGG"	"ATGCTCTGGCAAATAATTCCGGCTGG"	3	0	382	1
"ATGCTCTGGC------TTCCGGCTGG"	"ATGCTCTGGCAAATAGTTCCGGCTGG"	0	0	2	0
"ATGCTCTGGC-----TTCCGGCTGG"	"ATGCTCTGGCAAATATTCCGGCTGG"	4	0	9	6
"ATGCTCTGGC------TTCCGGCTGG"	"ATGCTCTGGCAAATATTTCCGGCTGG"	0	0	1	0
"ATGCTCTGGC------TTCCGGCTGG"	"ATGCTCTGGCAAATCATTCCGGCTGG"	0	0	1	0
"ATGCTCTGGC------TTCCGGCTGG"	"ATGCTCTGGCAAATGATTCCGGCTGG"	0	0	3	0
"ATGCTCTGGC-------TTCCGGCTGG"	"ATGCTCTGGCAAATGCATTCCGGCTGG"	0	0	1	0
"ATGCTCTGGC-----TTCCGGCTGG"	"ATGCTCTGGCAAATGTTCCGGCTGG"	0	0	0	4
"ATGCTCTGGC----TTCCGGCTGG"	"ATGCTCTGGCAAATTTCCGGCTGG"	5	0	38	10
"ATGCTCTGGC-----TTCCGGCTGG"	"ATGCTCTGGCAAATTTTCCGGCTGG"	1	1	0	477
"ATGCTCTGGC---------TTCCGGCTGG"	"ATGCTCTGGCAACAAAAAATTCCGGCTGG"	0	0	1	0
"ATGCTCTGGC--------TTCCGGCTGG"	"ATGCTCTGGCAACAAAAATTCCGGCTGG"	0	0	1	0
"ATGCTCTGGC-------TTCCGGCTGG"	"ATGCTCTGGCAACAAAATTCCGGCTGG"	0	0	2	0
"ATGCTCTGGC------TTCCGGCTGG"	"ATGCTCTGGCAACAAATTCCGGCTGG"	1	0	3	0
"ATGCTCTGGC--------TTCCGGCTGG"	"ATGCTCTGGCAACAAGCATTCCGGCTGG"	0	0	224	2
"ATGCTCTGGC-----TTCCGGCTGG"	"ATGCTCTGGCAACAATTCCGGCTGG"	4	0	17	18
"ATGCTCTGGC--------TTCCGGCTGG"	"ATGCTCTGGCAACACGCATTCCGGCTGG"	0	0	1	0
"ATGCTCTGGC------TTCCGGCTGG"	"ATGCTCTGGCAACAGATTCCGGCTGG"	0	0	1	0
"ATGCTCTGGC--------TTCCGGCTGG"	"ATGCTCTGGCAACAGGCATTCCGGCTGG"	0	0	1	0
"ATGCTCTGGC-----TTCCGGCTGG"	"ATGCTCTGGCAACAGTTCCGGCTGG"	0	0	1	0
"ATGCTCTGGC-----TTCCGGCTGG"	"ATGCTCTGGCAACCATTCCGGCTGG"	2	1	1	0
"ATGCTCTGGC--------TTCCGGCTGG"	"ATGCTCTGGCAACGAGCATTCCGGCTGG"	0	0	2	0
"ATGCTCTGGC----TTCCGGCTGG"	"ATGCTCTGGCAACGTTCCGGCTGG"	0	2	0	0
"ATGCTCTGGC------TTCCGGCTGG"	"ATGCTCTGGCAACTAATTCCGGCTGG"	0	1	1	0
"ATGCTCTGGC----TTCCGGCTGG"	"ATGCTCTGGCAACTTTCCGGCTGG"	0	0	1	0
"ATGCTCTGGC-----TTCCGGCTGG"	"ATGCTCTGGCAACTTTTCCGGCTGG"	0	0	0	1
"ATGCTCTGGC-------TTCCGGCTGG"	"ATGCTCTGGCAAGAAAATTCCGGCTGG"	0	0	1	0
"ATGCTCTGGC------TTCCGGCTGG"	"ATGCTCTGGCAAGAAATTCCGGCTGG"	0	0	5	1
"ATGCTCTGGC-----TTCCGGCTGG"	"ATGCTCTGGCAAGAATTCCGGCTGG"	6	0	13	12
"ATGCTCTGGC-------TTCCGGCTGG"	"ATGCTCTGGCAAGAGCATTCCGGCTGG"	0	0	1	0
"ATGCTCTGGC------TTCCGGCTGG"	"ATGCTCTGGCAAGATATTCCGGCTGG"	0	0	1	0
"ATGCTCTGGC------TTCCGGCTGG"	"ATGCTCTGGCAAGCAATTCCGGCTGG"	1	0	0	1
"ATGCTCTGGC-----TTCCGGCTGG"	"ATGCTCTGGCAAGCTTTCCGGCTGG"	2	0	0	1
"ATGCTCTGGC-----TTCCGGCTGG"	"ATGCTCTGGCAAGGGTTCCGGCTGG"	0	1	0	0
"ATGCTCTGGC----TTCCGGCTGG"	"ATGCTCTGGCAAGGTTCCGGCTGG"	1	0	3	0
"ATGCTCTGGC------TTCCGGCTGG"	"ATGCTCTGGCAAGTAATTCCGGCTGG"	0	0	2	0
"ATGCTCTGGC-----TTCCGGCTGG"	"ATGCTCTGGCAAGTATTCCGGCTGG"	1	0	1	3
"ATGCTCTGGC----TTCCGGCTGG"	"ATGCTCTGGCAAGTTTCCGGCTGG"	0	0	3	0
"ATGCTCTGGC-----TTCCGGCTGG"	"ATGCTCTGGCAAGTTTTCCGGCTGG"	0	0	0	2
"ATGCTCTGGC--------TTCCGGCTGG"	"ATGCTCTGGCAATAAAAATTCCGGCTGG"	0	1	0	0
"ATGCTCTGGC-------TTCCGGCTGG"	"ATGCTCTGGCAATAAAATTCCGGCTGG"	0	0	3	0
"ATGCTCTGGC------TTCCGGCTGG"	"ATGCTCTGGCAATAAATTCCGGCTGG"	0	1	3	0
"ATGCTCTGGC-----TTCCGGCTGG"	"ATGCTCTGGCAATAATTCCGGCTGG"	6	0	12	7
"ATGCTCTGGC-------TTCCGGCTGG"	"ATGCTCTGGCAATAGCATTCCGGCTGG"	0	0	1	0
"ATGCTCTGGC-----TTCCGGCTGG"	"ATGCTCTGGCAATAGTTCCGGCTGG"	1	0	0	0
"ATGCTCTGGC-----TTCCGGCTGG"	"ATGCTCTGGCAATATTTCCGGCTGG"	0	0	0	1
"ATGCTCTGGC-----TTCCGGCTGG"	"ATGCTCTGGCAATCATTCCGGCTGG"	3	0	1	4
"ATGCTCTGGC-----TTCCGGCTGG"	"ATGCTCTGGCAATGATTCCGGCTGG"	0	0	0	1
"ATGCTCTGGC----TTCCGGCTGG"	"ATGCTCTGGCAATGTTCCGGCTGG"	0	0	6	2
"ATGCTCTGGC------TTCCGGCTGG"	"ATGCTCTGGCAATTAATTCCGGCTGG"	0	0	1	0
"ATGCTCTGGC-----TTCCGGCTGG"	"ATGCTCTGGCAATTATTCCGGCTGG"	1	0	0	0
"ATGCTCTGGC----TTCCGGCTGG"	"ATGCTCTGGCAATTTTCCGGCTGG"	3	0	803	5
"ATGCTCTGGC-----TTCCGGCTGG"	"ATGCTCTGGCAATTTTTCCGGCTGG"	0	0	0	2
"ATGCTCTGGC-------TTCCGGCTGG"	"ATGCTCTGGCACAAAAATTCCGGCTGG"	0	0	2	0
"ATGCTCTGGC------TTCCGGCTGG"	"ATGCTCTGGCACAAAATTCCGGCTGG"	0	1	0	0
"ATGCTCTGGC-----TTCCGGCTGG"	"ATGCTCTGGCACAAATTCCGGCTGG"	2	0	6	9
"ATGCTCTGGC-------TTCCGGCTGG"	"ATGCTCTGGCACAACCATTCCGGCTGG"	0	0	1	0
"ATGCTCTGGC------TTCCGGCTGG"	"ATGCTCTGGCACAAGATTCCGGCTGG"	0	0	0	1
"ATGCTCTGGC-------TTCCGGCTGG"	"ATGCTCTGGCACAAGCATTCCGGCTGG"	1	0	474	2
"ATGCTCTGGC-------TTCCGGCTGG"	"ATGCTCTGGCACAAGGATTCCGGCTGG"	0	0	2	0
"ATGCTCTGGC-----TTCCGGCTGG"	"ATGCTCTGGCACAAGTTCCGGCTGG"	0	0	1	0
"ATGCTCTGGC----TTCCGGCTGG"	"ATGCTCTGGCACAATTCCGGCTGG"	12	0	514	18
"ATGCTCTGGC-----TTCCGGCTGG"	"ATGCTCTGGCACAGATTCCGGCTGG"	0	0	1	0
"ATGCTCTGGC------TTCCGGCTGG"	"ATGCTCTGGCACAGCATTCCGGCTGG"	0	0	223	0
"ATGCTCTGGC------TTCCGGCTGG"	"ATGCTCTGGCACAGGATTCCGGCTGG"	0	0	1	0
"ATGCTCTGGC-------TTCCGGCTGG"	"ATGCTCTGGCACAGGCATTCCGGCTGG"	0	0	1	0
"ATGCTCTGGC----TTCCGGCTGG"	"ATGCTCTGGCACAGTTCCGGCTGG"	0	0	5	0
"ATGCTCTGGC-----TTCCGGCTGG"	"ATGCTCTGGCACATATTCCGGCTGG"	0	0	0	1
"ATGCTCTGGC-----TTCCGGCTGG"	"ATGCTCTGGCACATTTTCCGGCTGG"	0	0	0	1
"ATGCTCTGGC-------TTCCGGCTGG"	"ATGCTCTGGCACCAGCATTCCGGCTGG"	0	0	1	0
"ATGCTCTGGC----TTCCGGCTGG"	"ATGCTCTGGCACCATTCCGGCTGG"	0	0	4	1
"ATGCTCTGGC---------TTCCGGCTGG"	"ATGCTCTGGCACCCAAGCATTCCGGCTGG"	0	0	13	0
"ATGCTCTGGC---------TTCCGGCTGG"	"ATGCTCTGGCACCCAGGCATTCCGGCTGG"	0	0	1	0
"ATGCTCTGGC---------TTCCGGCTGG"	"ATGCTCTGGCACCCCAGCATTCCGGCTGG"	0	0	1	0
"ATGCTCTGGC---------TTCCGGCTGG"	"ATGCTCTGGCACCTAAGCATTCCGGCTGG"	0	0	1	0
"ATGCTCTGGC-------TTCCGGCTGG"	"ATGCTCTGGCACGAGCATTCCGGCTGG"	0	0	1	0
"ATGCTCTGGC----TTCCGGCTGG"	"ATGCTCTGGCACGATTCCGGCTGG"	0	0	2	0
"ATGCTCTGGC---------TTCCGGCTGG"	"ATGCTCTGGCACGCAAGCATTCCGGCTGG"	0	0	1	1
"ATGCTCTGGC-----TTCCGGCTGG"	"ATGCTCTGGCACGCATTCCGGCTGG"	0	2	0	4
"ATGCTCTGGC------TTCCGGCTGG"	"ATGCTCTGGCACGGCATTCCGGCTGG"	0	0	1	0
"ATGCTCTGGC---TTCCGGCTGG"	"ATGCTCTGGCACGTTCCGGCTGG"	9	0	5	6
"ATGCTCTGGC------TTCCGGCTGG"	"ATGCTCTGGCACTATATTCCGGCTGG"	0	0	1	0
"ATGCTCTGGC---------TTCCGGCTGG"	"ATGCTCTGGCACTCAAGCATTCCGGCTGG"	0	0	1	0
"ATGCTCTGGC--TTCCGGCTGG"	"ATGCTCTGGCACTTCCGGCTGG"	0	0	1	0
"ATGCTCTGGC---TTCCGGCTGG"	"ATGCTCTGGCACTTTCCGGCTGG"	5	0	2	2
"ATGCTCTGGC----TTCCGGCTGG"	"ATGCTCTGGCACTTTTCCGGCTGG"	1	0	7	0
"ATGCTCTGGC---------TTCCGGCTGG"	"ATGCTCTGGCAGAAAAAAATTCCGGCTGG"	0	0	1	0
"ATGCTCTGGC--------TTCCGGCTGG"	"ATGCTCTGGCAGAAAAAATTCCGGCTGG"	0	0	2	0
"ATGCTCTGGC-------TTCCGGCTGG"	"ATGCTCTGGCAGAAAAATTCCGGCTGG"	0	0	2	0
"ATGCTCTGGC------TTCCGGCTGG"	"ATGCTCTGGCAGAAAATTCCGGCTGG"	0	0	5	2
"ATGCTCTGGC--------TTCCGGCTGG"	"ATGCTCTGGCAGAAAGAATTCCGGCTGG"	0	0	1	0
"ATGCTCTGGC-----TTCCGGCTGG"	"ATGCTCTGGCAGAAATTCCGGCTGG"	7	0	19	13
"ATGCTCTGGC------TTCCGGCTGG"	"ATGCTCTGGCAGAACATTCCGGCTGG"	0	0	1	0
"ATGCTCTGGC------TTCCGGCTGG"	"ATGCTCTGGCAGAAGATTCCGGCTGG"	0	0	1	0
"ATGCTCTGGC-------TTCCGGCTGG"	"ATGCTCTGGCAGAAGCATTCCGGCTGG"	0	0	3	0
"ATGCTCTGGC-------TTCCGGCTGG"	"ATGCTCTGGCAGAAGTATTCCGGCTGG"	0	0	1	0
"ATGCTCTGGC-----TTCCGGCTGG"	"ATGCTCTGGCAGAAGTTCCGGCTGG"	1	0	1	0
"ATGCTCTGGC---------------TTCCGGCTGG"	"ATGCTCTGGCAGACATACCCAAGCATTCCGGCTGG"	0	0	0	1
"ATGCTCTGGC-----TTCCGGCTGG"	"ATGCTCTGGCAGACATTCCGGCTGG"	0	0	0	1
"ATGCTCTGGC----TTCCGGCTGG"	"ATGCTCTGGCAGAGTTCCGGCTGG"	0	0	1	0
"ATGCTCTGGC-----TTCCGGCTGG"	"ATGCTCTGGCAGATATTCCGGCTGG"	0	0	5	2
"ATGCTCTGGC----TTCCGGCTGG"	"ATGCTCTGGCAGATTTCCGGCTGG"	1	0	3	0
"ATGCTCTGGC-----TTCCGGCTGG"	"ATGCTCTGGCAGATTTTCCGGCTGG"	0	0	0	1
"ATGCTCTGGC---------TTCCGGCTGG"	"ATGCTCTGGCAGCCAAGCATTCCGGCTGG"	0	0	2	0
"ATGCTCTGGC----TTCCGGCTGG"	"ATGCTCTGGCAGCGTTCCGGCTGG"	1	0	0	0
"ATGCTCTGGC----TTCCGGCTGG"	"ATGCTCTGGCAGCTTTCCGGCTGG"	1	0	0	0
"ATGCTCTGGC----TTCCGGCTGG"	"ATGCTCTGGCAGGGTTCCGGCTGG"	0	0	0	1
"ATGCTCTGGC---TTCCGGCTGG"	"ATGCTCTGGCAGGTTCCGGCTGG"	3	0	1	5
"ATGCTCTGGC--------TTCCGGCTGG"	"ATGCTCTGGCAGTAAAAATTCCGGCTGG"	4	0	0	0
"ATGCTCTGGC--------TTCCGGCTGG"	"ATGCTCTGGCAGTAAGAATTCCGGCTGG"	1	0	0	0
"ATGCTCTGGC-----TTCCGGCTGG"	"ATGCTCTGGCAGTAGTTCCGGCTGG"	0	0	1	0
"ATGCTCTGGC------TTCCGGCTGG"	"ATGCTCTGGCAGTATATTCCGGCTGG"	0	0	3	0
"ATGCTCTGGC----TTCCGGCTGG"	"ATGCTCTGGCAGTATTCCGGCTGG"	3	0	2	4
"ATGCTCTGGC-----TTCCGGCTGG"	"ATGCTCTGGCAGTGATTCCGGCTGG"	0	0	1	0
"ATGCTCTGGC----TTCCGGCTGG"	"ATGCTCTGGCAGTGTTCCGGCTGG"	0	0	2	0
"ATGCTCTGGC----TTCCGGCTGG"	"ATGCTCTGGCAGTTTTCCGGCTGG"	0	0	11	0
"ATGCTCTGGC-----TTCCGGCTGG"	"ATGCTCTGGCAGTTTTTCCGGCTGG"	0	0	1	0
"ATGCTCTGGC-------TTCCGGCTGG"	"ATGCTCTGGCATAAAAATTCCGGCTGG"	0	0	1	0
"ATGCTCTGGC------TTCCGGCTGG"	"ATGCTCTGGCATAAAATTCCGGCTGG"	0	1	1	0
"ATGCTCTGGC-----TTCCGGCTGG"	"ATGCTCTGGCATAAATTCCGGCTGG"	1	0	0	0
"ATGCTCTGGC-----------------TTCCGGCTGG"	"ATGCTCTGGCATAACATACCCAAGCAATTCCGGCTGG"	0	0	1	0
"ATGCTCTGGC------TTCCGGCTGG"	"ATGCTCTGGCATAAGATTCCGGCTGG"	0	0	1	0
"ATGCTCTGGC-----TTCCGGCTGG"	"ATGCTCTGGCATACATTCCGGCTGG"	0	0	0	2
"ATGCTCTGGC------------TTCCGGCTGG"	"ATGCTCTGGCATACCCAAGCAATTCCGGCTGG"	0	0	1	0
"ATGCTCTGGC-----------TTCCGGCTGG"	"ATGCTCTGGCATACCCAAGCATTCCGGCTGG"	0	0	95	0
"ATGCTCTGGC-----------TTCCGGCTGG"	"ATGCTCTGGCATACCCAAGGATTCCGGCTGG"	0	0	2	0
"ATGCTCTGGC-----------TTCCGGCTGG"	"ATGCTCTGGCATACGCAAGCATTCCGGCTGG"	0	0	1	0
"ATGCTCTGGC-----TTCCGGCTGG"	"ATGCTCTGGCATAGATTCCGGCTGG"	0	0	1	0
"ATGCTCTGGC----TTCCGGCTGG"	"ATGCTCTGGCATAGTTCCGGCTGG"	3	0	3	0
"ATGCTCTGGC-----TTCCGGCTGG"	"ATGCTCTGGCATATGTTCCGGCTGG"	0	0	1	2
"ATGCTCTGGC-------TTCCGGCTGG"	"ATGCTCTGGCATATTTTTTCCGGCTGG"	0	0	1	0
"ATGCTCTGGC--------TTCCGGCTGG"	"ATGCTCTGGCATCAAAAATTCCGGCTGG"	1	0	0	0
"ATGCTCTGGC------TTCCGGCTGG"	"ATGCTCTGGCATCATATTCCGGCTGG"	0	0	1	0
"ATGCTCTGGC----TTCCGGCTGG"	"ATGCTCTGGCATCATTCCGGCTGG"	0	0	2	0
"ATGCTCTGGC-----------TTCCGGCTGG"	"ATGCTCTGGCATCCCCAAGCATTCCGGCTGG"	0	0	1	0
"ATGCTCTGGC--------TTCCGGCTGG"	"ATGCTCTGGCATGAAAAATTCCGGCTGG"	1	0	0	0
"ATGCTCTGGC------TTCCGGCTGG"	"ATGCTCTGGCATGATATTCCGGCTGG"	0	0	1	0
"ATGCTCTGGC----TTCCGGCTGG"	"ATGCTCTGGCATGATTCCGGCTGG"	2	0	2	3
"ATGCTCTGGC-----TTCCGGCTGG"	"ATGCTCTGGCATGCATTCCGGCTGG"	0	0	0	1
"ATGCTCTGGC-----TTCCGGCTGG"	"ATGCTCTGGCATGCGTTCCGGCTGG"	1	0	0	0
"ATGCTCTGGC-----TTCCGGCTGG"	"ATGCTCTGGCATGTATTCCGGCTGG"	0	0	0	1
"ATGCTCTGGC----------------------TTCCGGCTGG"	"ATGCTCTGGCATGTTGGAAATAATACCATTCATTCCGGCTGG"	2	0	0	0
"ATGCTCTGGC----TTCCGGCTGG"	"ATGCTCTGGCATGTTTCCGGCTGG"	0	0	1	0
"ATGCTCTGGC-----TTCCGGCTGG"	"ATGCTCTGGCATGTTTTCCGGCTGG"	0	0	1	0
"ATGCTCTGGC--------TTCCGGCTGG"	"ATGCTCTGGCATTAAAAATTCCGGCTGG"	472	0	1	0
"ATGCTCTGGC--------TTCCGGCTGG"	"ATGCTCTGGCATTAAAGATTCCGGCTGG"	1	0	0	0
"ATGCTCTGGC--------TTCCGGCTGG"	"ATGCTCTGGCATTAACAATTCCGGCTGG"	1	0	0	0
"ATGCTCTGGC--------TTCCGGCTGG"	"ATGCTCTGGCATTAAGAATTCCGGCTGG"	1	0	0	0
"ATGCTCTGGC-----TTCCGGCTGG"	"ATGCTCTGGCATTAATTCCGGCTGG"	1	0	0	0
"ATGCTCTGGC--------TTCCGGCTGG"	"ATGCTCTGGCATTACAAATTCCGGCTGG"	1	0	0	0
"ATGCTCTGGC------TTCCGGCTGG"	"ATGCTCTGGCATTACATTCCGGCTGG"	0	0	1	0
"ATGCTCTGGC--------TTCCGGCTGG"	"ATGCTCTGGCATTAGAAATTCCGGCTGG"	4	0	0	0
"ATGCTCTGGC------TTCCGGCTGG"	"ATGCTCTGGCATTAGATTCCGGCTGG"	0	0	7	0
"ATGCTCTGGC------TTCCGGCTGG"	"ATGCTCTGGCATTATATTCCGGCTGG"	0	0	498	2
"ATGCTCTGGC------TTCCGGCTGG"	"ATGCTCTGGCATTATGTTCCGGCTGG"	0	0	2	0
"ATGCTCTGGC------TTCCGGCTGG"	"ATGCTCTGGCATTCTATTCCGGCTGG"	0	0	1	0
"ATGCTCTGGC--------TTCCGGCTGG"	"ATGCTCTGGCATTGAAAATTCCGGCTGG"	2	0	0	0
"ATGCTCTGGC-----TTCCGGCTGG"	"ATGCTCTGGCATTGATTCCGGCTGG"	0	0	1	0
"ATGCTCTGGC------TTCCGGCTGG"	"ATGCTCTGGCATTGTATTCCGGCTGG"	0	0	3	0
"ATGCTCTGGC-----TTCCGGCTGG"	"ATGCTCTGGCATTTATTCCGGCTGG"	3	0	1	2
"ATGCTCTGGC-----TTCCGGCTGG"	"ATGCTCTGGCATTTGTTCCGGCTGG"	0	0	2	0
"ATGCTCTGGC------TTCCGGCTGG"	"ATGCTCTGGCATTTTATTCCGGCTGG"	1	0	2	0
"ATGCTCTGGC-----TTCCGGCTGG"	"ATGCTCTGGCATTTTTTCCGGCTGG"	2	0	228	0
"ATGCTCTGGC---------TTCCGGCTGG"	"ATGCTCTGGCCAAAAAAAATTCCGGCTGG"	0	0	1	0
"ATGCTCTGGC-------TTCCGGCTGG"	"ATGCTCTGGCCAAAAAATTCCGGCTGG"	0	0	1	0
"ATGCTCTGGC------TTCCGGCTGG"	"ATGCTCTGGCCAAAAATTCCGGCTGG"	0	0	2	0
"ATGCTCTGGC------TTCCGGCTGG"	"ATGCTCTGGCCAAACATTCCGGCTGG"	1	1	1	0
"ATGCTCTGGC-----TTCCGGCTGG"	"ATGCTCTGGCCAAAGTTCCGGCTGG"	0	0	2	0
"ATGCTCTGGC---------TTCCGGCTGG"	"ATGCTCTGGCCAACAAAAATTCCGGCTGG"	0	0	1	0
"ATGCTCTGGC-----TTCCGGCTGG"	"ATGCTCTGGCCAACATTCCGGCTGG"	0	0	3	0
"ATGCTCTGGC------TTCCGGCTGG"	"ATGCTCTGGCCAACCATTCCGGCTGG"	0	2	0	0
"ATGCTCTGGC-------TTCCGGCTGG"	"ATGCTCTGGCCAACGCATTCCGGCTGG"	0	0	1	0
"ATGCTCTGGC------TTCCGGCTGG"	"ATGCTCTGGCCAAGAATTCCGGCTGG"	0	0	2	0
"ATGCTCTGGC-----TTCCGGCTGG"	"ATGCTCTGGCCAAGATTCCGGCTGG"	0	0	1	0
"ATGCTCTGGC--------TTCCGGCTGG"	"ATGCTCTGGCCAAGCAAATTCCGGCTGG"	0	1	0	0
"ATGCTCTGGC-------TTCCGGCTGG"	"ATGCTCTGGCCAAGCAATTCCGGCTGG"	1	2	7	0
"ATGCTCTGGC------TTCCGGCTGG"	"ATGCTCTGGCCAAGCGTTCCGGCTGG"	0	2	6	3
"ATGCTCTGGC------TTCCGGCTGG"	"ATGCTCTGGCCAAGTATTCCGGCTGG"	0	0	6	3
"ATGCTCTGGC------TTCCGGCTGG"	"ATGCTCTGGCCAATAATTCCGGCTGG"	0	0	1	0
"ATGCTCTGGC------TTCCGGCTGG"	"ATGCTCTGGCCAATCATTCCGGCTGG"	1	1	2	0
"ATGCTCTGGC------TTCCGGCTGG"	"ATGCTCTGGCCAATCGTTCCGGCTGG"	0	0	1	0
"ATGCTCTGGC------TTCCGGCTGG"	"ATGCTCTGGCCAATGATTCCGGCTGG"	0	0	0	1
"ATGCTCTGGC-----TTCCGGCTGG"	"ATGCTCTGGCCAATTTTCCGGCTGG"	0	0	0	1
"ATGCTCTGGC-----TTCCGGCTGG"	"ATGCTCTGGCCACAATTCCGGCTGG"	0	0	1	0
"ATGCTCTGGC------TTCCGGCTGG"	"ATGCTCTGGCCACGCATTCCGGCTGG"	0	5	2	1
"ATGCTCTGGC----TTCCGGCTGG"	"ATGCTCTGGCCACGTTCCGGCTGG"	0	0	2	2
"ATGCTCTGGC----TTCCGGCTGG"	"ATGCTCTGGCCACTTTCCGGCTGG"	0	0	0	2
"ATGCTCTGGC-----TTCCGGCTGG"	"ATGCTCTGGCCAGCATTCCGGCTGG"	0	0	4	2
"ATGCTCTGGC------TTCCGGCTGG"	"ATGCTCTGGCCAGGCATTCCGGCTGG"	0	0	12	0
"ATGCTCTGGC----TTCCGGCTGG"	"ATGCTCTGGCCAGGTTCCGGCTGG"	0	0	1	0
"ATGCTCTGGC---TTCCGGCTGG"	"ATGCTCTGGCCAGTTCCGGCTGG"	2	0	1	0
"ATGCTCTGGC-----TTCCGGCTGG"	"ATGCTCTGGCCATAATTCCGGCTGG"	0	0	1	0
"ATGCTCTGGC----------------TTCCGGCTGG"	"ATGCTCTGGCCATACCCAAGCACACATTCCGGCTGG"	0	0	1	0
"ATGCTCTGGC------------TTCCGGCTGG"	"ATGCTCTGGCCATACCCAAGCATTCCGGCTGG"	1	0	0	1
"ATGCTCTGGC----TTCCGGCTGG"	"ATGCTCTGGCCATATTCCGGCTGG"	0	0	3	3
"ATGCTCTGGC------TTCCGGCTGG"	"ATGCTCTGGCCATGCATTCCGGCTGG"	2	0	7	2
"ATGCTCTGGC------TTCCGGCTGG"	"ATGCTCTGGCCATGCGTTCCGGCTGG"	1	0	0	0
"ATGCTCTGGC------TTCCGGCTGG"	"ATGCTCTGGCCATGTATTCCGGCTGG"	0	0	1	0
"ATGCTCTGGC---TTCCGGCTGG"	"ATGCTCTGGCCATTTCCGGCTGG"	3	0	1	0
"ATGCTCTGGC----TTCCGGCTGG"	"ATGCTCTGGCCATTTTCCGGCTGG"	1	0	0	0
"ATGCTCTGGC-----TTCCGGCTGG"	"ATGCTCTGGCCCAAATTCCGGCTGG"	1	0	1	0
"ATGCTCTGGC-------TTCCGGCTGG"	"ATGCTCTGGCCCAAGAATTCCGGCTGG"	0	0	1	0
"ATGCTCTGGC--------TTCCGGCTGG"	"ATGCTCTGGCCCAAGCAATTCCGGCTGG"	1	0	1	0
"ATGCTCTGGC--------TTCCGGCTGG"	"ATGCTCTGGCCCAAGCAGTTCCGGCTGG"	1	0	0	0
"ATGCTCTGGC---------TTCCGGCTGG"	"ATGCTCTGGCCCAAGCATATTCCGGCTGG"	1	0	0	0
"ATGCTCTGGC-------TTCCGGCTGG"	"ATGCTCTGGCCCAAGCATTCCGGCTGG"	407	0	483	6
"ATGCTCTGGC--------TTCCGGCTGG"	"ATGCTCTGGCCCAAGCATTTCCGGCTGG"	1	0	0	0
"ATGCTCTGGC-------TTCCGGCTGG"	"ATGCTCTGGCCCAAGGATTCCGGCTGG"	1	0	0	0
"ATGCTCTGGC----TTCCGGCTGG"	"ATGCTCTGGCCCAATTCCGGCTGG"	0	0	2	1
"ATGCTCTGGC------TTCCGGCTGG"	"ATGCTCTGGCCCACCATTCCGGCTGG"	0	1	0	0
"ATGCTCTGGC------TTCCGGCTGG"	"ATGCTCTGGCCCAGCATTCCGGCTGG"	1	0	6	0
"ATGCTCTGGC-------TTCCGGCTGG"	"ATGCTCTGGCCCAGGCATTCCGGCTGG"	1	0	0	0
"ATGCTCTGGC----TTCCGGCTGG"	"ATGCTCTGGCCCATTTCCGGCTGG"	0	1	0	0
"ATGCTCTGGC----TTCCGGCTGG"	"ATGCTCTGGCCCCCTTCCGGCTGG"	1	0	419	2
"ATGCTCTGGC----TTCCGGCTGG"	"ATGCTCTGGCCCCGTTCCGGCTGG"	4	0	6	1
"ATGCTCTGGC----TTCCGGCTGG"	"ATGCTCTGGCCCCTTTCCGGCTGG"	1	0	1	2
"ATGCTCTGGC----TTCCGGCTGG"	"ATGCTCTGGCCCGGTTCCGGCTGG"	2	0	0	3
"ATGCTCTGGC----TTCCGGCTGG"	"ATGCTCTGGCCCGTTTCCGGCTGG"	1	0	0	0
"ATGCTCTGGC-------TTCCGGCTGG"	"ATGCTCTGGCCCTAGCATTCCGGCTGG"	2	0	0	0
"ATGCTCTGGC----TTCCGGCTGG"	"ATGCTCTGGCCCTATTCCGGCTGG"	2	0	0	1
"ATGCTCTGGC----TTCCGGCTGG"	"ATGCTCTGGCCCTTTTCCGGCTGG"	0	0	0	1
"ATGCTCTGGC-----TTCCGGCTGG"	"ATGCTCTGGCCGAAATTCCGGCTGG"	0	0	3	0
"ATGCTCTGGC-------TTCCGGCTGG"	"ATGCTCTGGCCGAAGCATTCCGGCTGG"	1	0	1	0
"ATGCTCTGGC------TTCCGGCTGG"	"ATGCTCTGGCCGAGCATTCCGGCTGG"	3	0	5	0
"ATGCTCTGGC------TTCCGGCTGG"	"ATGCTCTGGCCGAGCGTTCCGGCTGG"	1	0	0	0
"ATGCTCTGGC------TTCCGGCTGG"	"ATGCTCTGGCCGAGGATTCCGGCTGG"	1	0	1	1
"ATGCTCTGGC------TTCCGGCTGG"	"ATGCTCTGGCCGATGATTCCGGCTGG"	0	0	1	0
"ATGCTCTGGC----TTCCGGCTGG"	"ATGCTCTGGCCGCATTCCGGCTGG"	5	0	3	6
"ATGCTCTGGC----TTCCGGCTGG"	"ATGCTCTGGCCGCGTTCCGGCTGG"	0	0	1	0
"ATGCTCTGGC----TTCCGGCTGG"	"ATGCTCTGGCCGCTTTCCGGCTGG"	1	0	0	0
"ATGCTCTGGC----TTCCGGCTGG"	"ATGCTCTGGCCGGATTCCGGCTGG"	1	0	0	0
"ATGCTCTGGC---TTCCGGCTGG"	"ATGCTCTGGCCGGTTCCGGCTGG"	1	0	1	1
"ATGCTCTGGC------TTCCGGCTGG"	"ATGCTCTGGCCGTGCATTCCGGCTGG"	0	0	0	1
"ATGCTCTGGC------TTCCGGCTGG"	"ATGCTCTGGCCGTGGGTTCCGGCTGG"	0	1	0	0
"ATGCTCTGGC----TTCCGGCTGG"	"ATGCTCTGGCCGTGTTCCGGCTGG"	0	1	0	0
"ATGCTCTGGC---TTCCGGCTGG"	"ATGCTCTGGCCGTTTCCGGCTGG"	1	1	0	2
"ATGCTCTGGC----TTCCGGCTGG"	"ATGCTCTGGCCTAATTCCGGCTGG"	1	0	0	0
"ATGCTCTGGC-----------TTCCGGCTGG"	"ATGCTCTGGCCTACCCAAGCATTCCGGCTGG"	0	0	0	2
"ATGCTCTGGC------TTCCGGCTGG"	"ATGCTCTGGCCTAGCATTCCGGCTGG"	0	0	0	1
"ATGCTCTGGC-----TTCCGGCTGG"	"ATGCTCTGGCCTATATTCCGGCTGG"	0	0	1	1
"ATGCTCTGGC---TTCCGGCTGG"	"ATGCTCTGGCCTATTCCGGCTGG"	4	1	3	0
"ATGCTCTGGC----TTCCGGCTGG"	"ATGCTCTGGCCTCATTCCGGCTGG"	0	0	0	1
"ATGCTCTGGC----TTCCGGCTGG"	"ATGCTCTGGCCTGATTCCGGCTGG"	0	0	0	1
"ATGCTCTGGC----TTCCGGCTGG"	"ATGCTCTGGCCTGGTTCCGGCTGG"	0	0	1	0
"ATGCTCTGGC---TTCCGGCTGG"	"ATGCTCTGGCCTGTTCCGGCTGG"	1	0	0	0
"ATGCTCTGGC----------------------TTCCGGCTGG"	"ATGCTCTGGCCTGTTGGAAATAATACCATTCATTCCGGCTGG"	2	0	0	0
"ATGCTCTGGC----TTCCGGCTGG"	"ATGCTCTGGCCTTATTCCGGCTGG"	0	0	0	2
"ATGCTCTGGC--------TTCCGGCTGG"	"ATGCTCTGGCCTTCAAAATTCCGGCTGG"	1	0	0	0
"ATGCTCTGGC---TTCCGGCTGG"	"ATGCTCTGGCCTTTTCCGGCTGG"	3	0	3	2
"ATGCTCTGGC----TTCCGGCTGG"	"ATGCTCTGGCCTTTTTCCGGCTGG"	3	0	0	0
"ATGCTCTGGC---------TTCCGGCTGG"	"ATGCTCTGGCGAAAAAAAGTTCCGGCTGG"	0	0	1	0
"ATGCTCTGGC--------TTCCGGCTGG"	"ATGCTCTGGCGAAAAAAATTCCGGCTGG"	0	0	1	0
"ATGCTCTGGC-------TTCCGGCTGG"	"ATGCTCTGGCGAAAAAATTCCGGCTGG"	0	0	1	0
"ATGCTCTGGC------TTCCGGCTGG"	"ATGCTCTGGCGAAAAATTCCGGCTGG"	0	1	2	0
"ATGCTCTGGC-----TTCCGGCTGG"	"ATGCTCTGGCGAAAATTCCGGCTGG"	2	0	10	8
"ATGCTCTGGC------TTCCGGCTGG"	"ATGCTCTGGCGAAAATTTCCGGCTGG"	0	1	0	0
"ATGCTCTGGC-----TTCCGGCTGG"	"ATGCTCTGGCGAAAGTTCCGGCTGG"	1	0	0	0
"ATGCTCTGGC---------------TTCCGGCTGG"	"ATGCTCTGGCGAACATACCCAAGCATTCCGGCTGG"	0	0	0	2
"ATGCTCTGGC------TTCCGGCTGG"	"ATGCTCTGGCGAAGCATTCCGGCTGG"	2	0	5	1
"ATGCTCTGGC------TTCCGGCTGG"	"ATGCTCTGGCGAAGGATTCCGGCTGG"	1	0	0	0
"ATGCTCTGGC----TTCCGGCTGG"	"ATGCTCTGGCGAAGTTCCGGCTGG"	0	0	1	0
"ATGCTCTGGC------TTCCGGCTGG"	"ATGCTCTGGCGAATAATTCCGGCTGG"	0	0	1	0
"ATGCTCTGGC-----TTCCGGCTGG"	"ATGCTCTGGCGAATATTCCGGCTGG"	0	0	1	0
"ATGCTCTGGC----TTCCGGCTGG"	"ATGCTCTGGCGAATTTCCGGCTGG"	0	0	1	0
"ATGCTCTGGC-----TTCCGGCTGG"	"ATGCTCTGGCGAATTTTCCGGCTGG"	0	0	0	2
"ATGCTCTGGC----TTCCGGCTGG"	"ATGCTCTGGCGACATTCCGGCTGG"	0	2	1	2
"ATGCTCTGGC--------TTCCGGCTGG"	"ATGCTCTGGCGACCAGCATTCCGGCTGG"	0	0	1	0
"ATGCTCTGGC----------TTCCGGCTGG"	"ATGCTCTGGCGACCCAAGCATTCCGGCTGG"	0	0	0	1
"ATGCTCTGGC----------TTCCGGCTGG"	"ATGCTCTGGCGACCCAAGCTTTCCGGCTGG"	0	0	0	1
"ATGCTCTGGC-----TTCCGGCTGG"	"ATGCTCTGGCGAGAATTCCGGCTGG"	0	0	1	0
"ATGCTCTGGC----TTCCGGCTGG"	"ATGCTCTGGCGAGATTCCGGCTGG"	0	0	1	0
"ATGCTCTGGC-----TTCCGGCTGG"	"ATGCTCTGGCGAGCGTTCCGGCTGG"	1	0	0	0
"ATGCTCTGGC-----TTCCGGCTGG"	"ATGCTCTGGCGAGGATTCCGGCTGG"	1	0	0	0
"ATGCTCTGGC-----TTCCGGCTGG"	"ATGCTCTGGCGAGTATTCCGGCTGG"	1	0	0	0
"ATGCTCTGGC---TTCCGGCTGG"	"ATGCTCTGGCGAGTTCCGGCTGG"	1	0	0	0
"ATGCTCTGGC-----TTCCGGCTGG"	"ATGCTCTGGCGATAATTCCGGCTGG"	0	0	1	0
"ATGCTCTGGC----TTCCGGCTGG"	"ATGCTCTGGCGATATTCCGGCTGG"	2	0	3	5
"ATGCTCTGGC------TTCCGGCTGG"	"ATGCTCTGGCGATATTTTCCGGCTGG"	0	0	1	0
"ATGCTCTGGC------TTCCGGCTGG"	"ATGCTCTGGCGATTTATTCCGGCTGG"	0	1	0	0
"ATGCTCTGGC---------TTCCGGCTGG"	"ATGCTCTGGCGATTTGTTATTCCGGCTGG"	1	0	0	0
"ATGCTCTGGC----TTCCGGCTGG"	"ATGCTCTGGCGATTTTCCGGCTGG"	2	0	4	0
"ATGCTCTGGC---------TTCCGGCTGG"	"ATGCTCTGGCGATTTTTTATTCCGGCTGG"	1	0	0	0
"ATGCTCTGGC-------TTCCGGCTGG"	"ATGCTCTGGCGCAAGCATTCCGGCTGG"	1	0	3	0
"ATGCTCTGGC----TTCCGGCTGG"	"ATGCTCTGGCGCAATTCCGGCTGG"	0	0	1	0
"ATGCTCTGGC----TTCCGGCTGG"	"ATGCTCTGGCGCCATTCCGGCTGG"	1	0	3	7
"ATGCTCTGGC----TTCCGGCTGG"	"ATGCTCTGGCGCGATTCCGGCTGG"	0	0	0	1
"ATGCTCTGGC----TTCCGGCTGG"	"ATGCTCTGGCGCGGTTCCGGCTGG"	0	2	0	0
"ATGCTCTGGC---TTCCGGCTGG"	"ATGCTCTGGCGCGTTCCGGCTGG"	4	0	1	7
"ATGCTCTGGC---TTCCGGCTGG"	"ATGCTCTGGCGCTTTCCGGCTGG"	1	0	1	6
"ATGCTCTGGC----TTCCGGCTGG"	"ATGCTCTGGCGGAATTCCGGCTGG"	0	0	1	0
"ATGCTCTGGC-----TTCCGGCTGG"	"ATGCTCTGGCGGACATTCCGGCTGG"	1	0	0	0
"ATGCTCTGGC-----TTCCGGCTGG"	"ATGCTCTGGCGGCCATTCCGGCTGG"	685	0	1	2
"ATGCTCTGGC-----TTCCGGCTGG"	"ATGCTCTGGCGGCCGTTCCGGCTGG"	6	0	0	0
"ATGCTCTGGC-----TTCCGGCTGG"	"ATGCTCTGGCGGCGATTCCGGCTGG"	3	0	0	0
"ATGCTCTGGC----TTCCGGCTGG"	"ATGCTCTGGCGGCGTTCCGGCTGG"	0	0	3	0
"ATGCTCTGGC-----TTCCGGCTGG"	"ATGCTCTGGCGGCTATTCCGGCTGG"	2	0	0	0
"ATGCTCTGGC---TTCCGGCTGG"	"ATGCTCTGGCGGCTTCCGGCTGG"	0	0	3	10
"ATGCTCTGGC----TTCCGGCTGG"	"ATGCTCTGGCGGGATTCCGGCTGG"	0	1	215	4
"ATGCTCTGGC---------------------TTCCGGCTGG"	"ATGCTCTGGCGGGCGGAAATAATATCGTTCATTCCGGCTGG"	1	0	0	0
"ATGCTCTGGC------TTCCGGCTGG"	"ATGCTCTGGCGGGCTATTCCGGCTGG"	1	0	0	0
"ATGCTCTGGC----TTCCGGCTGG"	"ATGCTCTGGCGGGGTTCCGGCTGG"	0	0	2	0
"ATGCTCTGGC---------------------TTCCGGCTGG"	"ATGCTCTGGCGGGTGGAAATAATACCATTCATTCCGGCTGG"	1	0	0	0
"ATGCTCTGGC----TTCCGGCTGG"	"ATGCTCTGGCGGNATTCCGGCTGG"	0	0	1	0
"ATGCTCTGGC----TTCCGGCTGG"	"ATGCTCTGGCGGTATTCCGGCTGG"	1	0	8	2
"ATGCTCTGGC-----TTCCGGCTGG"	"ATGCTCTGGCGGTCATTCCGGCTGG"	1	0	0	0
"ATGCTCTGGC----TTCCGGCTGG"	"ATGCTCTGGCGGTGTTCCGGCTGG"	0	1	0	0
"ATGCTCTGGC---TTCCGGCTGG"	"ATGCTCTGGCGGTTTCCGGCTGG"	1	0	4	18
"ATGCTCTGGC-----------------TTCCGGCTGG"	"ATGCTCTGGCGTAACATACCCAAGCAATTCCGGCTGG"	0	0	2	0
"ATGCTCTGGC----TTCCGGCTGG"	"ATGCTCTGGCGTAATTCCGGCTGG"	1	0	1	0
"ATGCTCTGGC----TTCCGGCTGG"	"ATGCTCTGGCGTATTTCCGGCTGG"	0	0	1	0
"ATGCTCTGGC----TTCCGGCTGG"	"ATGCTCTGGCGTGATTCCGGCTGG"	0	0	1	0
"ATGCTCTGGC-----TTCCGGCTGG"	"ATGCTCTGGCGTGTATTCCGGCTGG"	0	0	1	0
"ATGCTCTGGC---TTCCGGCTGG"	"ATGCTCTGGCGTGTTCCGGCTGG"	0	1	408	4
"ATGCTCTGGC--------TTCCGGCTGG"	"ATGCTCTGGCGTTAAAAATTCCGGCTGG"	1	0	0	0
"ATGCTCTGGC-----TTCCGGCTGG"	"ATGCTCTGGCGTTAATTCCGGCTGG"	2	0	0	0
"ATGCTCTGGC------------TTCCGGCTGG"	"ATGCTCTGGCGTTACCCAAGCATTCCGGCTGG"	0	0	1	0
"ATGCTCTGGC----TTCCGGCTGG"	"ATGCTCTGGCGTTGTTCCGGCTGG"	0	0	1	0
"ATGCTCTGGC-----TTCCGGCTGG"	"ATGCTCTGGCGTTTATTCCGGCTGG"	7	0	2	1
"ATGCTCTGGC------TTCCGGCTGG"	"ATGCTCTGGCGTTTTATTCCGGCTGG"	1	0	0	0
"ATGCTCTGGC----TTCCGGCTGG"	"ATGCTCTGGCGTTTTTCCGGCTGG"	21	0	15	6
"ATGCTCTGGC---------TTCCGGCTGG"	"ATGCTCTGGCGTTTTTTTTTTCCGGCTGG"	0	0	0	1
"ATGCTCTGGC--TTCCGGCTGG"	"ATGCTCTGGCNATTCCGGCTGG"	0	0	0	1
"ATGCTCTGGC------TTCCGGCTGG"	"ATGCTCTGGCTAAAAATTCCGGCTGG"	0	0	7	0
"ATGCTCTGGC-------TTCCGGCTGG"	"ATGCTCTGGCTAAAGAATTCCGGCTGG"	1	0	0	0
"ATGCTCTGGC-----TTCCGGCTGG"	"ATGCTCTGGCTAAAGTTCCGGCTGG"	0	0	2	5
"ATGCTCTGGC---------------TTCCGGCTGG"	"ATGCTCTGGCTAACACACCCAAGCATTCCGGCTGG"	0	0	0	1
"ATGCTCTGGC---------------TTCCGGCTGG"	"ATGCTCTGGCTAACAGACCCAAGAATTCCGGCTGG"	0	0	0	1
"ATGCTCTGGC---------------TTCCGGCTGG"	"ATGCTCTGGCTAACATAACCAAGAATTCCGGCTGG"	0	0	0	1
"ATGCTCTGGC------------------TTCCGGCTGG"	"ATGCTCTGGCTAACATACCCAAGCAAAATTCCGGCTGG"	0	0	0	2
"ATGCTCTGGC-----------------TTCCGGCTGG"	"ATGCTCTGGCTAACATACCCAAGCAAATTCCGGCTGG"	0	0	0	1
"ATGCTCTGGC---------------TTCCGGCTGG"	"ATGCTCTGGCTAACATACCCAAGCATTCCGGCTGG"	0	0	2	405
"ATGCTCTGGC-----------------TTCCGGCTGG"	"ATGCTCTGGCTAACATACCCAAGCATTTTCCGGCTGG"	0	0	0	3
"ATGCTCTGGC---------------TTCCGGCTGG"	"ATGCTCTGGCTAACATACCCAATCATTCCGGCTGG"	0	0	0	2
"ATGCTCTGGC---------------TTCCGGCTGG"	"ATGCTCTGGCTAACATACCCACGCATTCCGGCTGG"	0	0	0	1
"ATGCTCTGGC---------------TTCCGGCTGG"	"ATGCTCTGGCTAACATACCCAGGCATTCCGGCTGG"	0	0	0	1
"ATGCTCTGGC---------------TTCCGGCTGG"	"ATGCTCTGGCTAACATACCTAAGCATTCCGGCTGG"	0	0	0	1
"ATGCTCTGGC-----TTCCGGCTGG"	"ATGCTCTGGCTAACATTCCGGCTGG"	0	0	0	1
"ATGCTCTGGC-----TTCCGGCTGG"	"ATGCTCTGGCTAAGATTCCGGCTGG"	0	0	0	1
"ATGCTCTGGC------TTCCGGCTGG"	"ATGCTCTGGCTAAGCATTCCGGCTGG"	2	1	5	0
"ATGCTCTGGC------TTCCGGCTGG"	"ATGCTCTGGCTAAGCGTTCCGGCTGG"	1	0	1	0
"ATGCTCTGGC----TTCCGGCTGG"	"ATGCTCTGGCTAAGTTCCGGCTGG"	0	0	6	3
"ATGCTCTGGC------TTCCGGCTGG"	"ATGCTCTGGCTAATAATTCCGGCTGG"	0	0	1	0
"ATGCTCTGGC-----TTCCGGCTGG"	"ATGCTCTGGCTAATATTCCGGCTGG"	0	0	0	1
"ATGCTCTGGC------TTCCGGCTGG"	"ATGCTCTGGCTAATCATTCCGGCTGG"	0	0	2	0
"ATGCTCTGGC----TTCCGGCTGG"	"ATGCTCTGGCTAATTTCCGGCTGG"	0	1	3	1
"ATGCTCTGGC-----TTCCGGCTGG"	"ATGCTCTGGCTAATTTTCCGGCTGG"	0	0	0	3
"ATGCTCTGGC--------TTCCGGCTGG"	"ATGCTCTGGCTACAAGCATTCCGGCTGG"	0	0	1	0
"ATGCTCTGGC-----TTCCGGCTGG"	"ATGCTCTGGCTACAATTCCGGCTGG"	0	0	0	2
"ATGCTCTGGC----------TTCCGGCTGG"	"ATGCTCTGGCTACACAAGCATTCCGGCTGG"	0	0	0	1
"ATGCTCTGGC----TTCCGGCTGG"	"ATGCTCTGGCTACATTCCGGCTGG"	0	1	2	7
"ATGCTCTGGC----------TTCCGGCTGG"	"ATGCTCTGGCTACCAAAGCATTCCGGCTGG"	0	0	0	1
"ATGCTCTGGC-----------TTCCGGCTGG"	"ATGCTCTGGCTACCCAAGCAATTCCGGCTGG"	0	0	0	2
"ATGCTCTGGC----------TTCCGGCTGG"	"ATGCTCTGGCTACCCAAGCATTCCGGCTGG"	2	0	1	775
"ATGCTCTGGC----------TTCCGGCTGG"	"ATGCTCTGGCTACCCAAGCGTTCCGGCTGG"	0	0	0	2
"ATGCTCTGGC----------TTCCGGCTGG"	"ATGCTCTGGCTACCCAAGCTTTCCGGCTGG"	0	0	0	1
"ATGCTCTGGC----------TTCCGGCTGG"	"ATGCTCTGGCTACCCAATCATTCCGGCTGG"	0	0	0	2
"ATGCTCTGGC----------TTCCGGCTGG"	"ATGCTCTGGCTACCCACGCATTCCGGCTGG"	0	0	0	2
"ATGCTCTGGC----------TTCCGGCTGG"	"ATGCTCTGGCTACCCCAGCATTCCGGCTGG"	0	0	0	1
"ATGCTCTGGC----------TTCCGGCTGG"	"ATGCTCTGGCTACCCGAGCATTCCGGCTGG"	0	0	0	3
"ATGCTCTGGC----------TTCCGGCTGG"	"ATGCTCTGGCTACCGAAGCATTCCGGCTGG"	0	0	0	2
"ATGCTCTGGC----------TTCCGGCTGG"	"ATGCTCTGGCTACCTAAGCATTCCGGCTGG"	0	0	0	1
"ATGCTCTGGC----------TTCCGGCTGG"	"ATGCTCTGGCTACGCAAGCATTCCGGCTGG"	0	0	0	2
"ATGCTCTGGC-----TTCCGGCTGG"	"ATGCTCTGGCTACTATTCCGGCTGG"	0	0	0	1
"ATGCTCTGGC----TTCCGGCTGG"	"ATGCTCTGGCTACTTTCCGGCTGG"	1	0	1	0
"ATGCTCTGGC-----TTCCGGCTGG"	"ATGCTCTGGCTAGAATTCCGGCTGG"	1	0	0	0
"ATGCTCTGGC------TTCCGGCTGG"	"ATGCTCTGGCTAGATTTTCCGGCTGG"	0	0	1	0
"ATGCTCTGGC---------------TTCCGGCTGG"	"ATGCTCTGGCTAGCATACCCTAGCATTCCGGCTGG"	0	0	0	1
"ATGCTCTGGC----------TTCCGGCTGG"	"ATGCTCTGGCTAGCCAAGCATTCCGGCTGG"	0	0	0	1
"ATGCTCTGGC----------TTCCGGCTGG"	"ATGCTCTGGCTAGCCAAGCGTTCCGGCTGG"	0	0	0	1
"ATGCTCTGGC-----TTCCGGCTGG"	"ATGCTCTGGCTAGTATTCCGGCTGG"	0	0	2	0
"ATGCTCTGGC------TTCCGGCTGG"	"ATGCTCTGGCTAGTTATTCCGGCTGG"	0	4	0	0
"ATGCTCTGGC---------TTCCGGCTGG"	"ATGCTCTGGCTAGTTGTTATTCCGGCTGG"	1	0	0	0
"ATGCTCTGGC---------TTCCGGCTGG"	"ATGCTCTGGCTAGTTTTTATTCCGGCTGG"	1	0	0	0
"ATGCTCTGGC-----TTCCGGCTGG"	"ATGCTCTGGCTANAATTCCGGCTGG"	0	0	0	1
"ATGCTCTGGC--------TTCCGGCTGG"	"ATGCTCTGGCTATAAAAATTCCGGCTGG"	0	0	1	0
"ATGCTCTGGC-----TTCCGGCTGG"	"ATGCTCTGGCTATAATTCCGGCTGG"	0	0	1	0
"ATGCTCTGGC------TTCCGGCTGG"	"ATGCTCTGGCTATAGTTTCCGGCTGG"	0	0	2	0
"ATGCTCTGGC------TTCCGGCTGG"	"ATGCTCTGGCTATATATTCCGGCTGG"	0	1	0	0
"ATGCTCTGGC------TTCCGGCTGG"	"ATGCTCTGGCTATATGTTCCGGCTGG"	0	0	1	0
"ATGCTCTGGC---------TTCCGGCTGG"	"ATGCTCTGGCTATATTTTATTCCGGCTGG"	1	0	0	0
"ATGCTCTGGC------TTCCGGCTGG"	"ATGCTCTGGCTATATTTTCCGGCTGG"	0	0	171	0
"ATGCTCTGGC---------------TTCCGGCTGG"	"ATGCTCTGGCTATCATACCCAAGCATTCCGGCTGG"	0	0	0	1
"ATGCTCTGGC-----TTCCGGCTGG"	"ATGCTCTGGCTATGATTCCGGCTGG"	0	0	4	0
"ATGCTCTGGC------TTCCGGCTGG"	"ATGCTCTGGCTATGTATTCCGGCTGG"	0	2	0	0
"ATGCTCTGGC---------TTCCGGCTGG"	"ATGCTCTGGCTATGTTTTATTCCGGCTGG"	3	0	0	0
"ATGCTCTGGC------TTCCGGCTGG"	"ATGCTCTGGCTATGTTTTCCGGCTGG"	0	0	4	0
"ATGCTCTGGC------TTCCGGCTGG"	"ATGCTCTGGCTATTAATTCCGGCTGG"	0	1	0	0
"ATGCTCTGGC------TTCCGGCTGG"	"ATGCTCTGGCTATTGATTCCGGCTGG"	0	7	0	0
"ATGCTCTGGC-----TTCCGGCTGG"	"ATGCTCTGGCTATTGTTCCGGCTGG"	0	0	3	0
"ATGCTCTGGC---------TTCCGGCTGG"	"ATGCTCTGGCTATTGTTGATTCCGGCTGG"	1	0	0	0
"ATGCTCTGGC---------TTCCGGCTGG"	"ATGCTCTGGCTATTGTTTATTCCGGCTGG"	7	0	0	0
"ATGCTCTGGC------TTCCGGCTGG"	"ATGCTCTGGCTATTTGTTCCGGCTGG"	0	6	0	0
"ATGCTCTGGC-------TTCCGGCTGG"	"ATGCTCTGGCTATTTTATTCCGGCTGG"	0	1	0	0
"ATGCTCTGGC---------TTCCGGCTGG"	"ATGCTCTGGCTATTTTTAATTCCGGCTGG"	1	0	0	0
"ATGCTCTGGC-----TTCCGGCTGG"	"ATGCTCTGGCTATTTTTCCGGCTGG"	0	1	0	0
"ATGCTCTGGC---------TTCCGGCTGG"	"ATGCTCTGGCTATTTTTGATTCCGGCTGG"	1	0	0	0
"ATGCTCTGGC---------TTCCGGCTGG"	"ATGCTCTGGCTATTTTTTATTCCGGCTGG"	505	0	2	1
"ATGCTCTGGC------TTCCGGCTGG"	"ATGCTCTGGCTATTTTTTCCGGCTGG"	0	0	1	0
"ATGCTCTGGC-----TTCCGGCTGG"	"ATGCTCTGGCTCAAATTCCGGCTGG"	0	0	1	0
"ATGCTCTGGC-------TTCCGGCTGG"	"ATGCTCTGGCTCAAGCGTTCCGGCTGG"	0	0	1	0
"ATGCTCTGGC-------TTCCGGCTGG"	"ATGCTCTGGCTCAATCATTCCGGCTGG"	0	0	2	0
"ATGCTCTGGC----TTCCGGCTGG"	"ATGCTCTGGCTCAATTCCGGCTGG"	0	0	1	2
"ATGCTCTGGC-------TTCCGGCTGG"	"ATGCTCTGGCTCCAGCATTCCGGCTGG"	0	0	2	0
"ATGCTCTGGC----TTCCGGCTGG"	"ATGCTCTGGCTCCATTCCGGCTGG"	3	0	6	3
"ATGCTCTGGC----------TTCCGGCTGG"	"ATGCTCTGGCTCCCCAAGCATTCCGGCTGG"	0	0	0	1
"ATGCTCTGGC----TTCCGGCTGG"	"ATGCTCTGGCTCCGTTCCGGCTGG"	0	1	0	0
"ATGCTCTGGC----TTCCGGCTGG"	"ATGCTCTGGCTCCTTTCCGGCTGG"	1	0	1	0
"ATGCTCTGGC-------TTCCGGCTGG"	"ATGCTCTGGCTCGAGCATTCCGGCTGG"	0	0	6	0
"ATGCTCTGGC----TTCCGGCTGG"	"ATGCTCTGGCTCGATTCCGGCTGG"	1	0	0	0
"ATGCTCTGGC----TTCCGGCTGG"	"ATGCTCTGGCTCGGTTCCGGCTGG"	0	1069	2	1
"ATGCTCTGGC---TTCCGGCTGG"	"ATGCTCTGGCTCGTTCCGGCTGG"	0	0	3	0
"ATGCTCTGGC----TTCCGGCTGG"	"ATGCTCTGGCTCGTTTCCGGCTGG"	0	2	0	0
"ATGCTCTGGC---------TTCCGGCTGG"	"ATGCTCTGGCTCTCAAGCATTCCGGCTGG"	1	0	0	0
"ATGCTCTGGC-----TTCCGGCTGG"	"ATGCTCTGGCTCTGATTCCGGCTGG"	0	0	1	0
"ATGCTCTGGC----TTCCGGCTGG"	"ATGCTCTGGCTCTGTTCCGGCTGG"	1	3	0	0
"ATGCTCTGGC-----TTCCGGCTGG"	"ATGCTCTGGCTCTTATTCCGGCTGG"	2	0	0	1
"ATGCTCTGGC--TTCCGGCTGG"	"ATGCTCTGGCTCTTCCGGCTGG"	0	0	0	1
"ATGCTCTGGC----TTCCGGCTGG"	"ATGCTCTGGCTCTTTTCCGGCTGG"	9	0	3	1
"ATGCTCTGGC---------TTCCGGCTGG"	"ATGCTCTGGCTCTTTTTTATTCCGGCTGG"	2	0	0	0
"ATGCTCTGGC--------TTCCGGCTGG"	"ATGCTCTGGCTGAAAAAATTCCGGCTGG"	0	0	2	0
"ATGCTCTGGC-------TTCCGGCTGG"	"ATGCTCTGGCTGAAAAATTCCGGCTGG"	0	0	1	0
"ATGCTCTGGC-----TTCCGGCTGG"	"ATGCTCTGGCTGAAATTCCGGCTGG"	0	0	0	6
"ATGCTCTGGC-----------------TTCCGGCTGG"	"ATGCTCTGGCTGAACATACCCAAGCAATTCCGGCTGG"	0	0	6	1
"ATGCTCTGGC-----------------TTCCGGCTGG"	"ATGCTCTGGCTGAACATACCCAGGCAATTCCGGCTGG"	0	0	1	0
"ATGCTCTGGC-----------------TTCCGGCTGG"	"ATGCTCTGGCTGAAGATACCCAAGCAATTCCGGCTGG"	0	0	1	0
"ATGCTCTGGC----TTCCGGCTGG"	"ATGCTCTGGCTGAATTCCGGCTGG"	0	1	4	4
"ATGCTCTGGC---------------TTCCGGCTGG"	"ATGCTCTGGCTGACATACCCAAGCATTCCGGCTGG"	0	0	0	3
"ATGCTCTGGC------TTCCGGCTGG"	"ATGCTCTGGCTGAGCATTCCGGCTGG"	0	0	1	0
"ATGCTCTGGC----TTCCGGCTGG"	"ATGCTCTGGCTGAGTTCCGGCTGG"	0	0	1	0
"ATGCTCTGGC-----------------TTCCGGCTGG"	"ATGCTCTGGCTGATGGTACCCAAGCAATTCCGGCTGG"	0	0	1	0
"ATGCTCTGGC-----TTCCGGCTGG"	"ATGCTCTGGCTGATGTTCCGGCTGG"	0	0	0	1
"ATGCTCTGGC------TTCCGGCTGG"	"ATGCTCTGGCTGCAAATTCCGGCTGG"	1	0	0	0
"ATGCTCTGGC----TTCCGGCTGG"	"ATGCTCTGGCTGCATTCCGGCTGG"	6	0	3	4
"ATGCTCTGGC-----TTCCGGCTGG"	"ATGCTCTGGCTGCCATTCCGGCTGG"	3	0	495	1
"ATGCTCTGGC-----TTCCGGCTGG"	"ATGCTCTGGCTGCCGTTCCGGCTGG"	0	0	5	0
"ATGCTCTGGC-----TTCCGGCTGG"	"ATGCTCTGGCTGCCTTTCCGGCTGG"	0	0	1	0
"ATGCTCTGGC-----TTCCGGCTGG"	"ATGCTCTGGCTGCTATTCCGGCTGG"	1	0	0	0
"ATGCTCTGGC---------------------TTCCGGCTGG"	"ATGCTCTGGCTGCTGGAAATAATACCATTCATTCCGGCTGG"	2	0	0	0
"ATGCTCTGGC--------TTCCGGCTGG"	"ATGCTCTGGCTGCTGGCATTCCGGCTGG"	0	1	0	0
"ATGCTCTGGC----TTCCGGCTGG"	"ATGCTCTGGCTGCTTTCCGGCTGG"	2	1	0	0
"ATGCTCTGGC------TTCCGGCTGG"	"ATGCTCTGGCTGGAAATTCCGGCTGG"	1	0	0	0
"ATGCTCTGGC------------TTCCGGCTGG"	"ATGCTCTGGCTGGACCCAAGCATTCCGGCTGG"	0	0	1	0
"ATGCTCTGGC----TTCCGGCTGG"	"ATGCTCTGGCTGGATTCCGGCTGG"	0	0	0	3
"ATGCTCTGGC-----TTCCGGCTGG"	"ATGCTCTGGCTGGCATTCCGGCTGG"	0	0	1	0
"ATGCTCTGGC-----TTCCGGCTGG"	"ATGCTCTGGCTGGGATTCCGGCTGG"	0	0	1	0
"ATGCTCTGGC----TTCCGGCTGG"	"ATGCTCTGGCTGGGTTCCGGCTGG"	1	2	4	0
"ATGCTCTGGC---------------------TTCCGGCTGG"	"ATGCTCTGGCTGGTGGAAATAATACCATTCATTCCGGCTGG"	1	0	0	0
"ATGCTCTGGC---------TTCCGGCTGG"	"ATGCTCTGGCTGGTGTTTATTCCGGCTGG"	0	0	0	1
"ATGCTCTGGC---TTCCGGCTGG"	"ATGCTCTGGCTGGTTCCGGCTGG"	2	0	9	3
"ATGCTCTGGC------TTCCGGCTGG"	"ATGCTCTGGCTGTAAGTTCCGGCTGG"	4	0	0	0
"ATGCTCTGGC-----TTCCGGCTGG"	"ATGCTCTGGCTGTAATTCCGGCTGG"	6	0	0	0
"ATGCTCTGGC------------TTCCGGCTGG"	"ATGCTCTGGCTGTACACAAGCATTCCGGCTGG"	0	0	2	0
"ATGCTCTGGC-------------TTCCGGCTGG"	"ATGCTCTGGCTGTACCCAAGCAATTCCGGCTGG"	0	0	1	0
"ATGCTCTGGC------------TTCCGGCTGG"	"ATGCTCTGGCTGTACCCAAGCATTCCGGCTGG"	1	0	430	0
"ATGCTCTGGC------------TTCCGGCTGG"	"ATGCTCTGGCTGTACCCAATCATTCCGGCTGG"	0	0	2	0
"ATGCTCTGGC------------TTCCGGCTGG"	"ATGCTCTGGCTGTACCCACGCATTCCGGCTGG"	0	0	1	0
"ATGCTCTGGC------------TTCCGGCTGG"	"ATGCTCTGGCTGTACCCCAGCATTCCGGCTGG"	0	0	1	0
"ATGCTCTGGC------------TTCCGGCTGG"	"ATGCTCTGGCTGTACGCAAGCATTCCGGCTGG"	0	0	1	0
"ATGCTCTGGC------TTCCGGCTGG"	"ATGCTCTGGCTGTAGATTCCGGCTGG"	7	0	0	0
"ATGCTCTGGC------------TTCCGGCTGG"	"ATGCTCTGGCTGTAGCCAAGCATTCCGGCTGG"	0	0	3	0
"ATGCTCTGGC-----TTCCGGCTGG"	"ATGCTCTGGCTGTAGTTCCGGCTGG"	1	0	0	0
"ATGCTCTGGC------TTCCGGCTGG"	"ATGCTCTGGCTGTATATTCCGGCTGG"	1	0	0	0
"ATGCTCTGGC------------TTCCGGCTGG"	"ATGCTCTGGCTGTATCCAAGCATTCCGGCTGG"	0	0	1	0
"ATGCTCTGGC------TTCCGGCTGG"	"ATGCTCTGGCTGTATTTTCCGGCTGG"	0	0	1	0
"ATGCTCTGGC------TTCCGGCTGG"	"ATGCTCTGGCTGTGAATTCCGGCTGG"	3	0	0	0
"ATGCTCTGGC-----TTCCGGCTGG"	"ATGCTCTGGCTGTGATTCCGGCTGG"	0	0	390	2
"ATGCTCTGGC------TTCCGGCTGG"	"ATGCTCTGGCTGTGCATTCCGGCTGG"	0	1	0	0
"ATGCTCTGGC---------------------TTCCGGCTGG"	"ATGCTCTGGCTGTGGGAAATAATACCATTCATTCCGGCTGG"	2	0	0	0
"ATGCTCTGGC------------TTCCGGCTGG"	"ATGCTCTGGCTGTGGGTGTGGTTTCCGGCTGG"	0	2	0	0
"ATGCTCTGGC-----TTCCGGCTGG"	"ATGCTCTGGCTGTGGTTCCGGCTGG"	0	0	4	0
"ATGCTCTGGC-----TTCCGGCTGG"	"ATGCTCTGGCTGTGTTTCCGGCTGG"	0	0	1	0
"ATGCTCTGGC------TTCCGGCTGG"	"ATGCTCTGGCTGTTAATTCCGGCTGG"	3	0	0	0
"ATGCTCTGGC---------------------TTCCGGCTGG"	"ATGCTCTGGCTGTTAGAAATAATACCATTCATTCCGGCTGG"	1	0	0	0
"ATGCTCTGGC-----TTCCGGCTGG"	"ATGCTCTGGCTGTTATTCCGGCTGG"	14	0	9	2
"ATGCTCTGGC------------TTCCGGCTGG"	"ATGCTCTGGCTGTTCCCAAGCATTCCGGCTGG"	0	0	2	0
"ATGCTCTGGC------TTCCGGCTGG"	"ATGCTCTGGCTGTTGATTCCGGCTGG"	1	1	0	0
"ATGCTCTGGC---------------------TTCCGGCTGG"	"ATGCTCTGGCTGTTGGAAATAATACCACTCATTCCGGCTGG"	1	0	0	0
"ATGCTCTGGC---------------------TTCCGGCTGG"	"ATGCTCTGGCTGTTGGAAATAATACCAGTCATTCCGGCTGG"	1	0	0	0
"ATGCTCTGGC---------------------TTCCGGCTGG"	"ATGCTCTGGCTGTTGGAAATAATACCATCCATTCCGGCTGG"	2	0	0	0
"ATGCTCTGGC---------------------TTCCGGCTGG"	"ATGCTCTGGCTGTTGGAAATAATACCATGCATTCCGGCTGG"	1	0	0	0
"ATGCTCTGGC---------------------TTCCGGCTGG"	"ATGCTCTGGCTGTTGGAAATAATACCATTAATTCCGGCTGG"	2	0	0	0
"ATGCTCTGGC---------------------TTCCGGCTGG"	"ATGCTCTGGCTGTTGGAAATAATACCATTCATTCCGGCTGG"	522	0	1	0
"ATGCTCTGGC---------------------TTCCGGCTGG"	"ATGCTCTGGCTGTTGGAAATAATACCATTCGTTCCGGCTGG"	1	0	0	0
"ATGCTCTGGC---------------------TTCCGGCTGG"	"ATGCTCTGGCTGTTGGAAATAATACCATTTATTCCGGCTGG"	2	0	0	0
"ATGCTCTGGC---------------------TTCCGGCTGG"	"ATGCTCTGGCTGTTGGAAATAATACCCTTCATTCCGGCTGG"	1	0	0	0
"ATGCTCTGGC---------------------TTCCGGCTGG"	"ATGCTCTGGCTGTTGGAAATAATACCGTTCATTCCGGCTGG"	1	0	0	0
"ATGCTCTGGC---------------------TTCCGGCTGG"	"ATGCTCTGGCTGTTGGAAATAATAGCATTCATTCCGGCTGG"	1	0	0	0
"ATGCTCTGGC---------------------TTCCGGCTGG"	"ATGCTCTGGCTGTTGGAAATGATACCATTCATTCCGGCTGG"	1	0	0	0
"ATGCTCTGGC---------------------TTCCGGCTGG"	"ATGCTCTGGCTGTTGGAACTAATACCATTCATTCCGGCTGG"	1	0	0	0
"ATGCTCTGGC---------------------TTCCGGCTGG"	"ATGCTCTGGCTGTTGGAACTATTACCATTCATTCCGGCTGG"	1	0	0	0
"ATGCTCTGGC---------------------TTCCGGCTGG"	"ATGCTCTGGCTGTTGGAAGTAATACCATTCATTCCGGCTGG"	1	0	0	0
"ATGCTCTGGC-------TTCCGGCTGG"	"ATGCTCTGGCTGTTGGATTCCGGCTGG"	0	0	0	1
"ATGCTCTGGC---------------------TTCCGGCTGG"	"ATGCTCTGGCTGTTGTAAATAATACCATTCATTCCGGCTGG"	1	0	0	0
"ATGCTCTGGC-----TTCCGGCTGG"	"ATGCTCTGGCTGTTGTTCCGGCTGG"	0	1	0	0
"ATGCTCTGGC---------TTCCGGCTGG"	"ATGCTCTGGCTGTTGTTTATTCCGGCTGG"	0	0	0	1
"ATGCTCTGGC------TTCCGGCTGG"	"ATGCTCTGGCTGTTTATTCCGGCTGG"	4	9	2	0
"ATGCTCTGGC------TTCCGGCTGG"	"ATGCTCTGGCTGTTTGTTCCGGCTGG"	0	0	1	0
"ATGCTCTGGC---------TTCCGGCTGG"	"ATGCTCTGGCTGTTTTTTATTCCGGCTGG"	3	0	0	1
"ATGCTCTGGC------TTCCGGCTGG"	"ATGCTCTGGCTGTTTTTTCCGGCTGG"	1	0	4	0
"ATGCTCTGGC-------TTCCGGCTGG"	"ATGCTCTGGCTGTTTTTTTCCGGCTGG"	0	0	1	0
"ATGCTCTGGC-----TTCCGGCTGG"	"ATGCTCTGGCTTAAATTCCGGCTGG"	2	2	0	473
"ATGCTCTGGC-----------------TTCCGGCTGG"	"ATGCTCTGGCTTAACATACACAAGCAATTCCGGCTGG"	0	0	2	0
"ATGCTCTGGC-----------------TTCCGGCTGG"	"ATGCTCTGGCTTAACATACCAAAGCAATTCCGGCTGG"	0	0	1	0
"ATGCTCTGGC-----------------TTCCGGCTGG"	"ATGCTCTGGCTTAACATACCCAACCAATTCCGGCTGG"	0	0	1	0
"ATGCTCTGGC--------------------TTCCGGCTGG"	"ATGCTCTGGCTTAACATACCCAAGCAAAAATTCCGGCTGG"	0	0	1	0
"ATGCTCTGGC-------------------TTCCGGCTGG"	"ATGCTCTGGCTTAACATACCCAAGCAAAATTCCGGCTGG"	0	0	1	0
"ATGCTCTGGC------------------TTCCGGCTGG"	"ATGCTCTGGCTTAACATACCCAAGCAAATTCCGGCTGG"	0	0	1	0
"ATGCTCTGGC-----------------TTCCGGCTGG"	"ATGCTCTGGCTTAACATACCCAAGCAATTCCGGCTGG"	1	1	420	0
"ATGCTCTGGC----------------TTCCGGCTGG"	"ATGCTCTGGCTTAACATACCCAAGCATTCCGGCTGG"	0	0	27	0
"ATGCTCTGGC-----------------TTCCGGCTGG"	"ATGCTCTGGCTTAACATACCCAAGCCATTCCGGCTGG"	0	0	1	0
"ATGCTCTGGC-----------------TTCCGGCTGG"	"ATGCTCTGGCTTAACATACCCAAGCGATTCCGGCTGG"	0	0	1	0
"ATGCTCTGGC-----------------TTCCGGCTGG"	"ATGCTCTGGCTTAACATACCCAAGGAATTCCGGCTGG"	0	0	1	0
"ATGCTCTGGC-----------------TTCCGGCTGG"	"ATGCTCTGGCTTAACATACCCACGCAATTCCGGCTGG"	0	0	1	0
"ATGCTCTGGC-----------------TTCCGGCTGG"	"ATGCTCTGGCTTAACATACCGAAGCAATTCCGGCTGG"	0	0	1	0
"ATGCTCTGGC-----------------TTCCGGCTGG"	"ATGCTCTGGCTTAACATACGCAAGCAATTCCGGCTGG"	0	0	1	0
"ATGCTCTGGC-----------------TTCCGGCTGG"	"ATGCTCTGGCTTAACATAGCCAAGCAATTCCGGCTGG"	0	0	1	0
"ATGCTCTGGC-----------------TTCCGGCTGG"	"ATGCTCTGGCTTAAGATACCCAAGCAATTCCGGCTGG"	0	0	3	0
"ATGCTCTGGC-----TTCCGGCTGG"	"ATGCTCTGGCTTAAGTTCCGGCTGG"	0	0	0	3
"ATGCTCTGGC-----------------TTCCGGCTGG"	"ATGCTCTGGCTTAATATACCCAAGCAATTCCGGCTGG"	0	0	1	0
"ATGCTCTGGC-----TTCCGGCTGG"	"ATGCTCTGGCTTACATTCCGGCTGG"	0	0	0	1
"ATGCTCTGGC-----------------TTCCGGCTGG"	"ATGCTCTGGCTTAGCATACCCAAGCAATTCCGGCTGG"	0	0	2	0
"ATGCTCTGGC-----------------TTCCGGCTGG"	"ATGCTCTGGCTTAGCATACCCACGCAATTCCGGCTGG"	0	0	1	0
"ATGCTCTGGC-----TTCCGGCTGG"	"ATGCTCTGGCTTATATTCCGGCTGG"	0	0	0	1
"ATGCTCTGGC-----------------TTCCGGCTGG"	"ATGCTCTGGCTTATCATACCCAAGCAATTCCGGCTGG"	0	0	1	0
"ATGCTCTGGC------TTCCGGCTGG"	"ATGCTCTGGCTTATTATTCCGGCTGG"	1	1	0	0
"ATGCTCTGGC----TTCCGGCTGG"	"ATGCTCTGGCTTATTTCCGGCTGG"	2	0	0	1
"ATGCTCTGGC-----TTCCGGCTGG"	"ATGCTCTGGCTTATTTTCCGGCTGG"	0	1	0	0
"ATGCTCTGGC-----------------TTCCGGCTGG"	"ATGCTCTGGCTTCACATACCCAAGCAATTCCGGCTGG"	0	0	1	0
"ATGCTCTGGC----TTCCGGCTGG"	"ATGCTCTGGCTTCATTCCGGCTGG"	0	1	0	1
"ATGCTCTGGC----------TTCCGGCTGG"	"ATGCTCTGGCTTCCCAAGCATTCCGGCTGG"	0	0	0	1
"ATGCTCTGGC-----TTCCGGCTGG"	"ATGCTCTGGCTTCTATTCCGGCTGG"	1	0	0	0
"ATGCTCTGGC------TTCCGGCTGG"	"ATGCTCTGGCTTCTTATTCCGGCTGG"	0	1	0	0
"ATGCTCTGGC----TTCCGGCTGG"	"ATGCTCTGGCTTCTTTCCGGCTGG"	3	0	0	2
"ATGCTCTGGC-----------------TTCCGGCTGG"	"ATGCTCTGGCTTGACATACCCAAGCAATTCCGGCTGG"	0	0	3	0
"ATGCTCTGGC-----------------TTCCGGCTGG"	"ATGCTCTGGCTTGACATACCGAAGCAATTCCGGCTGG"	0	0	2	0
"ATGCTCTGGC----TTCCGGCTGG"	"ATGCTCTGGCTTGGTTCCGGCTGG"	0	0	1	0
"ATGCTCTGGC-----TTCCGGCTGG"	"ATGCTCTGGCTTGTATTCCGGCTGG"	1	0	3	2
"ATGCTCTGGC------TTCCGGCTGG"	"ATGCTCTGGCTTGTTATTCCGGCTGG"	4	0	0	0
"ATGCTCTGGC----------------------TTCCGGCTGG"	"ATGCTCTGGCTTGTTGGAAATAATACCATTCATTCCGGCTGG"	1	0	0	0
"ATGCTCTGGC----TTCCGGCTGG"	"ATGCTCTGGCTTGTTTCCGGCTGG"	15	0	6	1
"ATGCTCTGGC-----TTCCGGCTGG"	"ATGCTCTGGCTTGTTTTCCGGCTGG"	1	0	0	1
"ATGCTCTGGC-------TTCCGGCTGG"	"ATGCTCTGGCTTGTTTTTTCCGGCTGG"	0	0	1	0
"ATGCTCTGGC--------TTCCGGCTGG"	"ATGCTCTGGCTTTAAAAATTCCGGCTGG"	1	0	0	0
"ATGCTCTGGC-----TTCCGGCTGG"	"ATGCTCTGGCTTTAATTCCGGCTGG"	489	1	3	0
"ATGCTCTGGC-----------------TTCCGGCTGG"	"ATGCTCTGGCTTTACATACTCAAGCAATTCCGGCTGG"	0	0	1	0
"ATGCTCTGGC-----TTCCGGCTGG"	"ATGCTCTGGCTTTAGTTCCGGCTGG"	4	0	0	0
"ATGCTCTGGC------TTCCGGCTGG"	"ATGCTCTGGCTTTATATTCCGGCTGG"	0	1	1	0
"ATGCTCTGGC-----TTCCGGCTGG"	"ATGCTCTGGCTTTATTTCCGGCTGG"	2	3	1	0
"ATGCTCTGGC------TTCCGGCTGG"	"ATGCTCTGGCTTTATTTTCCGGCTGG"	0	0	2	0
"ATGCTCTGGC-----TTCCGGCTGG"	"ATGCTCTGGCTTTCATTCCGGCTGG"	2	0	2	1
"ATGCTCTGGC------TTCCGGCTGG"	"ATGCTCTGGCTTTCTATTCCGGCTGG"	0	0	1	0
"ATGCTCTGGC-----TTCCGGCTGG"	"ATGCTCTGGCTTTGATTCCGGCTGG"	11	0	3	1
"ATGCTCTGGC------TTCCGGCTGG"	"ATGCTCTGGCTTTGTATTCCGGCTGG"	4	1	1	0
"ATGCTCTGGC-----------------------TTCCGGCTGG"	"ATGCTCTGGCTTTGTTGGAAATAATACCATTCATTCCGGCTGG"	1	0	0	0
"ATGCTCTGGC-----TTCCGGCTGG"	"ATGCTCTGGCTTTGTTTCCGGCTGG"	3	8	0	1
"ATGCTCTGGC------TTCCGGCTGG"	"ATGCTCTGGCTTTGTTTTCCGGCTGG"	2	0	3	0
"ATGCTCTGGC-------TTCCGGCTGG"	"ATGCTCTGGCTTTGTTTTTCCGGCTGG"	0	0	2	0
"ATGCTCTGGC------TTCCGGCTGG"	"ATGCTCTGGCTTTTAATTCCGGCTGG"	1	1	1	0
"ATGCTCTGGC--------TTCCGGCTGG"	"ATGCTCTGGCTTTTCACATTCCGGCTGG"	1	0	0	0
"ATGCTCTGGC------TTCCGGCTGG"	"ATGCTCTGGCTTTTCTTTCCGGCTGG"	0	0	1	0
"ATGCTCTGGC-------TTCCGGCTGG"	"ATGCTCTGGCTTTTCTTTTCCGGCTGG"	0	0	1	0
"ATGCTCTGGC------TTCCGGCTGG"	"ATGCTCTGGCTTTTGATTCCGGCTGG"	9	6	9	0
"ATGCTCTGGC------TTCCGGCTGG"	"ATGCTCTGGCTTTTGGTTCCGGCTGG"	1	0	0	0
"ATGCTCTGGC---------TTCCGGCTGG"	"ATGCTCTGGCTTTTGTTTATTCCGGCTGG"	0	0	1	2
"ATGCTCTGGC------TTCCGGCTGG"	"ATGCTCTGGCTTTTGTTTCCGGCTGG"	2	0	3	0
"ATGCTCTGGC-------TTCCGGCTGG"	"ATGCTCTGGCTTTTGTTTTCCGGCTGG"	0	0	2	0
"ATGCTCTGGC--------TTCCGGCTGG"	"ATGCTCTGGCTTTTGTTTTTCCGGCTGG"	0	0	3	0
"ATGCTCTGGC----------TTCCGGCTGG"	"ATGCTCTGGCTTTTGTTTTTTTCCGGCTGG"	0	0	0	3
"ATGCTCTGGC---------TTCCGGCTGG"	"ATGCTCTGGCTTTTTGTTATTCCGGCTGG"	0	0	0	5
"ATGCTCTGGC------TTCCGGCTGG"	"ATGCTCTGGCTTTTTGTTCCGGCTGG"	3	2	2	0
"ATGCTCTGGC-------TTCCGGCTGG"	"ATGCTCTGGCTTTTTTGTTCCGGCTGG"	0	0	1	0
"ATGCTCTGGC--------TTCCGGCTGG"	"ATGCTCTGGCTTTTTTTATTCCGGCTGG"	0	0	0	1
"ATGCTCTGGC---------------------------TTCCGGCTGG"	"ATGCTCTGGCTTTTTTTGTTGGAAATAATACCATTCATTCCGGCTGG"	1	0	0	0
"ATGCTCTGGC---------TTCCGGCTGG"	"ATGCTCTGGCTTTTTTTTATTCCGGCTGG"	1	1	0	527
"ATGCTCTGGC-------TTCCGGCTGG"	"ATGCTCTGGCTTTTTTTTTCCGGCTGG"	0	0	339	0
"ATGCTCTGGC--------TTCCGGCTGG"	"ATGCTCTGGCTTTTTTTTTTCCGGCTGG"	0	1	261	6
"ATGCTCTGGC---------TTCCGGCTGG"	"ATGCTCTGGCTTTTTTTTTTTCCGGCTGG"	1	0	3	54
"ATGCTCTGGC----------TTCCGGCTGG"	"ATGCTCTGGCTTTTTTTTTTTTCCGGCTGG"	2	0	3	231
"ATGCTCTGGC-----------TTCCGGCTGG"	"ATGCTCTGGCTTTTTTTTTTTTTCCGGCTGG"	0	0	0	20
"ATGCTCTGGC------------TTCCGGCTGG"	"ATGCTCTGGCTTTTTTTTTTTTTTCCGGCTGG"	0	0	0	1
