"ref_align"	"read_align"	"count_yll073"	"count_yll074"	"count_yll075"	"count_yll076"
"CCAGCCGGAA-GCCAGAGCAT"	"CCAGCCGGAATGCCAGAGCAT"	4261457	4006355	2503567	6451774
"CCAGCCGGAAGCCAGAGCAT"	"CCAGCCGGAAGCCAGAGCAT"	482342	448963	362186	791264
"CCAGCCGGAA------GCCAGAGCAT"	"CCAGCCGGAATGCTTGGCCAGAGCAT"	229981	135577	75321	106819
"CCAGCCGGAA--GCCAGAGCAT"	"CCAGCCGGAATGGCCAGAGCAT"	74362	80099	54720	144591
"CCAGCCGGAA--GCCAGAGCAT"	"CCAGCCGGAATTGCCAGAGCAT"	23813	19810	15670	24886
"CCAGCCGGAA-GCCAGAGCAT"	"CCAGCCGGAAAGCCAGAGCAT"	19379	18311	8460	30497
"CCAGCCGGAA--GCCAGAGCAT"	"CCAGCCGGAAAAGCCAGAGCAT"	15909	12900	5743	13590
"CCAGCCGGAAGCCAGAGCAT"	"CCA-------GCCAGAGCAT"	7151	4371	58638	10208
"CCAGCCGGAAGCCAGAGCAT"	"CCAGCCGGAA-CCAGAGCAT"	9360	8032	4368	11975
"CCAGCCGGAAGCCAGAGCAT"	"CCAGCCG---GCCAGAGCAT"	2863	4033	6488	8839
"CCAGCCGGAA---GCCAGAGCAT"	"CCAGCCGGAATTTGCCAGAGCAT"	5971	7643	2783	7295
"CCAGCCGGAA--GCCAGAGCAT"	"CCAGCCGGAAGGGCCAGAGCAT"	8147	7974	2640	10314
"CCAGCCGGAAGCCAGAGCAT"	"CCAGCCGGA-GCCAGAGCAT"	2549	3029	3490	4623
"CCAGCCGGAA-GCCAGAGCAT"	"CCAGCCGGAAGGCCAGAGCAT"	7530	3625	2169	11574
"CCAGCCGGAA---GCCAGAGCAT"	"CCAGCCGGAATGGGCCAGAGCAT"	5655	5561	2127	6321
"CCAGCCGGAA---GCCAGAGCAT"	"CCAGCCGGAAAAAGCCAGAGCAT"	3624	3607	2014	4782
"CCAGCCGGAA--GCCAGAGCAT"	"CCAGCCGGAACCGCCAGAGCAT"	2864	839	990	1530
"CCAGCCGGAA----GCCAGAGCAT"	"CCAGCCGGAATTTTGCCAGAGCAT"	2821	772	1538	2633
"CCAGCCGGAA----GCCAGAGCAT"	"CCAGCCGGAAAAAAGCCAGAGCAT"	682	1846	3125	1584
"CCAGCCGGAAGCCAGAGCAT"	"-----------CCAGAGCAT"	995	442	18565	1422
"CCAGCCGGAAGCCAGAGCAT"	"CCAGCCGGAA--CAGAGCAT"	1091	2192	1383	417
"CCAGCCGGAA-------GCCAGAGCAT"	"CCAGCCGGAATGCTTGGGCCAGAGCAT"	764	379	633	810
"CCAGCCGGAA---GCCAGAGCAT"	"CCAGCCGGAAGGGGCCAGAGCAT"	1976	1092	308	3041
"CCAGCCGGAA-GCCAGAGCAT"	"CCAGCCGGAACGCCAGAGCAT"	3597	3320	280	3695
"CCAGCCGGAA------GCCAGAGCAT"	"CCAGCCGGAATGCGTGGCCAGAGCAT"	741	418	239	357
"CCAGCCGGAA---GCCAGAGCAT"	"CCAGCCGGAATGCGCCAGAGCAT"	1675	1269	233	243
"CCAGCCGGAAGCCAGAGCAT"	"CCAGCCG-------GAGCAT"	1080	193	5579	1082
"CCAGCCGGAA------GCCAGAGCAT"	"CCAGCCGGAATTCTTGGCCAGAGCAT"	190	140	62	101
"CCAGCCGGAA------GCCAGAGCAT"	"CCAGCCGGAATGCATGGCCAGAGCAT"	210	120	49	102
"CCAGCCGGAA------GCCAGAGCAT"	"CCAGCCGGAATGCTTTGCCAGAGCAT"	87	56	30	39
"CCAGCCGGAA--GCCAGAGCAT"	"CCAGCCGGAATCGCCAGAGCAT"	4847	10584	28	2708
"CCAGCCGGAA------GCCAGAGCAT"	"CCAGCCGGAATGCTAGGCCAGAGCAT"	70	42	26	33
"CCAGCCGGAA------GCCAGAGCAT"	"CCAGCCGGAATGCTCGGCCAGAGCAT"	54	232	25	772
"CCAGCCGGAA------GCCAGAGCAT"	"CCAGCCGGAATGCTGGGCCAGAGCAT"	65	43	22	31
"CCAGCCGGAA------GCCAGAGCAT"	"CCAGCCGGAATGCCTGGCCAGAGCAT"	67	493	20	32
"CCAGCCGGAA------GCCAGAGCAT"	"CCAGCCGGAATGATTGGCCAGAGCAT"	62	41	19	33
"CCAGCCGGAA------GCCAGAGCAT"	"CCAGCCGGAATACTTGGCCAGAGCAT"	47	43	18	27
"CCAGCCGGAA--GCCAGAGCAT"	"CCAGCCGGAAAGGCCAGAGCAT"	47	44	16	178
"CCAGCCGGAA------GCCAGAGCAT"	"CCAGCCGGAATGGTTGGCCAGAGCAT"	22	11	15	11
"CCAGCCGGAA--GCCAGAGCAT"	"CCAGCCGGAACGGCCAGAGCAT"	11	10	825	19
"CCAGCCGGAAGCCAGAGCAT"	"CC-------------AGCAT"	8	11	2654	1767
"CCAGCCGGAA--GCCAGAGCAT"	"CCAGCCGGAAATGCCAGAGCAT"	1699	347	8	1570
"CCAGCCGGAA------GCCAGAGCAT"	"CCAGCCGGAATGNTTGGCCAGAGCAT"	34	12	8	13
"CCAGCCGGAA-------GCCAGAGCAT"	"CCAGCCGGAATTGCTTGGCCAGAGCAT"	1379	1681	8	999
"CCAGCCGGAA---GCCAGAGCAT"	"CCAGCCGGAATTGGCCAGAGCAT"	1001	141	8	471
"CCAGCCGGAA---GCCAGAGCAT"	"CCAGCCGGAATGTGCCAGAGCAT"	293	1395	7	1126
"CCAGCCGGAA---GCCAGAGCAT"	"CCAGCCGGAATTCGCCAGAGCAT"	7	11	8	8
"CCAGCCGGAA------GCCAGAGCAT"	"CCAGCCGGAAGGCTTGGCCAGAGCAT"	16	20	6	15
"CCAGCCGGAA----GCCAGAGCAT"	"CCAGCCGGAATGTTGCCAGAGCAT"	11	295	6	130
"CCAGCCGGAAGCCAGAGCAT"	"CCAGCCGG-----AGAGCAT"	5	11	5784	440
"CCAGCCGGAAGCCAGAGCAT"	"CCAGCCGGAA-------CAT"	5	1315	2730	138
"CCAGCCGGAA--GCCAGAGCAT"	"CCAGCCGGAACTGCCAGAGCAT"	865	592	6	5
"CCAGCCGGAA---GCCAGAGCAT"	"CCAGCCGGAATCCGCCAGAGCAT"	1837	714	5	597
"CCAGCCGGAA------GCCAGAGCAT"	"CCAGCCGGAATCCTTGGCCAGAGCAT"	12	9	8	5
"CCAGCCGGAA-----GCCAGAGCAT"	"CCAGCCGGAATGCTTGCCAGAGCAT"	426	274	5	523
"CCAGCCGGAAGCCAGAGCAT"	"CCAG--------CAGAGCAT"	4	324	1345	6
"CCAGCCGGAAGCCAGAGCAT"	"CCAGCCGG--GCCAGAGCAT"	1169	1119	4	1774
"CCAGCCGGAA------GCCAGAGCAT"	"CCAGCCGGAACGCTTGGCCAGAGCAT"	11	11	4	14
"CCAGCCGGAA--GCCAGAGCAT"	"CCAGCCGGAAGTGCCAGAGCAT"	20	22	4	30
"CCAGCCGGAA------GCCAGAGCAT"	"CCAGCCGGAATGATGGGCCAGAGCAT"	13	11	4	7
"CCAGCCGGAAGCCAGAGCAT"	"CCAGCCGGA------AGCAT"	367	3	1250	930
"CCAGCCGGAA--GCCAGAGCAT"	"CCAGCCGGAAACGCCAGAGCAT"	5	10	3	4
"CCAGCCGGAA--GCCAGAGCAT"	"CCAGCCGGAAGCGCCAGAGCAT"	4	5	3	4
"CCAGCCGGAA------GCCAGAGCAT"	"CCAGCCGGAATGTTTGGCCAGAGCAT"	5	5	3	7
"CCAGCCGGAA----GCCAGAGCAT"	"CCAGCCGGAATTTGGCCAGAGCAT"	7	3	3	10
"CCAGCCGGAAGCCAGAGCAT"	"C----------------CAT"	2	2	2544	126
"CCAGCCGGAAGCCAGAGCAT"	"C---------GCCAGAGCAT"	2	5	5077	5
"CCAGCCGGAAGCCAGAGCAT"	"CCAGCC--------------"	2	3	1194	2
"CCAGCCGGAAGCCAGAGCAT"	"CCAGCC----GCCAGAGCAT"	2	8	2252	871
"CCAGCCGGAAGCCAGAGCAT"	"CCAGCCG-----CAGAGCAT"	889	415	2	3
"CCAGCCGGAAGCCAGAGCAT"	"CCAGCCGGA----AGAGCAT"	1111	7	2	849
"CCAGCCGGAAGCCAGAGCAT"	"CCAGCCGGA---CAGAGCAT"	5	2	3	3
"CCAGCCGGAAGCCAGAGCAT"	"CCAGCCGGAA---AGAGCAT"	2064	6	1407	2
"CCAGCCGGAA---GCCAGAGCAT"	"CCAGCCGGAAAACGCCAGAGCAT"	5	2	2	7
"CCAGCCGGAA---GCCAGAGCAT"	"CCAGCCGGAAAATGCCAGAGCAT"	2	2	2	460
"CCAGCCGGAA-------GCCAGAGCAT"	"CCAGCCGGAAATGCTTGGCCAGAGCAT"	455	112	2	3
"CCAGCCGGAA---GCCAGAGCAT"	"CCAGCCGGAACCCGCCAGAGCAT"	1621	688	2	674
"CCAGCCGGAA---GCCAGAGCAT"	"CCAGCCGGAATACGCCAGAGCAT"	5	6	2	2
"CCAGCCGGAA----GCCAGAGCAT"	"CCAGCCGGAATCCCGCCAGAGCAT"	1869	270	2	302
"CCAGCCGGAA------GCCAGAGCAT"	"CCAGCCGGAATGATCGGCCAGAGCAT"	7	3	4	2
"CCAGCCGGAA-----GCCAGAGCAT"	"CCAGCCGGAATGCTGGCCAGAGCAT"	2	542	2	2
"CCAGCCGGAA------GCCAGAGCAT"	"CCAGCCGGAATGCTTCGCCAGAGCAT"	6	3	2	4
"CCAGCCGGAA-----GCCAGAGCAT"	"CCAGCCGGAATTTTTGCCAGAGCAT"	303	417	2	88
"CCAGCCGGAAGCCAGAGCAT"	"CCAGC------------CAT"	1	2	1451	1
"CCAGCCGGAAGCCAGAGCAT"	"CCAGC------CCAGAGCAT"	2	101	1302	1
"CCAGCCGGAAGCCAGAGCAT"	"CCAGC-----GCCAGAGCAT"	2	1	994	1
"CCAGCCGGAAGCCAGAGCAT"	"CCAGCC----------GCAT"	2	1	1205	1
"CCAGCCGGAAGCCAGAGCAT"	"CCAGCC--------GAGCAT"	1	6	2090	1
"CCAGCCGGAAGCCAGAGCAT"	"CCAGCCG---------GCAT"	1	1	2699	217
"CCAGCCGGAAGCCAGAGCAT"	"CCAGCCGGAA-----AGCAT"	1	524	4	269
"CCAGCCGGAA----GCCAGAGCAT"	"CCAGCCGGAAAAAGGCCAGAGCAT"	1	8	14	7
"CCAGCCGGAA------GCCAGAGCAT"	"CCAGCCGGAAAGCTTGGCCAGAGCAT"	4	3	1	4
"CCAGCCGGAA---GCCAGAGCAT"	"CCAGCCGGAAGTGGCCAGAGCAT"	2	2	1	9
"CCAGCCGGAA----GCCAGAGCAT"	"CCAGCCGGAATAAGGCCAGAGCAT"	13	488	1	2
"CCAGCCGGAA------GCCAGAGCAT"	"CCAGCCGGAATACTTTGCCAGAGCAT"	1	2	1	1
"CCAGCCGGAA---GCCAGAGCAT"	"CCAGCCGGAATAGGCCAGAGCAT"	7	6	1	3
"CCAGCCGGAA----GCCAGAGCAT"	"CCAGCCGGAATAGGGCCAGAGCAT"	518	3	1	1
"CCAGCCGGAA---GCCAGAGCAT"	"CCAGCCGGAATATGCCAGAGCAT"	904	417	1	1291
"CCAGCCGGAA------GCCAGAGCAT"	"CCAGCCGGAATGATAGGCCAGAGCAT"	17	4	1	4
"CCAGCCGGAA----GCCAGAGCAT"	"CCAGCCGGAATGGGGCCAGAGCAT"	1	169	627	613
"CCAGCCGGAA------GCCAGAGCAT"	"CCAGCCGGAATTCTTTGCCAGAGCAT"	6	4	1	4
"CCAGCCGGAAGCCAGAGCAT"	"----------GCCAGAGCAT"	1	1	434	0
"CCAGCCGGAAGCCAGAGCAT"	"C-------------GAGCAT"	0	0	4	4
"CCAGCCGGAAGCCAGAGCAT"	"CC---------------CAT"	0	0	6	0
"CCAGCCGGAAGCCAGAGCAT"	"CC--------------GCAT"	0	2	0	212
"CCAGCCGGAAGCCAGAGCAT"	"CC------------GAGCAT"	0	0	1	0
"CCAGCCGGAAGCCAGAGCAT"	"CC---------CCAGAGCAT"	0	2	1465	1
"CCAGCCGGAAGCCAGAGCAT"	"CC--------GCCAGAGCAT"	0	0	258	2
"CCAGCCGGAAGCCAGAGCAT"	"CCA-----------------"	1	0	1	1
"CCAGCCGGAAGCCAGAGCAT"	"CCA---------------AT"	0	0	2	0
"CCAGCCGGAAGCCAGAGCAT"	"CCA------------AGCAT"	0	0	11	1
"CCAGCCGGAAGCCAGAGCAT"	"CCA----------AGAGCAT"	0	0	1557	3
"CCAGCCGGAAGCCAGAGCAT"	"CCA---------CAGAGCAT"	0	0	1	0
"CCAGCCGGAAGCCAGAGCAT"	"CCA--------CCAGAGCAT"	0	0	370	0
"CCAGCCGGAAGCCAGAGCAT"	"CCAG----------------"	0	0	8	1
"CCAGCCGGAAGCCAGAGCAT"	"CCAG---------------T"	1	0	953	2
"CCAGCCGGAAGCCAGAGCAT"	"CCAG------------GCAT"	0	0	34	1
"CCAGCCGGAAGCCAGAGCAT"	"CCAG----------GAGCAT"	0	0	2	0
"CCAGCCGGAAGCCAGAGCAT"	"CCAG---------AGAGCAT"	0	0	0	1
"CCAGCCGGAAGCCAGAGCAT"	"CCAG------GCCAGAGCAT"	0	0	2	0
"CCAGCCGGAAGCCAGAGCAT"	"CCAGC--------------T"	0	0	2	1
"CCAGCCGGAAGCCAGAGCAT"	"CCAGC-----------GCAT"	2	0	24	2
"CCAGCCGGAAGCCAGAGCAT"	"CCAGC----------AGCAT"	0	1	3	0
"CCAGCCGGAAGCCAGAGCAT"	"CCAGC---------GAGCAT"	0	0	1	0
"CCAGCCGGAAGCCAGAGCAT"	"CCAGCC-------------T"	0	0	3	4
"CCAGCCGGAAGCCAGAGCAT"	"CCAGCC---------AGCAT"	0	0	1	0
"CCAGCCGGAAGCCAGAGCAT"	"CCAGCC-----CCAGAGCAT"	0	0	5	0
"CCAGCCGGAAGCCAGAGCAT"	"CCAGCCG-------------"	0	0	1	0
"CCAGCCGGAAGCCAGAGCAT"	"CCAGCCG------------T"	0	0	18	0
"CCAGCCGGAAGCCAGAGCAT"	"CCAGCCGG-----------T"	1	0	0	224
"CCAGCCGGAAGCCAGAGCAT"	"CCAGCCGG----------AT"	23	0	2	0
"CCAGCCGGAAGCCAGAGCAT"	"CCAGCCGG--------GCAT"	1	0	549	0
"CCAGCCGGAAGCCAGAGCAT"	"CCAGCCGG------GAGCAT"	1	0	6	0
"CCAGCCGGAAGCCAGAGCAT"	"CCAGCCGG----CAGAGCAT"	4	1	0	0
"CCAGCCGGAAGCCAGAGCAT"	"CCAGCCGGA---------AT"	2	554	0	447
"CCAGCCGGAAGCCAGAGCAT"	"CCAGCCGGA--------CAT"	0	0	13	0
"CCAGCCGGAAGCCAGAGCAT"	"CCAGCCGGA--CCAGAGCAT"	0	7	2	816
"CCAGCCGGAAGCCAGAGCAT"	"CCAGCCGGAA----------"	1	0	0	0
"CCAGCCGGAA-----GCCAGAGCAT"	"CCAGCCGGAAAAAAAGCCAGAGCAT"	0	0	0	2
"CCAGCCGGAA----------GCCAGAGCAT"	"CCAGCCGGAAAAAATGCTTGGCCAGAGCAT"	0	0	1	0
"CCAGCCGGAA----GCCAGAGCAT"	"CCAGCCGGAAAAACGCCAGAGCAT"	0	1	2	2
"CCAGCCGGAA----GCCAGAGCAT"	"CCAGCCGGAAAAATGCCAGAGCAT"	0	3	3	1
"CCAGCCGGAA--------GCCAGAGCAT"	"CCAGCCGGAAAACGCTTGGCCAGAGCAT"	2	0	0	0
"CCAGCCGGAA---GCCAGAGCAT"	"CCAGCCGGAAAAGGCCAGAGCAT"	0	2	0	2
"CCAGCCGGAA---GCCAGAGCAT"	"CCAGCCGGAAAANGCCAGAGCAT"	1	1	0	0
"CCAGCCGGAA--------GCCAGAGCAT"	"CCAGCCGGAAAATACTTGGCCAGAGCAT"	1	0	0	0
"CCAGCCGGAA--------GCCAGAGCAT"	"CCAGCCGGAAAATGCTTCGCCAGAGCAT"	1	0	0	0
"CCAGCCGGAA--------GCCAGAGCAT"	"CCAGCCGGAAAATGCTTGGCCAGAGCAT"	1051	0	1	1
"CCAGCCGGAA----GCCAGAGCAT"	"CCAGCCGGAAAATGGCCAGAGCAT"	0	0	0	1
"CCAGCCGGAA--------GCCAGAGCAT"	"CCAGCCGGAAAATTCTTGGCCAGAGCAT"	1	0	0	0
"CCAGCCGGAA----GCCAGAGCAT"	"CCAGCCGGAAAATTGCCAGAGCAT"	0	0	0	274
"CCAGCCGGAA---GCCAGAGCAT"	"CCAGCCGGAAACCGCCAGAGCAT"	0	0	0	154
"CCAGCCGGAA--------GCCAGAGCAT"	"CCAGCCGGAAACTGCTTGGCCAGAGCAT"	2	0	0	0
"CCAGCCGGAA---GCCAGAGCAT"	"CCAGCCGGAAAGCGCCAGAGCAT"	0	1	0	2
"CCAGCCGGAA--------GCCAGAGCAT"	"CCAGCCGGAAAGTGCGTGGCCAGAGCAT"	1	0	0	0
"CCAGCCGGAA--------GCCAGAGCAT"	"CCAGCCGGAAAGTGCTTGGCCAGAGCAT"	2	1	0	0
"CCAGCCGGAA----GCCAGAGCAT"	"CCAGCCGGAAAGTTGCCAGAGCAT"	0	0	0	1
"CCAGCCGGAA----GCCAGAGCAT"	"CCAGCCGGAAATCCGCCAGAGCAT"	1	0	0	0
"CCAGCCGGAA---GCCAGAGCAT"	"CCAGCCGGAAATCGCCAGAGCAT"	1	0	0	0
"CCAGCCGGAA-------GCCAGAGCAT"	"CCAGCCGGAAATGATTGGCCAGAGCAT"	0	1	0	0
"CCAGCCGGAA-------GCCAGAGCAT"	"CCAGCCGGAAATGCTTTGCCAGAGCAT"	1	0	0	0
"CCAGCCGGAA-------GCCAGAGCAT"	"CCAGCCGGAAATGGTTGGCCAGAGCAT"	2	1	0	0
"CCAGCCGGAA---GCCAGAGCAT"	"CCAGCCGGAAATTGCCAGAGCAT"	0	0	1	0
"CCAGCCGGAA----GCCAGAGCAT"	"CCAGCCGGAAATTTGCCAGAGCAT"	0	0	1	0
"CCAGCCGGAA--GCCAGAGCAT"	"CCAGCCGGAACAGCCAGAGCAT"	0	0	2	0
"CCAGCCGGAA------GCCAGAGCAT"	"CCAGCCGGAACCCCGGGCCAGAGCAT"	0	0	6	0
"CCAGCCGGAA---GCCAGAGCAT"	"CCAGCCGGAACCGGCCAGAGCAT"	0	0	0	407
"CCAGCCGGAA---GCCAGAGCAT"	"CCAGCCGGAACCTGCCAGAGCAT"	0	0	0	1
"CCAGCCGGAA---GCCAGAGCAT"	"CCAGCCGGAACGGGCCAGAGCAT"	1	0	0	1
"CCAGCCGGAA-------GCCAGAGCAT"	"CCAGCCGGAACTGCTTGGCCAGAGCAT"	0	1	0	0
"CCAGCCGGAA---GCCAGAGCAT"	"CCAGCCGGAACTTGCCAGAGCAT"	0	1	2	0
"CCAGCCGGAA----GCCAGAGCAT"	"CCAGCCGGAACTTTGCCAGAGCAT"	1	0	0	0
"CCAGCCGGAA---GCCAGAGCAT"	"CCAGCCGGAAGAAGCCAGAGCAT"	1	1	0	1
"CCAGCCGGAA---GCCAGAGCAT"	"CCAGCCGGAAGAGGCCAGAGCAT"	1	0	0	59
"CCAGCCGGAA----GCCAGAGCAT"	"CCAGCCGGAAGATGGCCAGAGCAT"	0	0	0	1
"CCAGCCGGAA----GCCAGAGCAT"	"CCAGCCGGAAGCCCGCCAGAGCAT"	1	0	0	0
"CCAGCCGGAA---GCCAGAGCAT"	"CCAGCCGGAAGCCGCCAGAGCAT"	1	0	0	1
"CCAGCCGGAA------GCCAGAGCAT"	"CCAGCCGGAAGCCTGGGCCAGAGCAT"	0	0	1	0
"CCAGCCGGAA------GCCAGAGCAT"	"CCAGCCGGAAGCCTTGGCCAGAGCAT"	2	0	0	0
"CCAGCCGGAA---GCCAGAGCAT"	"CCAGCCGGAAGCGGCCAGAGCAT"	1	0	0	0
"CCAGCCGGAA---GCCAGAGCAT"	"CCAGCCGGAAGGCGCCAGAGCAT"	0	6	1	1021
"CCAGCCGGAA------GCCAGAGCAT"	"CCAGCCGGAAGGCGTGGCCAGAGCAT"	1	0	0	0
"CCAGCCGGAA-----GCCAGAGCAT"	"CCAGCCGGAAGGCTGGCCAGAGCAT"	0	1	0	0
"CCAGCCGGAA------GCCAGAGCAT"	"CCAGCCGGAAGGCTGGGCCAGAGCAT"	1	1	1	0
"CCAGCCGGAA-------GCCAGAGCAT"	"CCAGCCGGAAGGCTTGGGCCAGAGCAT"	0	0	1	0
"CCAGCCGGAA------GCCAGAGCAT"	"CCAGCCGGAAGGCTTTGCCAGAGCAT"	0	0	1	1
"CCAGCCGGAA----GCCAGAGCAT"	"CCAGCCGGAAGGGGGCCAGAGCAT"	0	3	0	873
"CCAGCCGGAA---GCCAGAGCAT"	"CCAGCCGGAAGGNGCCAGAGCAT"	0	1	0	0
"CCAGCCGGAA--------GCCAGAGCAT"	"CCAGCCGGAAGGTACTTGGCCAGAGCAT"	0	1	0	0
"CCAGCCGGAA---GCCAGAGCAT"	"CCAGCCGGAAGGTGCCAGAGCAT"	1	141	0	1
"CCAGCCGGAA--------GCCAGAGCAT"	"CCAGCCGGAAGGTGCGTGGCCAGAGCAT"	0	2	0	0
"CCAGCCGGAA--------GCCAGAGCAT"	"CCAGCCGGAAGGTGCTTGGCCAGAGCAT"	0	893	1	1
"CCAGCCGGAA---GCCAGAGCAT"	"CCAGCCGGAAGTCGCCAGAGCAT"	0	0	0	1
"CCAGCCGGAA-------GCCAGAGCAT"	"CCAGCCGGAAGTGCTTGGCCAGAGCAT"	0	1	0	0
"CCAGCCGGAA----GCCAGAGCAT"	"CCAGCCGGAAGTGGGCCAGAGCAT"	0	0	0	3
"CCAGCCGGAA---GCCAGAGCAT"	"CCAGCCGGAAGTTGCCAGAGCAT"	0	0	0	1
"CCAGCCGGAA----GCCAGAGCAT"	"CCAGCCGGAAGTTTGCCAGAGCAT"	1	0	0	0
"CCAGCCGGAA------GCCAGAGCAT"	"CCAGCCGGAATAAAAGGCCAGAGCAT"	0	0	0	1
"CCAGCCGGAA-----GCCAGAGCAT"	"CCAGCCGGAATAAATGCCAGAGCAT"	0	0	0	1
"CCAGCCGGAA----GCCAGAGCAT"	"CCAGCCGGAATAACGCCAGAGCAT"	2	3	0	0
"CCAGCCGGAA----GCCAGAGCAT"	"CCAGCCGGAATAATGCCAGAGCAT"	3	4	0	94
"CCAGCCGGAA---------GCCAGAGCAT"	"CCAGCCGGAATACCCAAGCGCCAGAGCAT"	0	1	0	284
"CCAGCCGGAA---------GCCAGAGCAT"	"CCAGCCGGAATACGCAAGCGCCAGAGCAT"	0	0	0	1
"CCAGCCGGAA------GCCAGAGCAT"	"CCAGCCGGAATACGTGGCCAGAGCAT"	0	0	1	0
"CCAGCCGGAA---------GCCAGAGCAT"	"CCAGCCGGAATACTCAAGCGCCAGAGCAT"	0	0	0	1
"CCAGCCGGAA------GCCAGAGCAT"	"CCAGCCGGAATACTCGGCCAGAGCAT"	0	0	0	1
"CCAGCCGGAA-----GCCAGAGCAT"	"CCAGCCGGAATACTGGCCAGAGCAT"	0	1	0	0
"CCAGCCGGAA-----GCCAGAGCAT"	"CCAGCCGGAATAGATGCCAGAGCAT"	0	0	0	1
"CCAGCCGGAA----GCCAGAGCAT"	"CCAGCCGGAATAGCGCCAGAGCAT"	1	0	0	0
"CCAGCCGGAA-----GCCAGAGCAT"	"CCAGCCGGAATAGTGGCCAGAGCAT"	2	0	0	0
"CCAGCCGGAA---GCCAGAGCAT"	"CCAGCCGGAATANGCCAGAGCAT"	0	0	0	2
"CCAGCCGGAA----GCCAGAGCAT"	"CCAGCCGGAATATCGCCAGAGCAT"	0	1	0	0
"CCAGCCGGAA--------GCCAGAGCAT"	"CCAGCCGGAATATGCTTGGCCAGAGCAT"	0	0	0	1
"CCAGCCGGAA----GCCAGAGCAT"	"CCAGCCGGAATATGGCCAGAGCAT"	643	2	0	6
"CCAGCCGGAA----GCCAGAGCAT"	"CCAGCCGGAATATTGCCAGAGCAT"	1	3	0	435
"CCAGCCGGAA----GCCAGAGCAT"	"CCAGCCGGAATCACGCCAGAGCAT"	2	1	0	0
"CCAGCCGGAA------GCCAGAGCAT"	"CCAGCCGGAATCCAGGGCCAGAGCAT"	1	0	0	0
"CCAGCCGGAA----GCCAGAGCAT"	"CCAGCCGGAATCCGGCCAGAGCAT"	6	0	0	242
"CCAGCCGGAA----GCCAGAGCAT"	"CCAGCCGGAATCCTGCCAGAGCAT"	1	0	0	0
"CCAGCCGGAA------GCCAGAGCAT"	"CCAGCCGGAATCCTGGGCCAGAGCAT"	0	0	1	1
"CCAGCCGGAA------GCCAGAGCAT"	"CCAGCCGGAATCCTTTGCCAGAGCAT"	0	1	0	0
"CCAGCCGGAA----GCCAGAGCAT"	"CCAGCCGGAATCGCGCCAGAGCAT"	1	0	0	0
"CCAGCCGGAA-------GCCAGAGCAT"	"CCAGCCGGAATCGCGTGGCCAGAGCAT"	0	0	0	1
"CCAGCCGGAA-------GCCAGAGCAT"	"CCAGCCGGAATCGCTTGGCCAGAGCAT"	0	1	0	0
"CCAGCCGGAA---GCCAGAGCAT"	"CCAGCCGGAATCGGCCAGAGCAT"	1	235	0	252
"CCAGCCGGAA---GCCAGAGCAT"	"CCAGCCGGAATCNGCCAGAGCAT"	1	0	0	0
"CCAGCCGGAA----GCCAGAGCAT"	"CCAGCCGGAATCNTGCCAGAGCAT"	0	0	1	0
"CCAGCCGGAA----GCCAGAGCAT"	"CCAGCCGGAATCTCGCCAGAGCAT"	1	0	0	0
"CCAGCCGGAA---GCCAGAGCAT"	"CCAGCCGGAATCTGCCAGAGCAT"	1	3	0	1
"CCAGCCGGAA--------GCCAGAGCAT"	"CCAGCCGGAATCTGCTTGGCCAGAGCAT"	0	0	0	2
"CCAGCCGGAA----GCCAGAGCAT"	"CCAGCCGGAATCTGGCCAGAGCAT"	0	0	2	0
"CCAGCCGGAA----GCCAGAGCAT"	"CCAGCCGGAATCTTGCCAGAGCAT"	0	2	435	0
"CCAGCCGGAA-----GCCAGAGCAT"	"CCAGCCGGAATCTTGGCCAGAGCAT"	0	0	1	0
"CCAGCCGGAA--------GCCAGAGCAT"	"CCAGCCGGAATGAGCTTGGCCAGAGCAT"	0	0	1	0
"CCAGCCGGAA----GCCAGAGCAT"	"CCAGCCGGAATGAGGCCAGAGCAT"	0	0	0	1
"CCAGCCGGAA----GCCAGAGCAT"	"CCAGCCGGAATGATGCCAGAGCAT"	0	0	0	1
"CCAGCCGGAA-------GCCAGAGCAT"	"CCAGCCGGAATGATTGGGCCAGAGCAT"	2	0	0	1
"CCAGCCGGAA-----GCCAGAGCAT"	"CCAGCCGGAATGCATGCCAGAGCAT"	0	0	0	1
"CCAGCCGGAA-------GCCAGAGCAT"	"CCAGCCGGAATGCATGGGCCAGAGCAT"	2	0	4	1
"CCAGCCGGAA------GCCAGAGCAT"	"CCAGCCGGAATGCCAGGCCAGAGCAT"	1	2	0	0
"CCAGCCGGAA----GCCAGAGCAT"	"CCAGCCGGAATGCCGCCAGAGCAT"	3	0	0	0
"CCAGCCGGAA-----GCCAGAGCAT"	"CCAGCCGGAATGCCGGCCAGAGCAT"	0	1	0	0
"CCAGCCGGAA------GCCAGAGCAT"	"CCAGCCGGAATGCCGGGCCAGAGCAT"	0	0	1	0
"CCAGCCGGAA-------GCCAGAGCAT"	"CCAGCCGGAATGCCTGGGCCAGAGCAT"	0	0	1	1
"CCAGCCGGAA------GCCAGAGCAT"	"CCAGCCGGAATGCCTTGCCAGAGCAT"	0	1	0	0
"CCAGCCGGAA------GCCAGAGCAT"	"CCAGCCGGAATGCGCGGCCAGAGCAT"	0	0	0	1
"CCAGCCGGAA----GCCAGAGCAT"	"CCAGCCGGAATGCGGCCAGAGCAT"	1	1	1	0
"CCAGCCGGAA-----GCCAGAGCAT"	"CCAGCCGGAATGCGGGCCAGAGCAT"	0	1	0	0
"CCAGCCGGAA------GCCAGAGCAT"	"CCAGCCGGAATGCGGGGCCAGAGCAT"	1	0	0	0
"CCAGCCGGAA-----GCCAGAGCAT"	"CCAGCCGGAATGCGTGCCAGAGCAT"	0	0	0	1
"CCAGCCGGAA-------GCCAGAGCAT"	"CCAGCCGGAATGCGTGGGCCAGAGCAT"	3	0	2	3
"CCAGCCGGAA---------GCCAGAGCAT"	"CCAGCCGGAATGCGTGGGTGCCAGAGCAT"	1	0	0	0
"CCAGCCGGAA---------GCCAGAGCAT"	"CCAGCCGGAATGCTAGGGTGCCAGAGCAT"	1	0	0	0
"CCAGCCGGAA-----GCCAGAGCAT"	"CCAGCCGGAATGCTCGCCAGAGCAT"	0	1	0	0
"CCAGCCGGAA-------GCCAGAGCAT"	"CCAGCCGGAATGCTCGGGCCAGAGCAT"	0	0	0	1
"CCAGCCGGAA----GCCAGAGCAT"	"CCAGCCGGAATGCTGCCAGAGCAT"	384	0	0	86
"CCAGCCGGAA----------GCCAGAGCAT"	"CCAGCCGGAATGCTGGGGGGGCCAGAGCAT"	0	1	0	0
"CCAGCCGGAA------GCCAGAGCAT"	"CCAGCCGGAATGCTGTGCCAGAGCAT"	0	0	0	1
"CCAGCCGGAA-------GCCAGAGCAT"	"CCAGCCGGAATGCTTAGGCCAGAGCAT"	0	0	1	0
"CCAGCCGGAA---------GCCAGAGCAT"	"CCAGCCGGAATGCTTGAGTGCCAGAGCAT"	2	0	0	0
"CCAGCCGGAA--------GCCAGAGCAT"	"CCAGCCGGAATGCTTGGGGCCAGAGCAT"	0	0	0	1
"CCAGCCGGAA----------GCCAGAGCAT"	"CCAGCCGGAATGCTTGGGGGGCCAGAGCAT"	0	181	1	0
"CCAGCCGGAA-----------GCCAGAGCAT"	"CCAGCCGGAATGCTTGGGTATGCCAGAGCAT"	1	0	0	1
"CCAGCCGGAA---------GCCAGAGCAT"	"CCAGCCGGAATGCTTGGGTGCCAGAGCAT"	336	0	0	0
"CCAGCCGGAA----------GCCAGAGCAT"	"CCAGCCGGAATGCTTGGGTGGCCAGAGCAT"	0	1	0	1
"CCAGCCGGAA-----------GCCAGAGCAT"	"CCAGCCGGAATGCTTGGGTGGGCCAGAGCAT"	0	0	0	1
"CCAGCCGGAA-------GCCAGAGCAT"	"CCAGCCGGAATGCTTTGGCCAGAGCAT"	1	0	1	1
"CCAGCCGGAA----GCCAGAGCAT"	"CCAGCCGGAATGGCGCCAGAGCAT"	0	1	0	2
"CCAGCCGGAA-------GCCAGAGCAT"	"CCAGCCGGAATGGCGTGGCCAGAGCAT"	0	1	0	0
"CCAGCCGGAA-----GCCAGAGCAT"	"CCAGCCGGAATGGCTGCCAGAGCAT"	0	0	0	2
"CCAGCCGGAA-------GCCAGAGCAT"	"CCAGCCGGAATGGCTGGGCCAGAGCAT"	0	0	0	1
"CCAGCCGGAA-------GCCAGAGCAT"	"CCAGCCGGAATGGCTTGGCCAGAGCAT"	5	6	0	2
"CCAGCCGGAA------GCCAGAGCAT"	"CCAGCCGGAATGGTAGGCCAGAGCAT"	2	0	1	1
"CCAGCCGGAA------GCCAGAGCAT"	"CCAGCCGGAATGGTCGGCCAGAGCAT"	2	1	0	2
"CCAGCCGGAA----GCCAGAGCAT"	"CCAGCCGGAATGGTGCCAGAGCAT"	0	1	0	1
"CCAGCCGGAA------GCCAGAGCAT"	"CCAGCCGGAATGGTGGGCCAGAGCAT"	4	3	0	3
"CCAGCCGGAA---------GCCAGAGCAT"	"CCAGCCGGAATGGTTGGGCGCCAGAGCAT"	1	0	0	0
"CCAGCCGGAA------GCCAGAGCAT"	"CCAGCCGGAATGGTTTGCCAGAGCAT"	1	0	0	0
"CCAGCCGGAA---GCCAGAGCAT"	"CCAGCCGGAATGNGCCAGAGCAT"	0	1	0	4
"CCAGCCGGAA--------GCCAGAGCAT"	"CCAGCCGGAATGNGCTTGGCCAGAGCAT"	0	0	1	0
"CCAGCCGGAA-----GCCAGAGCAT"	"CCAGCCGGAATGNTTGCCAGAGCAT"	0	1	0	0
"CCAGCCGGAA------GCCAGAGCAT"	"CCAGCCGGAATGNTTTGCCAGAGCAT"	0	1	0	0
"CCAGCCGGAA--------GCCAGAGCAT"	"CCAGCCGGAATGTACTTGGCCAGAGCAT"	0	0	2	0
"CCAGCCGGAA--------GCCAGAGCAT"	"CCAGCCGGAATGTCCTTGGCCAGAGCAT"	0	0	1	0
"CCAGCCGGAA------GCCAGAGCAT"	"CCAGCCGGAATGTCGGGCCAGAGCAT"	0	1	0	0
"CCAGCCGGAA--------GCCAGAGCAT"	"CCAGCCGGAATGTGCCTGGCCAGAGCAT"	0	0	1	0
"CCAGCCGGAA--------GCCAGAGCAT"	"CCAGCCGGAATGTGCGTGGCCAGAGCAT"	0	0	1	0
"CCAGCCGGAA--------GCCAGAGCAT"	"CCAGCCGGAATGTGCTAGGCCAGAGCAT"	0	0	4	0
"CCAGCCGGAA--------GCCAGAGCAT"	"CCAGCCGGAATGTGCTGGGCCAGAGCAT"	0	0	2	0
"CCAGCCGGAA--------GCCAGAGCAT"	"CCAGCCGGAATGTGCTTGGCCAGAGCAT"	1	2	1577	0
"CCAGCCGGAA--------GCCAGAGCAT"	"CCAGCCGGAATGTGCTTTGCCAGAGCAT"	0	0	2	0
"CCAGCCGGAA----GCCAGAGCAT"	"CCAGCCGGAATGTGGCCAGAGCAT"	310	0	0	0
"CCAGCCGGAA--------GCCAGAGCAT"	"CCAGCCGGAATGTGGTTGGCCAGAGCAT"	0	0	2	0
"CCAGCCGGAA------GCCAGAGCAT"	"CCAGCCGGAATGTTAGGCCAGAGCAT"	0	1	0	0
"CCAGCCGGAA--------GCCAGAGCAT"	"CCAGCCGGAATGTTCTTGGCCAGAGCAT"	0	0	1	0
"CCAGCCGGAA------GCCAGAGCAT"	"CCAGCCGGAATGTTGGGCCAGAGCAT"	0	0	0	1
"CCAGCCGGAA-----GCCAGAGCAT"	"CCAGCCGGAATGTTTGCCAGAGCAT"	2	2	0	1
"CCAGCCGGAA----------GCCAGAGCAT"	"CCAGCCGGAATGTTTGCTTGGCCAGAGCAT"	0	0	0	1
"CCAGCCGGAA------GCCAGAGCAT"	"CCAGCCGGAATNCTTGGCCAGAGCAT"	0	0	0	1
"CCAGCCGGAA-----GCCAGAGCAT"	"CCAGCCGGAATTACTGCCAGAGCAT"	0	0	0	5
"CCAGCCGGAA-------GCCAGAGCAT"	"CCAGCCGGAATTACTTGGCCAGAGCAT"	1	0	0	0
"CCAGCCGGAA----GCCAGAGCAT"	"CCAGCCGGAATTAGGCCAGAGCAT"	4	0	0	1
"CCAGCCGGAA----GCCAGAGCAT"	"CCAGCCGGAATTATGCCAGAGCAT"	3	3	0	1
"CCAGCCGGAA-----GCCAGAGCAT"	"CCAGCCGGAATTATTGCCAGAGCAT"	1	0	0	0
"CCAGCCGGAA-------GCCAGAGCAT"	"CCAGCCGGAATTCCTTGGCCAGAGCAT"	0	0	0	1
"CCAGCCGGAA------GCCAGAGCAT"	"CCAGCCGGAATTCGTGGCCAGAGCAT"	2	1	0	0
"CCAGCCGGAA------GCCAGAGCAT"	"CCAGCCGGAATTCTAGGCCAGAGCAT"	0	0	1	0
"CCAGCCGGAA------GCCAGAGCAT"	"CCAGCCGGAATTCTCGGCCAGAGCAT"	0	1	0	2
"CCAGCCGGAA----GCCAGAGCAT"	"CCAGCCGGAATTCTGCCAGAGCAT"	3	0	0	0
"CCAGCCGGAA------GCCAGAGCAT"	"CCAGCCGGAATTCTGGGCCAGAGCAT"	1	1	0	0
"CCAGCCGGAA------GCCAGAGCAT"	"CCAGCCGGAATTCTTCGCCAGAGCAT"	0	1	0	0
"CCAGCCGGAA-----GCCAGAGCAT"	"CCAGCCGGAATTCTTGCCAGAGCAT"	1	1	0	1
"CCAGCCGGAA-------GCCAGAGCAT"	"CCAGCCGGAATTCTTGGGCCAGAGCAT"	0	2	0	0
"CCAGCCGGAA----------GCCAGAGCAT"	"CCAGCCGGAATTCTTGGGGGGCCAGAGCAT"	0	1	0	0
"CCAGCCGGAA-------GCCAGAGCAT"	"CCAGCCGGAATTGATTGGCCAGAGCAT"	5	2	0	0
"CCAGCCGGAA-------GCCAGAGCAT"	"CCAGCCGGAATTGCCTGGCCAGAGCAT"	0	1	0	0
"CCAGCCGGAA-----GCCAGAGCAT"	"CCAGCCGGAATTGCTGCCAGAGCAT"	1	3	0	185
"CCAGCCGGAA------GCCAGAGCAT"	"CCAGCCGGAATTGCTGGCCAGAGCAT"	0	0	2	0
"CCAGCCGGAA-------GCCAGAGCAT"	"CCAGCCGGAATTGCTGGGCCAGAGCAT"	1	0	0	2
"CCAGCCGGAA-------GCCAGAGCAT"	"CCAGCCGGAATTGCTTCGCCAGAGCAT"	0	0	0	1
"CCAGCCGGAA----GCCAGAGCAT"	"CCAGCCGGAATTGGGCCAGAGCAT"	0	1	0	0
"CCAGCCGGAA-----GCCAGAGCAT"	"CCAGCCGGAATTGGTGCCAGAGCAT"	0	0	0	1
"CCAGCCGGAA-------GCCAGAGCAT"	"CCAGCCGGAATTGGTTGGCCAGAGCAT"	4	5	0	1
"CCAGCCGGAA----GCCAGAGCAT"	"CCAGCCGGAATTGTGCCAGAGCAT"	0	1	0	1
"CCAGCCGGAA------GCCAGAGCAT"	"CCAGCCGGAATTGTTGGCCAGAGCAT"	0	1	993	0
"CCAGCCGGAA-------GCCAGAGCAT"	"CCAGCCGGAATTGTTTGGCCAGAGCAT"	2	1	0	0
"CCAGCCGGAA---GCCAGAGCAT"	"CCAGCCGGAATTNGCCAGAGCAT"	0	1	0	2
"CCAGCCGGAA----GCCAGAGCAT"	"CCAGCCGGAATTNTGCCAGAGCAT"	0	0	0	1
"CCAGCCGGAA----GCCAGAGCAT"	"CCAGCCGGAATTTCGCCAGAGCAT"	1	0	2	4
"CCAGCCGGAA-----GCCAGAGCAT"	"CCAGCCGGAATTTCTGCCAGAGCAT"	0	1	0	0
"CCAGCCGGAA--------GCCAGAGCAT"	"CCAGCCGGAATTTGCTTGGCCAGAGCAT"	0	2	3	0
"CCAGCCGGAA-----GCCAGAGCAT"	"CCAGCCGGAATTTGTGCCAGAGCAT"	1	0	0	0
"CCAGCCGGAA----------GCCAGAGCAT"	"CCAGCCGGAATTTGTGCTTGGCCAGAGCAT"	0	0	0	2
"CCAGCCGGAA-----GCCAGAGCAT"	"CCAGCCGGAATTTTCGCCAGAGCAT"	1	0	0	0
"CCAGCCGGAA---------GCCAGAGCAT"	"CCAGCCGGAATTTTGCTTGGCCAGAGCAT"	1	0	0	0
"CCAGCCGGAA----------GCCAGAGCAT"	"CCAGCCGGAATTTTTGCTTGGCCAGAGCAT"	0	0	1	328
"CCAGCCGGAA------GCCAGAGCAT"	"CCAGCCGGAATTTTTGGCCAGAGCAT"	0	1	0	0
"CCAGCCGGAA----------GCCAGAGCAT"	"CCAGCCGGAATTTTTTCTTGGCCAGAGCAT"	0	0	0	1
"CCAGCCGGAA------GCCAGAGCAT"	"CCAGCCGGAATTTTTTGCCAGAGCAT"	1	0	0	0
